<?xml version='1.0' encoding='UTF-8'?>
<gpx version="1.1" creator="https://www.komoot.de" xmlns="http://www.topografix.com/GPX/1/1" xmlns:xsi="http://www.w3.org/2001/XMLSchema-instance" xsi:schemaLocation="http://www.topografix.com/GPX/1/1 http://www.topografix.com/GPX/1/1/gpx.xsd">
  <metadata>
    <name>Coast to Coast Challenge - 10 &amp; 11 oktober 2026 (V30092026)</name>
    <author>
      <link href="https://www.komoot.de">
        <text>komoot</text>
        <type>text/html</type>
      </link>
    </author>
  </metadata>
  <trk>
    <name>Coast to Coast Challenge - 10 &amp; 11 oktober 2026 (V30092026)</name>
    <type>racebike</type>
    <trkseg>
      <trkpt lat="53.337350" lon="6.298840">
        <ele>1.163220</ele>
        <time>2026-10-06T10:30:42.785Z</time>
      </trkpt>
      <trkpt lat="53.337376" lon="6.298878">
        <ele>1.163220</ele>
        <time>2026-10-06T10:30:43.647Z</time>
      </trkpt>
      <trkpt lat="53.337448" lon="6.299055">
        <ele>1.163220</ele>
        <time>2026-10-06T10:30:46.613Z</time>
      </trkpt>
      <trkpt lat="53.337478" lon="6.299281">
        <ele>1.163220</ele>
        <time>2026-10-06T10:30:49.738Z</time>
      </trkpt>
      <trkpt lat="53.337466" lon="6.299918">
        <ele>1.163220</ele>
        <time>2026-10-06T10:30:58.599Z</time>
      </trkpt>
      <trkpt lat="53.337534" lon="6.299938">
        <ele>1.163220</ele>
        <time>2026-10-06T10:31:00.212Z</time>
      </trkpt>
      <trkpt lat="53.337611" lon="6.299210">
        <ele>1.165280</ele>
        <time>2026-10-06T10:31:10.432Z</time>
      </trkpt>
      <trkpt lat="53.337654" lon="6.298799">
        <ele>1.167035</ele>
        <time>2026-10-06T10:31:15.751Z</time>
      </trkpt>
      <trkpt lat="53.337889" lon="6.298985">
        <ele>1.168867</ele>
        <time>2026-10-06T10:31:20.998Z</time>
      </trkpt>
      <trkpt lat="53.337919" lon="6.299009">
        <ele>1.169101</ele>
        <time>2026-10-06T10:31:21.622Z</time>
      </trkpt>
      <trkpt lat="53.338364" lon="6.299361">
        <ele>1.172568</ele>
        <time>2026-10-06T10:31:30.928Z</time>
      </trkpt>
      <trkpt lat="53.338990" lon="6.299876">
        <ele>1.070102</ele>
        <time>2026-10-06T10:31:44.466Z</time>
      </trkpt>
      <trkpt lat="53.339070" lon="6.299942">
        <ele>1.028283</ele>
        <time>2026-10-06T10:31:46.105Z</time>
      </trkpt>
      <trkpt lat="53.338818" lon="6.300420">
        <ele>0.849744</ele>
        <time>2026-10-06T10:31:53.131Z</time>
      </trkpt>
      <trkpt lat="53.338823" lon="6.300623">
        <ele>0.792858</ele>
        <time>2026-10-06T10:31:55.354Z</time>
      </trkpt>
      <trkpt lat="53.339150" lon="6.300721">
        <ele>0.637082</ele>
        <time>2026-10-06T10:32:01.348Z</time>
      </trkpt>
      <trkpt lat="53.339325" lon="6.300732">
        <ele>0.554962</ele>
        <time>2026-10-06T10:32:04.481Z</time>
      </trkpt>
      <trkpt lat="53.339294" lon="6.300131">
        <ele>0.386063</ele>
        <time>2026-10-06T10:32:09.326Z</time>
      </trkpt>
      <trkpt lat="53.339328" lon="6.299990">
        <ele>0.343487</ele>
        <time>2026-10-06T10:32:10.610Z</time>
      </trkpt>
      <trkpt lat="53.339436" lon="6.300043">
        <ele>0.317939</ele>
        <time>2026-10-06T10:32:12.781Z</time>
      </trkpt>
      <trkpt lat="53.339691" lon="6.299940">
        <ele>0.275162</ele>
        <time>2026-10-06T10:32:17.759Z</time>
      </trkpt>
      <trkpt lat="53.339710" lon="6.299934">
        <ele>0.272009</ele>
        <time>2026-10-06T10:32:18.112Z</time>
      </trkpt>
      <trkpt lat="53.339867" lon="6.299896">
        <ele>0.246140</ele>
        <time>2026-10-06T10:32:20.280Z</time>
      </trkpt>
      <trkpt lat="53.339876" lon="6.299894">
        <ele>0.244659</ele>
        <time>2026-10-06T10:32:20.461Z</time>
      </trkpt>
      <trkpt lat="53.340111" lon="6.299900">
        <ele>0.206331</ele>
        <time>2026-10-06T10:32:24.995Z</time>
      </trkpt>
      <trkpt lat="53.340459" lon="6.299812">
        <ele>0.148937</ele>
        <time>2026-10-06T10:32:32.011Z</time>
      </trkpt>
      <trkpt lat="53.340714" lon="6.299744">
        <ele>0.106829</ele>
        <time>2026-10-06T10:32:37.265Z</time>
      </trkpt>
      <trkpt lat="53.341841" lon="6.299467">
        <ele>-0.161684</ele>
        <time>2026-10-06T10:33:00.157Z</time>
      </trkpt>
      <trkpt lat="53.342744" lon="6.299231">
        <ele>-0.415193</ele>
        <time>2026-10-06T10:33:12.444Z</time>
      </trkpt>
      <trkpt lat="53.342888" lon="6.299309">
        <ele>-0.457173</ele>
        <time>2026-10-06T10:33:14.406Z</time>
      </trkpt>
      <trkpt lat="53.342981" lon="6.299296">
        <ele>-0.469343</ele>
        <time>2026-10-06T10:33:15.623Z</time>
      </trkpt>
      <trkpt lat="53.343072" lon="6.299260">
        <ele>-0.479999</ele>
        <time>2026-10-06T10:33:16.839Z</time>
      </trkpt>
      <trkpt lat="53.343174" lon="6.299118">
        <ele>-0.495113</ele>
        <time>2026-10-06T10:33:18.589Z</time>
      </trkpt>
      <trkpt lat="53.343844" lon="6.299012">
        <ele>-0.571805</ele>
        <time>2026-10-06T10:33:27.951Z</time>
      </trkpt>
      <trkpt lat="53.343984" lon="6.299008">
        <ele>-0.587761</ele>
        <time>2026-10-06T10:33:29.984Z</time>
      </trkpt>
      <trkpt lat="53.344410" lon="6.299055">
        <ele>-0.636413</ele>
        <time>2026-10-06T10:33:36.458Z</time>
      </trkpt>
      <trkpt lat="53.344937" lon="6.299218">
        <ele>-0.545068</ele>
        <time>2026-10-06T10:33:45.198Z</time>
      </trkpt>
      <trkpt lat="53.345282" lon="6.299378">
        <ele>-0.395920</ele>
        <time>2026-10-06T10:33:50.974Z</time>
      </trkpt>
      <trkpt lat="53.345296" lon="6.299302">
        <ele>-0.376137</ele>
        <time>2026-10-06T10:33:51.780Z</time>
      </trkpt>
      <trkpt lat="53.345315" lon="6.299206">
        <ele>-0.350981</ele>
        <time>2026-10-06T10:33:52.801Z</time>
      </trkpt>
      <trkpt lat="53.345321" lon="6.299111">
        <ele>-0.327220</ele>
        <time>2026-10-06T10:33:53.777Z</time>
      </trkpt>
      <trkpt lat="53.345276" lon="6.299012">
        <ele>-0.296271</ele>
        <time>2026-10-06T10:33:55.065Z</time>
      </trkpt>
      <trkpt lat="53.345267" lon="6.298739">
        <ele>-0.228264</ele>
        <time>2026-10-06T10:33:57.862Z</time>
      </trkpt>
      <trkpt lat="53.345227" lon="6.298554">
        <ele>-0.179324</ele>
        <time>2026-10-06T10:33:59.859Z</time>
      </trkpt>
      <trkpt lat="53.345200" lon="6.298355">
        <ele>-0.128565</ele>
        <time>2026-10-06T10:34:01.875Z</time>
      </trkpt>
      <trkpt lat="53.345098" lon="6.298045">
        <ele>-0.040523</ele>
        <time>2026-10-06T10:34:05.317Z</time>
      </trkpt>
      <trkpt lat="53.344953" lon="6.297848">
        <ele>0.037263</ele>
        <time>2026-10-06T10:34:08.365Z</time>
      </trkpt>
      <trkpt lat="53.344848" lon="6.297782">
        <ele>0.083988</ele>
        <time>2026-10-06T10:34:10.246Z</time>
      </trkpt>
      <trkpt lat="53.344732" lon="6.297759">
        <ele>0.136288</ele>
        <time>2026-10-06T10:34:12.191Z</time>
      </trkpt>
      <trkpt lat="53.344580" lon="6.297770">
        <ele>0.204471</ele>
        <time>2026-10-06T10:34:14.688Z</time>
      </trkpt>
      <trkpt lat="53.343140" lon="6.298350">
        <ele>0.868207</ele>
        <time>2026-10-06T10:34:39.509Z</time>
      </trkpt>
      <trkpt lat="53.342960" lon="6.298390">
        <ele>0.894680</ele>
        <time>2026-10-06T10:34:42.547Z</time>
      </trkpt>
      <trkpt lat="53.342780" lon="6.298390">
        <ele>0.900131</ele>
        <time>2026-10-06T10:34:45.498Z</time>
      </trkpt>
      <trkpt lat="53.342578" lon="6.298341">
        <ele>0.906313</ele>
        <time>2026-10-06T10:34:48.738Z</time>
      </trkpt>
      <trkpt lat="53.342296" lon="6.298140">
        <ele>0.915594</ele>
        <time>2026-10-06T10:34:53.387Z</time>
      </trkpt>
      <trkpt lat="53.342087" lon="6.297890">
        <ele>0.923371</ele>
        <time>2026-10-06T10:34:57.190Z</time>
      </trkpt>
      <trkpt lat="53.341987" lon="6.297692">
        <ele>0.928060</ele>
        <time>2026-10-06T10:34:59.446Z</time>
      </trkpt>
      <trkpt lat="53.341881" lon="6.297400">
        <ele>0.934239</ele>
        <time>2026-10-06T10:35:02.386Z</time>
      </trkpt>
      <trkpt lat="53.341738" lon="6.296722">
        <ele>0.911620</ele>
        <time>2026-10-06T10:35:08.485Z</time>
      </trkpt>
      <trkpt lat="53.341217" lon="6.294209">
        <ele>0.131678</ele>
        <time>2026-10-06T10:35:29.528Z</time>
      </trkpt>
      <trkpt lat="53.341051" lon="6.293410">
        <ele>-0.418263</ele>
        <time>2026-10-06T10:35:36.146Z</time>
      </trkpt>
      <trkpt lat="53.340866" lon="6.292697">
        <ele>-1.032194</ele>
        <time>2026-10-06T10:35:41.685Z</time>
      </trkpt>
      <trkpt lat="53.340764" lon="6.292300">
        <ele>-1.373503</ele>
        <time>2026-10-06T10:35:44.648Z</time>
      </trkpt>
      <trkpt lat="53.340703" lon="6.291943">
        <ele>-1.666747</ele>
        <time>2026-10-06T10:35:47.149Z</time>
      </trkpt>
      <trkpt lat="53.340696" lon="6.291648">
        <ele>-1.899895</ele>
        <time>2026-10-06T10:35:49.109Z</time>
      </trkpt>
      <trkpt lat="53.340746" lon="6.291246">
        <ele>-2.224174</ele>
        <time>2026-10-06T10:35:51.802Z</time>
      </trkpt>
      <trkpt lat="53.340834" lon="6.290953">
        <ele>-2.480703</ele>
        <time>2026-10-06T10:35:53.932Z</time>
      </trkpt>
      <trkpt lat="53.341433" lon="6.289614">
        <ele>-3.782256</ele>
        <time>2026-10-06T10:36:05.161Z</time>
      </trkpt>
      <trkpt lat="53.341771" lon="6.288666">
        <ele>-4.641185</ele>
        <time>2026-10-06T10:36:13.514Z</time>
      </trkpt>
      <trkpt lat="53.341960" lon="6.288014">
        <ele>-4.661605</ele>
        <time>2026-10-06T10:36:19.616Z</time>
      </trkpt>
      <trkpt lat="53.342169" lon="6.287146">
        <ele>-4.662986</ele>
        <time>2026-10-06T10:36:28.165Z</time>
      </trkpt>
      <trkpt lat="53.342790" lon="6.283170">
        <ele>-4.132714</ele>
        <time>2026-10-06T10:37:07.212Z</time>
      </trkpt>
      <trkpt lat="53.342872" lon="6.282778">
        <ele>-4.026759</ele>
        <time>2026-10-06T10:37:11.271Z</time>
      </trkpt>
      <trkpt lat="53.343036" lon="6.282236">
        <ele>-3.796210</ele>
        <time>2026-10-06T10:37:17.308Z</time>
      </trkpt>
      <trkpt lat="53.344465" lon="6.278462">
        <ele>-2.254594</ele>
        <time>2026-10-06T10:38:04.703Z</time>
      </trkpt>
      <trkpt lat="53.345347" lon="6.275978">
        <ele>-2.051335</ele>
        <time>2026-10-06T10:38:30.549Z</time>
      </trkpt>
      <trkpt lat="53.346013" lon="6.273961">
        <ele>-2.167012</ele>
        <time>2026-10-06T10:38:49.642Z</time>
      </trkpt>
      <trkpt lat="53.346173" lon="6.273396">
        <ele>-2.209903</ele>
        <time>2026-10-06T10:38:54.975Z</time>
      </trkpt>
      <trkpt lat="53.346444" lon="6.271766">
        <ele>-2.171283</ele>
        <time>2026-10-06T10:39:10.269Z</time>
      </trkpt>
      <trkpt lat="53.346560" lon="6.271170">
        <ele>-2.070343</ele>
        <time>2026-10-06T10:39:16.228Z</time>
      </trkpt>
      <trkpt lat="53.346670" lon="6.270740">
        <ele>-1.995015</ele>
        <time>2026-10-06T10:39:20.783Z</time>
      </trkpt>
      <trkpt lat="53.346894" lon="6.270007">
        <ele>-1.862423</ele>
        <time>2026-10-06T10:39:28.849Z</time>
      </trkpt>
      <trkpt lat="53.347184" lon="6.269296">
        <ele>-1.751610</ele>
        <time>2026-10-06T10:39:37.158Z</time>
      </trkpt>
      <trkpt lat="53.347645" lon="6.268463">
        <ele>-1.640597</ele>
        <time>2026-10-06T10:39:47.789Z</time>
      </trkpt>
      <trkpt lat="53.348137" lon="6.267769">
        <ele>-1.535295</ele>
        <time>2026-10-06T10:39:57.544Z</time>
      </trkpt>
      <trkpt lat="53.348582" lon="6.267293">
        <ele>-1.512510</ele>
        <time>2026-10-06T10:40:05.308Z</time>
      </trkpt>
      <trkpt lat="53.348933" lon="6.266997">
        <ele>-1.528027</ele>
        <time>2026-10-06T10:40:11.066Z</time>
      </trkpt>
      <trkpt lat="53.349482" lon="6.266651">
        <ele>-1.551188</ele>
        <time>2026-10-06T10:40:19.695Z</time>
      </trkpt>
      <trkpt lat="53.350988" lon="6.266091">
        <ele>-1.658541</ele>
        <time>2026-10-06T10:40:42.004Z</time>
      </trkpt>
      <trkpt lat="53.354182" lon="6.264884">
        <ele>-1.764010</ele>
        <time>2026-10-06T10:41:30.115Z</time>
      </trkpt>
      <trkpt lat="53.354922" lon="6.264562">
        <ele>-1.749121</ele>
        <time>2026-10-06T10:41:41.566Z</time>
      </trkpt>
      <trkpt lat="53.355284" lon="6.264344">
        <ele>-1.741641</ele>
        <time>2026-10-06T10:41:47.379Z</time>
      </trkpt>
      <trkpt lat="53.355730" lon="6.264019">
        <ele>-1.732252</ele>
        <time>2026-10-06T10:41:54.721Z</time>
      </trkpt>
      <trkpt lat="53.356061" lon="6.263677">
        <ele>-1.724745</ele>
        <time>2026-10-06T10:42:00.596Z</time>
      </trkpt>
      <trkpt lat="53.357129" lon="6.262424">
        <ele>-1.723258</ele>
        <time>2026-10-06T10:42:19.895Z</time>
      </trkpt>
      <trkpt lat="53.357746" lon="6.261856">
        <ele>-1.747156</ele>
        <time>2026-10-06T10:42:30.013Z</time>
      </trkpt>
      <trkpt lat="53.358191" lon="6.261547">
        <ele>-1.763508</ele>
        <time>2026-10-06T10:42:36.871Z</time>
      </trkpt>
      <trkpt lat="53.359275" lon="6.261085">
        <ele>-1.588666</ele>
        <time>2026-10-06T10:42:53.901Z</time>
      </trkpt>
      <trkpt lat="53.359831" lon="6.261005">
        <ele>-1.482638</ele>
        <time>2026-10-06T10:43:03.015Z</time>
      </trkpt>
      <trkpt lat="53.360193" lon="6.261002">
        <ele>-1.417774</ele>
        <time>2026-10-06T10:43:08.897Z</time>
      </trkpt>
      <trkpt lat="53.360231" lon="6.261093">
        <ele>-1.408802</ele>
        <time>2026-10-06T10:43:10.003Z</time>
      </trkpt>
      <trkpt lat="53.360802" lon="6.261067">
        <ele>-1.331482</ele>
        <time>2026-10-06T10:43:19.129Z</time>
      </trkpt>
      <trkpt lat="53.360917" lon="6.261053">
        <ele>-1.315874</ele>
        <time>2026-10-06T10:43:20.916Z</time>
      </trkpt>
      <trkpt lat="53.361433" lon="6.260990">
        <ele>-1.245842</ele>
        <time>2026-10-06T10:43:28.720Z</time>
      </trkpt>
      <trkpt lat="53.361446" lon="6.260877">
        <ele>-1.236546</ele>
        <time>2026-10-06T10:43:29.695Z</time>
      </trkpt>
      <trkpt lat="53.361453" lon="6.260696">
        <ele>-1.221894</ele>
        <time>2026-10-06T10:43:31.290Z</time>
      </trkpt>
      <trkpt lat="53.362258" lon="6.260596">
        <ele>-1.188698</ele>
        <time>2026-10-06T10:43:43.090Z</time>
      </trkpt>
      <trkpt lat="53.364481" lon="6.260321">
        <ele>-1.215704</ele>
        <time>2026-10-06T10:44:16.328Z</time>
      </trkpt>
      <trkpt lat="53.364481" lon="6.260108">
        <ele>-1.217788</ele>
        <time>2026-10-06T10:44:18.194Z</time>
      </trkpt>
      <trkpt lat="53.364519" lon="6.259927">
        <ele>-1.219665</ele>
        <time>2026-10-06T10:44:19.872Z</time>
      </trkpt>
      <trkpt lat="53.364591" lon="6.259721">
        <ele>-1.222001</ele>
        <time>2026-10-06T10:44:21.943Z</time>
      </trkpt>
      <trkpt lat="53.364745" lon="6.259448">
        <ele>-1.225677</ele>
        <time>2026-10-06T10:44:25.187Z</time>
      </trkpt>
      <trkpt lat="53.364795" lon="6.259221">
        <ele>-1.228044</ele>
        <time>2026-10-06T10:44:27.279Z</time>
      </trkpt>
      <trkpt lat="53.364825" lon="6.256140">
        <ele>-1.398951</ele>
        <time>2026-10-06T10:44:53.711Z</time>
      </trkpt>
      <trkpt lat="53.364871" lon="6.254503">
        <ele>-1.485899</ele>
        <time>2026-10-06T10:45:08.068Z</time>
      </trkpt>
      <trkpt lat="53.364959" lon="6.252369">
        <ele>-1.603817</ele>
        <time>2026-10-06T10:45:26.627Z</time>
      </trkpt>
      <trkpt lat="53.365032" lon="6.251163">
        <ele>-1.676622</ele>
        <time>2026-10-06T10:45:37.065Z</time>
      </trkpt>
      <trkpt lat="53.364993" lon="6.250799">
        <ele>-1.698834</ele>
        <time>2026-10-06T10:45:40.212Z</time>
      </trkpt>
      <trkpt lat="53.364792" lon="6.250305">
        <ele>-1.734745</ele>
        <time>2026-10-06T10:45:45.352Z</time>
      </trkpt>
      <trkpt lat="53.364771" lon="6.250185">
        <ele>-1.742256</ele>
        <time>2026-10-06T10:45:46.395Z</time>
      </trkpt>
      <trkpt lat="53.364773" lon="6.249921">
        <ele>-1.760017</ele>
        <time>2026-10-06T10:45:48.631Z</time>
      </trkpt>
      <trkpt lat="53.365873" lon="6.241957">
        <ele>-2.135986</ele>
        <time>2026-10-06T10:46:58.757Z</time>
      </trkpt>
      <trkpt lat="53.366078" lon="6.240583">
        <ele>-1.980314</ele>
        <time>2026-10-06T10:47:12.614Z</time>
      </trkpt>
      <trkpt lat="53.366183" lon="6.240145">
        <ele>-1.889691</ele>
        <time>2026-10-06T10:47:17.355Z</time>
      </trkpt>
      <trkpt lat="53.366322" lon="6.239834">
        <ele>-1.815090</ele>
        <time>2026-10-06T10:47:21.251Z</time>
      </trkpt>
      <trkpt lat="53.366467" lon="6.239591">
        <ele>-1.749113</ele>
        <time>2026-10-06T10:47:24.636Z</time>
      </trkpt>
      <trkpt lat="53.366808" lon="6.239277">
        <ele>-1.623925</ele>
        <time>2026-10-06T10:47:30.916Z</time>
      </trkpt>
      <trkpt lat="53.367097" lon="6.239173">
        <ele>-1.547956</ele>
        <time>2026-10-06T10:47:35.557Z</time>
      </trkpt>
      <trkpt lat="53.368628" lon="6.239007">
        <ele>-1.454015</ele>
        <time>2026-10-06T10:47:58.505Z</time>
      </trkpt>
      <trkpt lat="53.368927" lon="6.238816">
        <ele>-1.442853</ele>
        <time>2026-10-06T10:48:03.167Z</time>
      </trkpt>
      <trkpt lat="53.369194" lon="6.238449">
        <ele>-1.444278</ele>
        <time>2026-10-06T10:48:08.233Z</time>
      </trkpt>
      <trkpt lat="53.369320" lon="6.238265">
        <ele>-1.444968</ele>
        <time>2026-10-06T10:48:10.682Z</time>
      </trkpt>
      <trkpt lat="53.369785" lon="6.237537">
        <ele>-1.447596</ele>
        <time>2026-10-06T10:48:20.075Z</time>
      </trkpt>
      <trkpt lat="53.370027" lon="6.237283">
        <ele>-1.448775</ele>
        <time>2026-10-06T10:48:24.320Z</time>
      </trkpt>
      <trkpt lat="53.370165" lon="6.237213">
        <ele>-1.449370</ele>
        <time>2026-10-06T10:48:26.486Z</time>
      </trkpt>
      <trkpt lat="53.370335" lon="6.237157">
        <ele>-1.447477</ele>
        <time>2026-10-06T10:48:29.125Z</time>
      </trkpt>
      <trkpt lat="53.373764" lon="6.237045">
        <ele>-1.400000</ele>
        <time>2026-10-06T10:49:19.976Z</time>
      </trkpt>
      <trkpt lat="53.374390" lon="6.236974">
        <ele>-1.390113</ele>
        <time>2026-10-06T10:49:29.347Z</time>
      </trkpt>
      <trkpt lat="53.374662" lon="6.236865">
        <ele>-1.385009</ele>
        <time>2026-10-06T10:49:33.599Z</time>
      </trkpt>
      <trkpt lat="53.375102" lon="6.236604">
        <ele>-1.376493</ele>
        <time>2026-10-06T10:49:40.715Z</time>
      </trkpt>
      <trkpt lat="53.375255" lon="6.236486">
        <ele>-1.373420</ele>
        <time>2026-10-06T10:49:43.242Z</time>
      </trkpt>
      <trkpt lat="53.375572" lon="6.236152">
        <ele>-1.368981</ele>
        <time>2026-10-06T10:49:48.836Z</time>
      </trkpt>
      <trkpt lat="53.375763" lon="6.236596">
        <ele>-1.387101</ele>
        <time>2026-10-06T10:49:53.615Z</time>
      </trkpt>
      <trkpt lat="53.375928" lon="6.236760">
        <ele>-1.397746</ele>
        <time>2026-10-06T10:49:56.381Z</time>
      </trkpt>
      <trkpt lat="53.376088" lon="6.236791">
        <ele>-1.406683</ele>
        <time>2026-10-06T10:49:58.692Z</time>
      </trkpt>
      <trkpt lat="53.376643" lon="6.236736">
        <ele>-1.437533</ele>
        <time>2026-10-06T10:50:06.655Z</time>
      </trkpt>
      <trkpt lat="53.376923" lon="6.236778">
        <ele>-1.453133</ele>
        <time>2026-10-06T10:50:10.711Z</time>
      </trkpt>
      <trkpt lat="53.377223" lon="6.236920">
        <ele>-1.459011</ele>
        <time>2026-10-06T10:50:15.267Z</time>
      </trkpt>
      <trkpt lat="53.378580" lon="6.237936">
        <ele>-1.268094</ele>
        <time>2026-10-06T10:50:38.137Z</time>
      </trkpt>
      <trkpt lat="53.379024" lon="6.238206">
        <ele>-1.173106</ele>
        <time>2026-10-06T10:50:45.475Z</time>
      </trkpt>
      <trkpt lat="53.379457" lon="6.238368">
        <ele>-1.047519</ele>
        <time>2026-10-06T10:50:52.441Z</time>
      </trkpt>
      <trkpt lat="53.379863" lon="6.238462">
        <ele>-0.931501</ele>
        <time>2026-10-06T10:50:58.931Z</time>
      </trkpt>
      <trkpt lat="53.380302" lon="6.238513">
        <ele>-0.806934</ele>
        <time>2026-10-06T10:51:06.050Z</time>
      </trkpt>
      <trkpt lat="53.380688" lon="6.238490">
        <ele>-0.692895</ele>
        <time>2026-10-06T10:51:12.477Z</time>
      </trkpt>
      <trkpt lat="53.381065" lon="6.238431">
        <ele>-0.568442</ele>
        <time>2026-10-06T10:51:18.871Z</time>
      </trkpt>
      <trkpt lat="53.382031" lon="6.238189">
        <ele>-0.247404</ele>
        <time>2026-10-06T10:51:34.824Z</time>
      </trkpt>
      <trkpt lat="53.383750" lon="6.237710">
        <ele>-0.175143</ele>
        <time>2026-10-06T10:52:00.961Z</time>
      </trkpt>
      <trkpt lat="53.384107" lon="6.237495">
        <ele>-0.185840</ele>
        <time>2026-10-06T10:52:06.452Z</time>
      </trkpt>
      <trkpt lat="53.384625" lon="6.237056">
        <ele>-0.454276</ele>
        <time>2026-10-06T10:52:14.416Z</time>
      </trkpt>
      <trkpt lat="53.384813" lon="6.236976">
        <ele>-0.546508</ele>
        <time>2026-10-06T10:52:16.998Z</time>
      </trkpt>
      <trkpt lat="53.384976" lon="6.236965">
        <ele>-0.624080</ele>
        <time>2026-10-06T10:52:19.108Z</time>
      </trkpt>
      <trkpt lat="53.385110" lon="6.236997">
        <ele>-0.688442</ele>
        <time>2026-10-06T10:52:20.830Z</time>
      </trkpt>
      <trkpt lat="53.385325" lon="6.237113">
        <ele>-0.795841</ele>
        <time>2026-10-06T10:52:23.666Z</time>
      </trkpt>
      <trkpt lat="53.385610" lon="6.237346">
        <ele>-0.946615</ele>
        <time>2026-10-06T10:52:27.759Z</time>
      </trkpt>
      <trkpt lat="53.385841" lon="6.237443">
        <ele>-1.047434</ele>
        <time>2026-10-06T10:52:30.904Z</time>
      </trkpt>
      <trkpt lat="53.385915" lon="6.236737">
        <ele>-1.112411</ele>
        <time>2026-10-06T10:52:36.612Z</time>
      </trkpt>
      <trkpt lat="53.386417" lon="6.236850">
        <ele>-1.189391</ele>
        <time>2026-10-06T10:52:43.733Z</time>
      </trkpt>
      <trkpt lat="53.386613" lon="6.236854">
        <ele>-1.219182</ele>
        <time>2026-10-06T10:52:46.581Z</time>
      </trkpt>
      <trkpt lat="53.388126" lon="6.236421">
        <ele>-1.178905</ele>
        <time>2026-10-06T10:53:10.374Z</time>
      </trkpt>
      <trkpt lat="53.388789" lon="6.236358">
        <ele>-1.079031</ele>
        <time>2026-10-06T10:53:20.629Z</time>
      </trkpt>
      <trkpt lat="53.389733" lon="6.236383">
        <ele>-0.991962</ele>
        <time>2026-10-06T10:53:35.429Z</time>
      </trkpt>
      <trkpt lat="53.390507" lon="6.236359">
        <ele>-0.935066</ele>
        <time>2026-10-06T10:53:47.074Z</time>
      </trkpt>
      <trkpt lat="53.390584" lon="6.236389">
        <ele>-0.929256</ele>
        <time>2026-10-06T10:53:48.207Z</time>
      </trkpt>
      <trkpt lat="53.390670" lon="6.236480">
        <ele>-0.921782</ele>
        <time>2026-10-06T10:53:49.649Z</time>
      </trkpt>
      <trkpt lat="53.390940" lon="6.236911">
        <ele>-0.950252</ele>
        <time>2026-10-06T10:53:54.825Z</time>
      </trkpt>
      <trkpt lat="53.391020" lon="6.236971">
        <ele>-0.963942</ele>
        <time>2026-10-06T10:53:56.036Z</time>
      </trkpt>
      <trkpt lat="53.391101" lon="6.236982">
        <ele>-0.976636</ele>
        <time>2026-10-06T10:53:57.154Z</time>
      </trkpt>
      <trkpt lat="53.391398" lon="6.236885">
        <ele>-1.023903</ele>
        <time>2026-10-06T10:54:01.333Z</time>
      </trkpt>
      <trkpt lat="53.391507" lon="6.236796">
        <ele>-1.042841</ele>
        <time>2026-10-06T10:54:02.998Z</time>
      </trkpt>
      <trkpt lat="53.391769" lon="6.236162">
        <ele>-1.114696</ele>
        <time>2026-10-06T10:54:09.417Z</time>
      </trkpt>
      <trkpt lat="53.391842" lon="6.236067">
        <ele>-1.129130</ele>
        <time>2026-10-06T10:54:10.720Z</time>
      </trkpt>
      <trkpt lat="53.393130" lon="6.235643">
        <ele>-1.118584</ele>
        <time>2026-10-06T10:54:30.752Z</time>
      </trkpt>
      <trkpt lat="53.393501" lon="6.235512">
        <ele>-1.087218</ele>
        <time>2026-10-06T10:54:36.770Z</time>
      </trkpt>
      <trkpt lat="53.395122" lon="6.234960">
        <ele>-1.197288</ele>
        <time>2026-10-06T10:55:01.083Z</time>
      </trkpt>
      <trkpt lat="53.395354" lon="6.234874">
        <ele>-1.229236</ele>
        <time>2026-10-06T10:55:04.258Z</time>
      </trkpt>
      <trkpt lat="53.395538" lon="6.234757">
        <ele>-1.255696</ele>
        <time>2026-10-06T10:55:06.922Z</time>
      </trkpt>
      <trkpt lat="53.395679" lon="6.234700">
        <ele>-1.275198</ele>
        <time>2026-10-06T10:55:08.919Z</time>
      </trkpt>
      <trkpt lat="53.395804" lon="6.234724">
        <ele>-1.287052</ele>
        <time>2026-10-06T10:55:10.670Z</time>
      </trkpt>
      <trkpt lat="53.395897" lon="6.234786">
        <ele>-1.288842</ele>
        <time>2026-10-06T10:55:12.069Z</time>
      </trkpt>
      <trkpt lat="53.395915" lon="6.234642">
        <ele>-1.290410</ele>
        <time>2026-10-06T10:55:13.292Z</time>
      </trkpt>
      <trkpt lat="53.395949" lon="6.234529">
        <ele>-1.291760</ele>
        <time>2026-10-06T10:55:14.359Z</time>
      </trkpt>
      <trkpt lat="53.396023" lon="6.234283">
        <ele>-1.294697</ele>
        <time>2026-10-06T10:55:16.652Z</time>
      </trkpt>
      <trkpt lat="53.396370" lon="6.233510">
        <ele>-1.305012</ele>
        <time>2026-10-06T10:55:24.951Z</time>
      </trkpt>
      <trkpt lat="53.396490" lon="6.233130">
        <ele>-1.309597</ele>
        <time>2026-10-06T10:55:28.780Z</time>
      </trkpt>
      <trkpt lat="53.396622" lon="6.232581">
        <ele>-1.315907</ele>
        <time>2026-10-06T10:55:34.505Z</time>
      </trkpt>
      <trkpt lat="53.396936" lon="6.231323">
        <ele>-1.003245</ele>
        <time>2026-10-06T10:55:47.644Z</time>
      </trkpt>
      <trkpt lat="53.397249" lon="6.230064">
        <ele>-0.621677</ele>
        <time>2026-10-06T10:56:01.334Z</time>
      </trkpt>
      <trkpt lat="53.397458" lon="6.229235">
        <ele>-0.410633</ele>
        <time>2026-10-06T10:56:10.856Z</time>
      </trkpt>
      <trkpt lat="53.397773" lon="6.227972">
        <ele>-0.176625</ele>
        <time>2026-10-06T10:56:24.669Z</time>
      </trkpt>
      <trkpt lat="53.398040" lon="6.226900">
        <ele>0.021954</ele>
        <time>2026-10-06T10:56:35.246Z</time>
      </trkpt>
      <trkpt lat="53.398889" lon="6.223485">
        <ele>-0.872441</ele>
        <time>2026-10-06T10:57:04.443Z</time>
      </trkpt>
      <trkpt lat="53.399283" lon="6.221990">
        <ele>-1.276051</ele>
        <time>2026-10-06T10:57:17.298Z</time>
      </trkpt>
      <trkpt lat="53.399464" lon="6.221539">
        <ele>-1.410292</ele>
        <time>2026-10-06T10:57:21.751Z</time>
      </trkpt>
      <trkpt lat="53.399701" lon="6.221095">
        <ele>-1.429607</ele>
        <time>2026-10-06T10:57:26.800Z</time>
      </trkpt>
      <trkpt lat="53.399863" lon="6.220853">
        <ele>-1.378251</ele>
        <time>2026-10-06T10:57:29.978Z</time>
      </trkpt>
      <trkpt lat="53.400221" lon="6.220490">
        <ele>-1.279219</ele>
        <time>2026-10-06T10:57:36.542Z</time>
      </trkpt>
      <trkpt lat="53.401003" lon="6.219928">
        <ele>-1.077820</ele>
        <time>2026-10-06T10:57:50.755Z</time>
      </trkpt>
      <trkpt lat="53.401183" lon="6.219801">
        <ele>-1.036409</ele>
        <time>2026-10-06T10:57:54.108Z</time>
      </trkpt>
      <trkpt lat="53.401631" lon="6.219458">
        <ele>-0.949827</ele>
        <time>2026-10-06T10:58:02.292Z</time>
      </trkpt>
      <trkpt lat="53.401784" lon="6.219296">
        <ele>-0.918016</ele>
        <time>2026-10-06T10:58:05.198Z</time>
      </trkpt>
      <trkpt lat="53.402043" lon="6.218941">
        <ele>-0.859210</ele>
        <time>2026-10-06T10:58:10.501Z</time>
      </trkpt>
      <trkpt lat="53.402199" lon="6.218624">
        <ele>-0.816124</ele>
        <time>2026-10-06T10:58:14.099Z</time>
      </trkpt>
      <trkpt lat="53.402276" lon="6.218713">
        <ele>-0.799684</ele>
        <time>2026-10-06T10:58:15.418Z</time>
      </trkpt>
      <trkpt lat="53.402321" lon="6.218479">
        <ele>-0.773912</ele>
        <time>2026-10-06T10:58:19.390Z</time>
      </trkpt>
      <trkpt lat="53.402623" lon="6.217517">
        <ele>-0.716748</ele>
        <time>2026-10-06T10:58:36.831Z</time>
      </trkpt>
      <trkpt lat="53.402846" lon="6.216806">
        <ele>-0.697052</ele>
        <time>2026-10-06T10:58:49.924Z</time>
      </trkpt>
      <trkpt lat="53.402962" lon="6.216288">
        <ele>-0.683487</ele>
        <time>2026-10-06T10:58:59.234Z</time>
      </trkpt>
      <trkpt lat="53.402921" lon="6.216255">
        <ele>-0.681617</ele>
        <time>2026-10-06T10:59:00.488Z</time>
      </trkpt>
      <trkpt lat="53.402821" lon="6.216173">
        <ele>-0.677040</ele>
        <time>2026-10-06T10:59:03.749Z</time>
      </trkpt>
      <trkpt lat="53.403076" lon="6.215207">
        <ele>-0.618365</ele>
        <time>2026-10-06T10:59:17.331Z</time>
      </trkpt>
      <trkpt lat="53.403191" lon="6.214935">
        <ele>-0.580372</ele>
        <time>2026-10-06T10:59:21.681Z</time>
      </trkpt>
      <trkpt lat="53.403313" lon="6.214507">
        <ele>-0.526318</ele>
        <time>2026-10-06T10:59:27.945Z</time>
      </trkpt>
      <trkpt lat="53.403566" lon="6.213647">
        <ele>-0.417050</ele>
        <time>2026-10-06T10:59:40.036Z</time>
      </trkpt>
      <trkpt lat="53.403789" lon="6.213096">
        <ele>-0.341171</ele>
        <time>2026-10-06T10:59:48.114Z</time>
      </trkpt>
      <trkpt lat="53.403939" lon="6.212824">
        <ele>-0.337053</ele>
        <time>2026-10-06T10:59:52.510Z</time>
      </trkpt>
      <trkpt lat="53.404551" lon="6.212274">
        <ele>-0.494523</ele>
        <time>2026-10-06T11:00:06.059Z</time>
      </trkpt>
      <trkpt lat="53.405145" lon="6.212019">
        <ele>-0.633586</ele>
        <time>2026-10-06T11:00:17.676Z</time>
      </trkpt>
      <trkpt lat="53.405335" lon="6.211882">
        <ele>-0.680491</ele>
        <time>2026-10-06T11:00:21.592Z</time>
      </trkpt>
      <trkpt lat="53.405378" lon="6.211864">
        <ele>-0.690543</ele>
        <time>2026-10-06T11:00:22.430Z</time>
      </trkpt>
      <trkpt lat="53.405888" lon="6.211754">
        <ele>-0.698205</ele>
        <time>2026-10-06T11:00:32.225Z</time>
      </trkpt>
      <trkpt lat="53.406920" lon="6.211419">
        <ele>-0.623075</ele>
        <time>2026-10-06T11:00:53.677Z</time>
      </trkpt>
      <trkpt lat="53.407004" lon="6.211350">
        <ele>-0.616389</ele>
        <time>2026-10-06T11:00:55.712Z</time>
      </trkpt>
      <trkpt lat="53.407240" lon="6.211047">
        <ele>-0.590272</ele>
        <time>2026-10-06T11:01:02.242Z</time>
      </trkpt>
      <trkpt lat="53.407356" lon="6.210965">
        <ele>-0.509229</ele>
        <time>2026-10-06T11:01:05.031Z</time>
      </trkpt>
      <trkpt lat="53.407439" lon="6.210947">
        <ele>-0.455347</ele>
        <time>2026-10-06T11:01:06.872Z</time>
      </trkpt>
      <trkpt lat="53.407546" lon="6.210969">
        <ele>-0.385942</ele>
        <time>2026-10-06T11:01:09.306Z</time>
      </trkpt>
      <trkpt lat="53.407612" lon="6.210988">
        <ele>-0.342828</ele>
        <time>2026-10-06T11:01:10.832Z</time>
      </trkpt>
      <trkpt lat="53.407679" lon="6.210986">
        <ele>-0.299685</ele>
        <time>2026-10-06T11:01:12.368Z</time>
      </trkpt>
      <trkpt lat="53.407702" lon="6.210938">
        <ele>-0.276049</ele>
        <time>2026-10-06T11:01:13.206Z</time>
      </trkpt>
      <trkpt lat="53.407712" lon="6.210444">
        <ele>-0.086346</ele>
        <time>2026-10-06T11:01:20.096Z</time>
      </trkpt>
      <trkpt lat="53.407791" lon="6.210318">
        <ele>-0.016164</ele>
        <time>2026-10-06T11:01:22.676Z</time>
      </trkpt>
      <trkpt lat="53.407764" lon="6.209827">
        <ele>0.173079</ele>
        <time>2026-10-06T11:01:28.041Z</time>
      </trkpt>
      <trkpt lat="53.407304" lon="6.207213">
        <ele>0.763249</ele>
        <time>2026-10-06T11:01:56.184Z</time>
      </trkpt>
      <trkpt lat="53.407067" lon="6.205759">
        <ele>0.904914</ele>
        <time>2026-10-06T11:02:08.584Z</time>
      </trkpt>
      <trkpt lat="53.406928" lon="6.204696">
        <ele>0.841877</ele>
        <time>2026-10-06T11:02:17.080Z</time>
      </trkpt>
      <trkpt lat="53.406925" lon="6.204667">
        <ele>0.840172</ele>
        <time>2026-10-06T11:02:17.314Z</time>
      </trkpt>
      <trkpt lat="53.406919" lon="6.204590">
        <ele>0.835674</ele>
        <time>2026-10-06T11:02:17.945Z</time>
      </trkpt>
      <trkpt lat="53.406864" lon="6.203346">
        <ele>0.763419</ele>
        <time>2026-10-06T11:02:28.728Z</time>
      </trkpt>
      <trkpt lat="53.406887" lon="6.202515">
        <ele>0.866686</ele>
        <time>2026-10-06T11:02:37.375Z</time>
      </trkpt>
      <trkpt lat="53.406997" lon="6.201615">
        <ele>1.116552</ele>
        <time>2026-10-06T11:02:47.048Z</time>
      </trkpt>
      <trkpt lat="53.407054" lon="6.201244">
        <ele>1.220751</ele>
        <time>2026-10-06T11:02:50.956Z</time>
      </trkpt>
      <trkpt lat="53.407111" lon="6.200914">
        <ele>1.314192</ele>
        <time>2026-10-06T11:02:55.498Z</time>
      </trkpt>
      <trkpt lat="53.407284" lon="6.199961">
        <ele>1.561805</ele>
        <time>2026-10-06T11:03:05.297Z</time>
      </trkpt>
      <trkpt lat="53.407392" lon="6.199520">
        <ele>1.558292</ele>
        <time>2026-10-06T11:03:09.696Z</time>
      </trkpt>
      <trkpt lat="53.407503" lon="6.199187">
        <ele>1.555480</ele>
        <time>2026-10-06T11:03:12.989Z</time>
      </trkpt>
      <trkpt lat="53.407636" lon="6.198812">
        <ele>1.552265</ele>
        <time>2026-10-06T11:03:16.600Z</time>
      </trkpt>
      <trkpt lat="53.407853" lon="6.198279">
        <ele>1.547509</ele>
        <time>2026-10-06T11:03:21.856Z</time>
      </trkpt>
      <trkpt lat="53.408173" lon="6.197502">
        <ele>1.540551</ele>
        <time>2026-10-06T11:03:29.940Z</time>
      </trkpt>
      <trkpt lat="53.408322" lon="6.197147">
        <ele>1.626738</ele>
        <time>2026-10-06T11:03:33.958Z</time>
      </trkpt>
      <trkpt lat="53.408450" lon="6.196831">
        <ele>1.712649</ele>
        <time>2026-10-06T11:03:37.697Z</time>
      </trkpt>
      <trkpt lat="53.408525" lon="6.196643">
        <ele>1.763518</ele>
        <time>2026-10-06T11:03:40.005Z</time>
      </trkpt>
      <trkpt lat="53.408638" lon="6.196372">
        <ele>1.837885</ele>
        <time>2026-10-06T11:03:43.434Z</time>
      </trkpt>
      <trkpt lat="53.409109" lon="6.195283">
        <ele>2.140429</ele>
        <time>2026-10-06T11:03:57.539Z</time>
      </trkpt>
      <trkpt lat="53.409221" lon="6.195116">
        <ele>2.196955</ele>
        <time>2026-10-06T11:04:00.019Z</time>
      </trkpt>
      <trkpt lat="53.409472" lon="6.194851">
        <ele>1.989669</ele>
        <time>2026-10-06T11:04:04.642Z</time>
      </trkpt>
      <trkpt lat="53.409524" lon="6.194738">
        <ele>1.908121</ele>
        <time>2026-10-06T11:04:05.870Z</time>
      </trkpt>
      <trkpt lat="53.409578" lon="6.194586">
        <ele>1.807040</ele>
        <time>2026-10-06T11:04:07.336Z</time>
      </trkpt>
      <trkpt lat="53.409623" lon="6.194338">
        <ele>1.658953</ele>
        <time>2026-10-06T11:04:09.393Z</time>
      </trkpt>
      <trkpt lat="53.409947" lon="6.193389">
        <ele>1.034221</ele>
        <time>2026-10-06T11:04:20.366Z</time>
      </trkpt>
      <trkpt lat="53.410132" lon="6.192749">
        <ele>0.627908</ele>
        <time>2026-10-06T11:04:27.026Z</time>
      </trkpt>
      <trkpt lat="53.410175" lon="6.192612">
        <ele>0.539462</ele>
        <time>2026-10-06T11:04:28.059Z</time>
      </trkpt>
      <trkpt lat="53.410281" lon="6.192324">
        <ele>0.386433</ele>
        <time>2026-10-06T11:04:30.366Z</time>
      </trkpt>
      <trkpt lat="53.410544" lon="6.191680">
        <ele>0.061263</ele>
        <time>2026-10-06T11:04:35.791Z</time>
      </trkpt>
      <trkpt lat="53.410636" lon="6.191447">
        <ele>-0.055152</ele>
        <time>2026-10-06T11:04:37.819Z</time>
      </trkpt>
      <trkpt lat="53.410775" lon="6.191110">
        <ele>-0.225855</ele>
        <time>2026-10-06T11:04:40.899Z</time>
      </trkpt>
      <trkpt lat="53.410893" lon="6.190821">
        <ele>-0.371767</ele>
        <time>2026-10-06T11:04:43.639Z</time>
      </trkpt>
      <trkpt lat="53.410984" lon="6.190607">
        <ele>-0.481263</ele>
        <time>2026-10-06T11:04:45.820Z</time>
      </trkpt>
      <trkpt lat="53.411244" lon="6.189964">
        <ele>-0.733686</ele>
        <time>2026-10-06T11:04:53.286Z</time>
      </trkpt>
      <trkpt lat="53.411442" lon="6.189488">
        <ele>-0.575203</ele>
        <time>2026-10-06T11:04:59.406Z</time>
      </trkpt>
      <trkpt lat="53.412140" lon="6.188670">
        <ele>-0.185193</ele>
        <time>2026-10-06T11:05:14.049Z</time>
      </trkpt>
      <trkpt lat="53.412588" lon="6.187807">
        <ele>0.072939</ele>
        <time>2026-10-06T11:05:25.415Z</time>
      </trkpt>
      <trkpt lat="53.413515" lon="6.185726">
        <ele>0.191738</ele>
        <time>2026-10-06T11:05:48.489Z</time>
      </trkpt>
      <trkpt lat="53.414087" lon="6.183974">
        <ele>0.176228</ele>
        <time>2026-10-06T11:06:06.171Z</time>
      </trkpt>
      <trkpt lat="53.414257" lon="6.183327">
        <ele>0.166977</ele>
        <time>2026-10-06T11:06:12.304Z</time>
      </trkpt>
      <trkpt lat="53.414528" lon="6.181690">
        <ele>0.100842</ele>
        <time>2026-10-06T11:06:26.796Z</time>
      </trkpt>
      <trkpt lat="53.414631" lon="6.180502">
        <ele>0.041402</ele>
        <time>2026-10-06T11:06:37.081Z</time>
      </trkpt>
      <trkpt lat="53.414664" lon="6.179372">
        <ele>0.016846</ele>
        <time>2026-10-06T11:06:47.001Z</time>
      </trkpt>
      <trkpt lat="53.414620" lon="6.178418">
        <ele>0.027427</ele>
        <time>2026-10-06T11:06:55.534Z</time>
      </trkpt>
      <trkpt lat="53.414516" lon="6.177329">
        <ele>0.039623</ele>
        <time>2026-10-06T11:07:05.501Z</time>
      </trkpt>
      <trkpt lat="53.414309" lon="6.176096">
        <ele>0.069563</ele>
        <time>2026-10-06T11:07:17.107Z</time>
      </trkpt>
      <trkpt lat="53.412672" lon="6.170391">
        <ele>0.175478</ele>
        <time>2026-10-06T11:08:13.454Z</time>
      </trkpt>
      <trkpt lat="53.409157" lon="6.158474">
        <ele>0.007240</ele>
        <time>2026-10-06T11:10:10.315Z</time>
      </trkpt>
      <trkpt lat="53.409007" lon="6.158031">
        <ele>-0.016577</ele>
        <time>2026-10-06T11:10:14.687Z</time>
      </trkpt>
      <trkpt lat="53.408437" lon="6.156886">
        <ele>-0.279243</ele>
        <time>2026-10-06T11:10:27.149Z</time>
      </trkpt>
      <trkpt lat="53.408781" lon="6.158585">
        <ele>-0.631288</ele>
        <time>2026-10-06T11:10:41.716Z</time>
      </trkpt>
      <trkpt lat="53.408795" lon="6.158786">
        <ele>-0.688177</ele>
        <time>2026-10-06T11:10:43.329Z</time>
      </trkpt>
      <trkpt lat="53.408723" lon="6.158975">
        <ele>-0.751231</ele>
        <time>2026-10-06T11:10:45.096Z</time>
      </trkpt>
      <trkpt lat="53.408370" lon="6.158140">
        <ele>-1.039002</ele>
        <time>2026-10-06T11:10:52.994Z</time>
      </trkpt>
      <trkpt lat="53.408040" lon="6.157500">
        <ele>-1.276887</ele>
        <time>2026-10-06T11:10:59.631Z</time>
      </trkpt>
      <trkpt lat="53.407812" lon="6.157117">
        <ele>-1.429051</ele>
        <time>2026-10-06T11:11:03.921Z</time>
      </trkpt>
      <trkpt lat="53.407564" lon="6.156735">
        <ele>-1.478865</ele>
        <time>2026-10-06T11:11:08.494Z</time>
      </trkpt>
      <trkpt lat="53.407512" lon="6.156659">
        <ele>-1.486715</ele>
        <time>2026-10-06T11:11:09.448Z</time>
      </trkpt>
      <trkpt lat="53.407063" lon="6.156021">
        <ele>-1.553688</ele>
        <time>2026-10-06T11:11:17.844Z</time>
      </trkpt>
      <trkpt lat="53.406618" lon="6.155458">
        <ele>-1.617126</ele>
        <time>2026-10-06T11:11:26.349Z</time>
      </trkpt>
      <trkpt lat="53.406181" lon="6.154966">
        <ele>-1.666047</ele>
        <time>2026-10-06T11:11:34.313Z</time>
      </trkpt>
      <trkpt lat="53.405807" lon="6.154598">
        <ele>-1.696120</ele>
        <time>2026-10-06T11:11:40.874Z</time>
      </trkpt>
      <trkpt lat="53.405406" lon="6.154247">
        <ele>-1.727491</ele>
        <time>2026-10-06T11:11:47.633Z</time>
      </trkpt>
      <trkpt lat="53.404788" lon="6.153781">
        <ele>-1.778155</ele>
        <time>2026-10-06T11:11:57.358Z</time>
      </trkpt>
      <trkpt lat="53.404005" lon="6.153317">
        <ele>-2.093427</ele>
        <time>2026-10-06T11:12:08.330Z</time>
      </trkpt>
      <trkpt lat="53.403234" lon="6.152997">
        <ele>-2.394966</ele>
        <time>2026-10-06T11:12:18.810Z</time>
      </trkpt>
      <trkpt lat="53.402327" lon="6.152737">
        <ele>-2.499711</ele>
        <time>2026-10-06T11:12:32.086Z</time>
      </trkpt>
      <trkpt lat="53.401663" lon="6.152622">
        <ele>-2.537744</ele>
        <time>2026-10-06T11:12:42.563Z</time>
      </trkpt>
      <trkpt lat="53.398825" lon="6.152303">
        <ele>-2.598958</ele>
        <time>2026-10-06T11:13:23.432Z</time>
      </trkpt>
      <trkpt lat="53.397667" lon="6.152052">
        <ele>-2.356674</ele>
        <time>2026-10-06T11:13:42.062Z</time>
      </trkpt>
      <trkpt lat="53.396969" lon="6.151817">
        <ele>-1.789399</ele>
        <time>2026-10-06T11:13:55.133Z</time>
      </trkpt>
      <trkpt lat="53.396210" lon="6.151489">
        <ele>-1.164860</ele>
        <time>2026-10-06T11:14:09.636Z</time>
      </trkpt>
      <trkpt lat="53.395665" lon="6.151197">
        <ele>-0.758894</ele>
        <time>2026-10-06T11:14:19.957Z</time>
      </trkpt>
      <trkpt lat="53.395250" lon="6.150930">
        <ele>-0.476108</ele>
        <time>2026-10-06T11:14:27.738Z</time>
      </trkpt>
      <trkpt lat="53.394756" lon="6.150615">
        <ele>-0.139873</ele>
        <time>2026-10-06T11:14:36.742Z</time>
      </trkpt>
      <trkpt lat="53.394036" lon="6.150070">
        <ele>0.234668</ele>
        <time>2026-10-06T11:14:50.224Z</time>
      </trkpt>
      <trkpt lat="53.393691" lon="6.149754">
        <ele>0.301835</ele>
        <time>2026-10-06T11:14:56.697Z</time>
      </trkpt>
      <trkpt lat="53.393395" lon="6.149351">
        <ele>0.366981</ele>
        <time>2026-10-06T11:15:02.666Z</time>
      </trkpt>
      <trkpt lat="53.392884" lon="6.148416">
        <ele>0.493803</ele>
        <time>2026-10-06T11:15:13.677Z</time>
      </trkpt>
      <trkpt lat="53.392425" lon="6.147564">
        <ele>0.380936</ele>
        <time>2026-10-06T11:15:23.337Z</time>
      </trkpt>
      <trkpt lat="53.390232" lon="6.143439">
        <ele>-0.134103</ele>
        <time>2026-10-06T11:16:10.003Z</time>
      </trkpt>
      <trkpt lat="53.388318" lon="6.140070">
        <ele>-0.250351</ele>
        <time>2026-10-06T11:16:51.034Z</time>
      </trkpt>
      <trkpt lat="53.386908" lon="6.137171">
        <ele>-0.492723</ele>
        <time>2026-10-06T11:17:22.961Z</time>
      </trkpt>
      <trkpt lat="53.385146" lon="6.133229">
        <ele>-0.628828</ele>
        <time>2026-10-06T11:18:05.544Z</time>
      </trkpt>
      <trkpt lat="53.384980" lon="6.133000">
        <ele>-0.618488</ele>
        <time>2026-10-06T11:18:08.867Z</time>
      </trkpt>
      <trkpt lat="53.384775" lon="6.132884">
        <ele>-0.608080</ele>
        <time>2026-10-06T11:18:12.289Z</time>
      </trkpt>
      <trkpt lat="53.384446" lon="6.132877">
        <ele>-0.574867</ele>
        <time>2026-10-06T11:18:17.572Z</time>
      </trkpt>
      <trkpt lat="53.384382" lon="6.132897">
        <ele>-0.560556</ele>
        <time>2026-10-06T11:18:18.635Z</time>
      </trkpt>
      <trkpt lat="53.384170" lon="6.132956">
        <ele>-0.513316</ele>
        <time>2026-10-06T11:18:22.101Z</time>
      </trkpt>
      <trkpt lat="53.383914" lon="6.133024">
        <ele>-0.456341</ele>
        <time>2026-10-06T11:18:26.324Z</time>
      </trkpt>
      <trkpt lat="53.383742" lon="6.133044">
        <ele>-0.418441</ele>
        <time>2026-10-06T11:18:29.200Z</time>
      </trkpt>
      <trkpt lat="53.383550" lon="6.133012">
        <ele>-0.376027</ele>
        <time>2026-10-06T11:18:32.401Z</time>
      </trkpt>
      <trkpt lat="53.383440" lon="6.132930">
        <ele>-0.349565</ele>
        <time>2026-10-06T11:18:34.398Z</time>
      </trkpt>
      <trkpt lat="53.382180" lon="6.131440">
        <ele>-0.402747</ele>
        <time>2026-10-06T11:18:57.379Z</time>
      </trkpt>
      <trkpt lat="53.380300" lon="6.129444">
        <ele>-1.110130</ele>
        <time>2026-10-06T11:19:27.158Z</time>
      </trkpt>
      <trkpt lat="53.380095" lon="6.129316">
        <ele>-1.193266</ele>
        <time>2026-10-06T11:19:30.062Z</time>
      </trkpt>
      <trkpt lat="53.379810" lon="6.129268">
        <ele>-1.300181</ele>
        <time>2026-10-06T11:19:33.979Z</time>
      </trkpt>
      <trkpt lat="53.379617" lon="6.129277">
        <ele>-1.231146</ele>
        <time>2026-10-06T11:19:36.710Z</time>
      </trkpt>
      <trkpt lat="53.379176" lon="6.129422">
        <ele>-1.070459</ele>
        <time>2026-10-06T11:19:43.447Z</time>
      </trkpt>
      <trkpt lat="53.378801" lon="6.129675">
        <ele>-0.925924</ele>
        <time>2026-10-06T11:19:50.192Z</time>
      </trkpt>
      <trkpt lat="53.378364" lon="6.130021">
        <ele>-0.753120</ele>
        <time>2026-10-06T11:19:58.700Z</time>
      </trkpt>
      <trkpt lat="53.378195" lon="6.130123">
        <ele>-0.688896</ele>
        <time>2026-10-06T11:20:01.890Z</time>
      </trkpt>
      <trkpt lat="53.378016" lon="6.130136">
        <ele>-0.617201</ele>
        <time>2026-10-06T11:20:05.085Z</time>
      </trkpt>
      <trkpt lat="53.377903" lon="6.130096">
        <ele>-0.566406</ele>
        <time>2026-10-06T11:20:07.161Z</time>
      </trkpt>
      <trkpt lat="53.377576" lon="6.129878">
        <ele>-0.411628</ele>
        <time>2026-10-06T11:20:13.400Z</time>
      </trkpt>
      <trkpt lat="53.377461" lon="6.129801">
        <ele>-0.357163</ele>
        <time>2026-10-06T11:20:15.566Z</time>
      </trkpt>
      <trkpt lat="53.377286" lon="6.129683">
        <ele>-0.274201</ele>
        <time>2026-10-06T11:20:18.808Z</time>
      </trkpt>
      <trkpt lat="53.377125" lon="6.129587">
        <ele>-0.199044</ele>
        <time>2026-10-06T11:20:22.564Z</time>
      </trkpt>
      <trkpt lat="53.376932" lon="6.129538">
        <ele>-0.113190</ele>
        <time>2026-10-06T11:20:26.729Z</time>
      </trkpt>
      <trkpt lat="53.376737" lon="6.129614">
        <ele>-0.025137</ele>
        <time>2026-10-06T11:20:30.929Z</time>
      </trkpt>
      <trkpt lat="53.376280" lon="6.128430">
        <ele>0.128468</ele>
        <time>2026-10-06T11:20:43.705Z</time>
      </trkpt>
      <trkpt lat="53.376087" lon="6.127918">
        <ele>0.125011</ele>
        <time>2026-10-06T11:20:49.022Z</time>
      </trkpt>
      <trkpt lat="53.375606" lon="6.126556">
        <ele>0.115975</ele>
        <time>2026-10-06T11:21:02.864Z</time>
      </trkpt>
      <trkpt lat="53.375289" lon="6.126872">
        <ele>0.025909</ele>
        <time>2026-10-06T11:21:10.302Z</time>
      </trkpt>
      <trkpt lat="53.375069" lon="6.127038">
        <ele>-0.034842</ele>
        <time>2026-10-06T11:21:15.034Z</time>
      </trkpt>
      <trkpt lat="53.374432" lon="6.127463">
        <ele>-0.207479</ele>
        <time>2026-10-06T11:21:28.175Z</time>
      </trkpt>
      <trkpt lat="53.374376" lon="6.127632">
        <ele>-0.236519</ele>
        <time>2026-10-06T11:21:30.364Z</time>
      </trkpt>
      <trkpt lat="53.374177" lon="6.127808">
        <ele>-0.293175</ele>
        <time>2026-10-06T11:21:34.593Z</time>
      </trkpt>
      <trkpt lat="53.373890" lon="6.127942">
        <ele>-0.396005</ele>
        <time>2026-10-06T11:21:40.194Z</time>
      </trkpt>
      <trkpt lat="53.373270" lon="6.128023">
        <ele>-0.692377</ele>
        <time>2026-10-06T11:21:51.711Z</time>
      </trkpt>
      <trkpt lat="53.373037" lon="6.128069">
        <ele>-0.804186</ele>
        <time>2026-10-06T11:21:54.748Z</time>
      </trkpt>
      <trkpt lat="53.372692" lon="6.128040">
        <ele>-0.968811</ele>
        <time>2026-10-06T11:21:59.187Z</time>
      </trkpt>
      <trkpt lat="53.372535" lon="6.128054">
        <ele>-1.043739</ele>
        <time>2026-10-06T11:22:01.260Z</time>
      </trkpt>
      <trkpt lat="53.371928" lon="6.128349">
        <ele>-1.292234</ele>
        <time>2026-10-06T11:22:10.029Z</time>
      </trkpt>
      <trkpt lat="53.371841" lon="6.127922">
        <ele>-1.375667</ele>
        <time>2026-10-06T11:22:13.695Z</time>
      </trkpt>
      <trkpt lat="53.371714" lon="6.127606">
        <ele>-1.446119</ele>
        <time>2026-10-06T11:22:16.760Z</time>
      </trkpt>
      <trkpt lat="53.371586" lon="6.127431">
        <ele>-1.497313</ele>
        <time>2026-10-06T11:22:18.986Z</time>
      </trkpt>
      <trkpt lat="53.371370" lon="6.127301">
        <ele>-1.568442</ele>
        <time>2026-10-06T11:22:22.092Z</time>
      </trkpt>
      <trkpt lat="53.370381" lon="6.127099">
        <ele>-1.774409</ele>
        <time>2026-10-06T11:22:36.245Z</time>
      </trkpt>
      <trkpt lat="53.369592" lon="6.126730">
        <ele>-1.820386</ele>
        <time>2026-10-06T11:22:48.110Z</time>
      </trkpt>
      <trkpt lat="53.369114" lon="6.126363">
        <ele>-1.849896</ele>
        <time>2026-10-06T11:22:56.135Z</time>
      </trkpt>
      <trkpt lat="53.365364" lon="6.123022">
        <ele>-2.186265</ele>
        <time>2026-10-06T11:23:57.554Z</time>
      </trkpt>
      <trkpt lat="53.362376" lon="6.120809">
        <ele>-2.440744</ele>
        <time>2026-10-06T11:24:45.489Z</time>
      </trkpt>
      <trkpt lat="53.361570" lon="6.120273">
        <ele>-2.564741</ele>
        <time>2026-10-06T11:24:57.698Z</time>
      </trkpt>
      <trkpt lat="53.360808" lon="6.119612">
        <ele>-2.661533</ele>
        <time>2026-10-06T11:25:09.903Z</time>
      </trkpt>
      <trkpt lat="53.359309" lon="6.118017">
        <ele>-2.644532</ele>
        <time>2026-10-06T11:25:36.162Z</time>
      </trkpt>
      <trkpt lat="53.359264" lon="6.117966">
        <ele>-2.633440</ele>
        <time>2026-10-06T11:25:36.961Z</time>
      </trkpt>
      <trkpt lat="53.358207" lon="6.116827">
        <ele>-2.376859</ele>
        <time>2026-10-06T11:25:56.403Z</time>
      </trkpt>
      <trkpt lat="53.357794" lon="6.116463">
        <ele>-2.255882</ele>
        <time>2026-10-06T11:26:04.361Z</time>
      </trkpt>
      <trkpt lat="53.357022" lon="6.115960">
        <ele>-1.947813</ele>
        <time>2026-10-06T11:26:18.560Z</time>
      </trkpt>
      <trkpt lat="53.356814" lon="6.115897">
        <ele>-1.869200</ele>
        <time>2026-10-06T11:26:22.093Z</time>
      </trkpt>
      <trkpt lat="53.356178" lon="6.115705">
        <ele>-1.654634</ele>
        <time>2026-10-06T11:26:32.229Z</time>
      </trkpt>
      <trkpt lat="53.355822" lon="6.115601">
        <ele>-1.750351</ele>
        <time>2026-10-06T11:26:37.406Z</time>
      </trkpt>
      <trkpt lat="53.355043" lon="6.115360">
        <ele>-1.960176</ele>
        <time>2026-10-06T11:26:48.082Z</time>
      </trkpt>
      <trkpt lat="53.354719" lon="6.115220">
        <ele>-2.048803</ele>
        <time>2026-10-06T11:26:52.553Z</time>
      </trkpt>
      <trkpt lat="53.354291" lon="6.114943">
        <ele>-2.140148</ele>
        <time>2026-10-06T11:26:58.852Z</time>
      </trkpt>
      <trkpt lat="53.353941" lon="6.114644">
        <ele>-2.181402</ele>
        <time>2026-10-06T11:27:04.460Z</time>
      </trkpt>
      <trkpt lat="53.353567" lon="6.114259">
        <ele>-2.227495</ele>
        <time>2026-10-06T11:27:10.756Z</time>
      </trkpt>
      <trkpt lat="53.353342" lon="6.113976">
        <ele>-2.257038</ele>
        <time>2026-10-06T11:27:14.901Z</time>
      </trkpt>
      <trkpt lat="53.353267" lon="6.113886">
        <ele>-2.266725</ele>
        <time>2026-10-06T11:27:16.280Z</time>
      </trkpt>
      <trkpt lat="53.352869" lon="6.113252">
        <ele>-2.317615</ele>
        <time>2026-10-06T11:27:24.554Z</time>
      </trkpt>
      <trkpt lat="53.351759" lon="6.111046">
        <ele>-2.418538</ele>
        <time>2026-10-06T11:27:49.582Z</time>
      </trkpt>
      <trkpt lat="53.351327" lon="6.110301">
        <ele>-2.461054</ele>
        <time>2026-10-06T11:27:58.476Z</time>
      </trkpt>
      <trkpt lat="53.350985" lon="6.109845">
        <ele>-2.491029</ele>
        <time>2026-10-06T11:28:04.815Z</time>
      </trkpt>
      <trkpt lat="53.350538" lon="6.109538">
        <ele>-2.524159</ele>
        <time>2026-10-06T11:28:11.918Z</time>
      </trkpt>
      <trkpt lat="53.349713" lon="6.109162">
        <ele>-2.545203</ele>
        <time>2026-10-06T11:28:24.779Z</time>
      </trkpt>
      <trkpt lat="53.348985" lon="6.108953">
        <ele>-2.554097</ele>
        <time>2026-10-06T11:28:35.706Z</time>
      </trkpt>
      <trkpt lat="53.348129" lon="6.108813">
        <ele>-2.623460</ele>
        <time>2026-10-06T11:28:48.051Z</time>
      </trkpt>
      <trkpt lat="53.347645" lon="6.108888">
        <ele>-2.691007</ele>
        <time>2026-10-06T11:28:54.956Z</time>
      </trkpt>
      <trkpt lat="53.347180" lon="6.108913">
        <ele>-2.755659</ele>
        <time>2026-10-06T11:29:01.618Z</time>
      </trkpt>
      <trkpt lat="53.345339" lon="6.108726">
        <ele>-2.854447</ele>
        <time>2026-10-06T11:29:28.498Z</time>
      </trkpt>
      <trkpt lat="53.342533" lon="6.108742">
        <ele>-2.316795</ele>
        <time>2026-10-06T11:30:10.921Z</time>
      </trkpt>
      <trkpt lat="53.342289" lon="6.108789">
        <ele>-2.162909</ele>
        <time>2026-10-06T11:30:15.309Z</time>
      </trkpt>
      <trkpt lat="53.341960" lon="6.108982">
        <ele>-1.944496</ele>
        <time>2026-10-06T11:30:21.809Z</time>
      </trkpt>
      <trkpt lat="53.341096" lon="6.109789">
        <ele>-1.356492</ele>
        <time>2026-10-06T11:30:40.741Z</time>
      </trkpt>
      <trkpt lat="53.340889" lon="6.109891">
        <ele>-1.236373</ele>
        <time>2026-10-06T11:30:44.662Z</time>
      </trkpt>
      <trkpt lat="53.340618" lon="6.109939">
        <ele>-1.084667</ele>
        <time>2026-10-06T11:30:49.423Z</time>
      </trkpt>
      <trkpt lat="53.340407" lon="6.109905">
        <ele>-0.966663</ele>
        <time>2026-10-06T11:30:52.979Z</time>
      </trkpt>
      <trkpt lat="53.336764" lon="6.108081">
        <ele>-0.637650</ele>
        <time>2026-10-06T11:31:49.518Z</time>
      </trkpt>
      <trkpt lat="53.335944" lon="6.107527">
        <ele>-0.653038</ele>
        <time>2026-10-06T11:32:02.212Z</time>
      </trkpt>
      <trkpt lat="53.335654" lon="6.107248">
        <ele>-0.655490</ele>
        <time>2026-10-06T11:32:07.027Z</time>
      </trkpt>
      <trkpt lat="53.334846" lon="6.106120">
        <ele>-0.662254</ele>
        <time>2026-10-06T11:32:22.853Z</time>
      </trkpt>
      <trkpt lat="53.334523" lon="6.105731">
        <ele>-0.654078</ele>
        <time>2026-10-06T11:32:28.997Z</time>
      </trkpt>
      <trkpt lat="53.333075" lon="6.103984">
        <ele>-0.603561</ele>
        <time>2026-10-06T11:32:55.478Z</time>
      </trkpt>
      <trkpt lat="53.332864" lon="6.103675">
        <ele>-0.588518</ele>
        <time>2026-10-06T11:32:59.361Z</time>
      </trkpt>
      <trkpt lat="53.332778" lon="6.103459">
        <ele>-0.580198</ele>
        <time>2026-10-06T11:33:01.465Z</time>
      </trkpt>
      <trkpt lat="53.332654" lon="6.102833">
        <ele>-0.559062</ele>
        <time>2026-10-06T11:33:06.929Z</time>
      </trkpt>
      <trkpt lat="53.332545" lon="6.102207">
        <ele>-0.538164</ele>
        <time>2026-10-06T11:33:12.924Z</time>
      </trkpt>
      <trkpt lat="53.332360" lon="6.101582">
        <ele>-0.307423</ele>
        <time>2026-10-06T11:33:20.326Z</time>
      </trkpt>
      <trkpt lat="53.332129" lon="6.101096">
        <ele>0.016268</ele>
        <time>2026-10-06T11:33:27.660Z</time>
      </trkpt>
      <trkpt lat="53.331733" lon="6.100421">
        <ele>0.509368</ele>
        <time>2026-10-06T11:33:38.642Z</time>
      </trkpt>
      <trkpt lat="53.331573" lon="6.100181">
        <ele>0.696816</ele>
        <time>2026-10-06T11:33:42.797Z</time>
      </trkpt>
      <trkpt lat="53.331455" lon="6.100067">
        <ele>0.815696</ele>
        <time>2026-10-06T11:33:45.335Z</time>
      </trkpt>
      <trkpt lat="53.331341" lon="6.099933">
        <ele>0.937240</ele>
        <time>2026-10-06T11:33:48.586Z</time>
      </trkpt>
      <trkpt lat="53.331194" lon="6.099646">
        <ele>1.051752</ele>
        <time>2026-10-06T11:33:53.717Z</time>
      </trkpt>
      <trkpt lat="53.331045" lon="6.099360">
        <ele>1.076221</ele>
        <time>2026-10-06T11:33:58.716Z</time>
      </trkpt>
      <trkpt lat="53.330810" lon="6.099350">
        <ele>1.101600</ele>
        <time>2026-10-06T11:34:03.772Z</time>
      </trkpt>
      <trkpt lat="53.330540" lon="6.099244">
        <ele>1.131539</ele>
        <time>2026-10-06T11:34:09.419Z</time>
      </trkpt>
      <trkpt lat="53.330350" lon="6.099270">
        <ele>1.152119</ele>
        <time>2026-10-06T11:34:13.176Z</time>
      </trkpt>
      <trkpt lat="53.330163" lon="6.099452">
        <ele>1.175470</ele>
        <time>2026-10-06T11:34:17.369Z</time>
      </trkpt>
      <trkpt lat="53.330054" lon="6.099881">
        <ele>1.205528</ele>
        <time>2026-10-06T11:34:22.788Z</time>
      </trkpt>
      <trkpt lat="53.329664" lon="6.100792">
        <ele>1.033666</ele>
        <time>2026-10-06T11:34:35.843Z</time>
      </trkpt>
      <trkpt lat="53.329428" lon="6.101325">
        <ele>0.836449</ele>
        <time>2026-10-06T11:34:43.446Z</time>
      </trkpt>
      <trkpt lat="53.329365" lon="6.101410">
        <ele>0.796182</ele>
        <time>2026-10-06T11:34:44.919Z</time>
      </trkpt>
      <trkpt lat="53.329143" lon="6.101663">
        <ele>0.662530</ele>
        <time>2026-10-06T11:34:49.760Z</time>
      </trkpt>
      <trkpt lat="53.329103" lon="6.101756">
        <ele>0.628465</ele>
        <time>2026-10-06T11:34:50.997Z</time>
      </trkpt>
      <trkpt lat="53.329086" lon="6.102041">
        <ele>0.543331</ele>
        <time>2026-10-06T11:34:54.054Z</time>
      </trkpt>
      <trkpt lat="53.328860" lon="6.102090">
        <ele>0.429912</ele>
        <time>2026-10-06T11:34:58.119Z</time>
      </trkpt>
      <trkpt lat="53.328734" lon="6.102212">
        <ele>0.357472</ele>
        <time>2026-10-06T11:35:00.726Z</time>
      </trkpt>
      <trkpt lat="53.328312" lon="6.102791">
        <ele>0.113436</ele>
        <time>2026-10-06T11:35:10.702Z</time>
      </trkpt>
      <trkpt lat="53.328266" lon="6.102853">
        <ele>0.087239</ele>
        <time>2026-10-06T11:35:11.786Z</time>
      </trkpt>
      <trkpt lat="53.327752" lon="6.103508">
        <ele>-0.199320</ele>
        <time>2026-10-06T11:35:23.627Z</time>
      </trkpt>
      <trkpt lat="53.327562" lon="6.103751">
        <ele>-0.305388</ele>
        <time>2026-10-06T11:35:28.159Z</time>
      </trkpt>
      <trkpt lat="53.326776" lon="6.104754">
        <ele>-0.439655</ele>
        <time>2026-10-06T11:35:48.149Z</time>
      </trkpt>
      <trkpt lat="53.326551" lon="6.104914">
        <ele>-0.432350</ele>
        <time>2026-10-06T11:35:53.201Z</time>
      </trkpt>
      <trkpt lat="53.326344" lon="6.104945">
        <ele>-0.426140</ele>
        <time>2026-10-06T11:35:57.527Z</time>
      </trkpt>
      <trkpt lat="53.326093" lon="6.104846">
        <ele>-0.418434</ele>
        <time>2026-10-06T11:36:02.877Z</time>
      </trkpt>
      <trkpt lat="53.325964" lon="6.104725">
        <ele>-0.414015</ele>
        <time>2026-10-06T11:36:05.942Z</time>
      </trkpt>
      <trkpt lat="53.324825" lon="6.103296">
        <ele>-0.348997</ele>
        <time>2026-10-06T11:36:34.422Z</time>
      </trkpt>
      <trkpt lat="53.324692" lon="6.103152">
        <ele>-0.341098</ele>
        <time>2026-10-06T11:36:37.741Z</time>
      </trkpt>
      <trkpt lat="53.324361" lon="6.102948">
        <ele>-0.323508</ele>
        <time>2026-10-06T11:36:45.075Z</time>
      </trkpt>
      <trkpt lat="53.323752" lon="6.103011">
        <ele>-0.258876</ele>
        <time>2026-10-06T11:36:57.890Z</time>
      </trkpt>
      <trkpt lat="53.323351" lon="6.102991">
        <ele>-0.208215</ele>
        <time>2026-10-06T11:37:06.322Z</time>
      </trkpt>
      <trkpt lat="53.323198" lon="6.102923">
        <ele>-0.188225</ele>
        <time>2026-10-06T11:37:09.731Z</time>
      </trkpt>
      <trkpt lat="53.322994" lon="6.102746">
        <ele>-0.159210</ele>
        <time>2026-10-06T11:37:14.644Z</time>
      </trkpt>
      <trkpt lat="53.322772" lon="6.102452">
        <ele>-0.123466</ele>
        <time>2026-10-06T11:37:20.413Z</time>
      </trkpt>
      <trkpt lat="53.322706" lon="6.102364">
        <ele>-0.112811</ele>
        <time>2026-10-06T11:37:22.080Z</time>
      </trkpt>
      <trkpt lat="53.322491" lon="6.102050">
        <ele>-0.106350</ele>
        <time>2026-10-06T11:37:27.711Z</time>
      </trkpt>
      <trkpt lat="53.322220" lon="6.101690">
        <ele>-0.175111</ele>
        <time>2026-10-06T11:37:32.720Z</time>
      </trkpt>
      <trkpt lat="53.321990" lon="6.101484">
        <ele>-0.226958</ele>
        <time>2026-10-06T11:37:36.410Z</time>
      </trkpt>
      <trkpt lat="53.320259" lon="6.100698">
        <ele>-0.601537</ele>
        <time>2026-10-06T11:38:01.466Z</time>
      </trkpt>
      <trkpt lat="53.320558" lon="6.098702">
        <ele>-0.867757</ele>
        <time>2026-10-06T11:38:18.692Z</time>
      </trkpt>
      <trkpt lat="53.320844" lon="6.096100">
        <ele>-1.092276</ele>
        <time>2026-10-06T11:38:41.118Z</time>
      </trkpt>
      <trkpt lat="53.320870" lon="6.094487">
        <ele>-1.192706</ele>
        <time>2026-10-06T11:38:55.065Z</time>
      </trkpt>
      <trkpt lat="53.321058" lon="6.093582">
        <ele>-1.249972</ele>
        <time>2026-10-06T11:39:03.380Z</time>
      </trkpt>
      <trkpt lat="53.319108" lon="6.092521">
        <ele>-1.245290</ele>
        <time>2026-10-06T11:39:33.579Z</time>
      </trkpt>
      <trkpt lat="53.318129" lon="6.092397">
        <ele>-1.111218</ele>
        <time>2026-10-06T11:39:49.046Z</time>
      </trkpt>
      <trkpt lat="53.317906" lon="6.092277">
        <ele>-1.076045</ele>
        <time>2026-10-06T11:39:52.789Z</time>
      </trkpt>
      <trkpt lat="53.316239" lon="6.090005">
        <ele>-1.029902</ele>
        <time>2026-10-06T11:40:25.001Z</time>
      </trkpt>
      <trkpt lat="53.316006" lon="6.089831">
        <ele>-1.039892</ele>
        <time>2026-10-06T11:40:28.567Z</time>
      </trkpt>
      <trkpt lat="53.312550" lon="6.089500">
        <ele>-1.841516</ele>
        <time>2026-10-06T11:41:16.537Z</time>
      </trkpt>
      <trkpt lat="53.308221" lon="6.089266">
        <ele>-1.148412</ele>
        <time>2026-10-06T11:42:24.672Z</time>
      </trkpt>
      <trkpt lat="53.307720" lon="6.089281">
        <ele>-1.159748</ele>
        <time>2026-10-06T11:42:31.798Z</time>
      </trkpt>
      <trkpt lat="53.307250" lon="6.089380">
        <ele>-1.170464</ele>
        <time>2026-10-06T11:42:38.528Z</time>
      </trkpt>
      <trkpt lat="53.306692" lon="6.089425">
        <ele>-1.172663</ele>
        <time>2026-10-06T11:42:46.482Z</time>
      </trkpt>
      <trkpt lat="53.306461" lon="6.089397">
        <ele>-1.168269</ele>
        <time>2026-10-06T11:42:49.924Z</time>
      </trkpt>
      <trkpt lat="53.304198" lon="6.088534">
        <ele>-1.125786</ele>
        <time>2026-10-06T11:43:24.986Z</time>
      </trkpt>
      <trkpt lat="53.303700" lon="6.088347">
        <ele>-1.116892</ele>
        <time>2026-10-06T11:43:32.653Z</time>
      </trkpt>
      <trkpt lat="53.300486" lon="6.087177">
        <ele>-1.361696</ele>
        <time>2026-10-06T11:44:21.008Z</time>
      </trkpt>
      <trkpt lat="53.299385" lon="6.086770">
        <ele>-1.461193</ele>
        <time>2026-10-06T11:44:36.095Z</time>
      </trkpt>
      <trkpt lat="53.299230" lon="6.086681">
        <ele>-1.461894</ele>
        <time>2026-10-06T11:44:38.338Z</time>
      </trkpt>
      <trkpt lat="53.299169" lon="6.086572">
        <ele>-1.462276</ele>
        <time>2026-10-06T11:44:39.569Z</time>
      </trkpt>
      <trkpt lat="53.299131" lon="6.086298">
        <ele>-1.462994</ele>
        <time>2026-10-06T11:44:41.922Z</time>
      </trkpt>
      <trkpt lat="53.299061" lon="6.084414">
        <ele>-1.357222</ele>
        <time>2026-10-06T11:45:00.177Z</time>
      </trkpt>
      <trkpt lat="53.298963" lon="6.083712">
        <ele>-1.192916</ele>
        <time>2026-10-06T11:45:07.697Z</time>
      </trkpt>
      <trkpt lat="53.298783" lon="6.082832">
        <ele>-0.980926</ele>
        <time>2026-10-06T11:45:17.076Z</time>
      </trkpt>
      <trkpt lat="53.298624" lon="6.082887">
        <ele>-0.919007</ele>
        <time>2026-10-06T11:45:19.737Z</time>
      </trkpt>
      <trkpt lat="53.297647" lon="6.082942">
        <ele>-0.736282</ele>
        <time>2026-10-06T11:45:34.349Z</time>
      </trkpt>
      <trkpt lat="53.296798" lon="6.083043">
        <ele>-0.674848</ele>
        <time>2026-10-06T11:45:46.769Z</time>
      </trkpt>
      <trkpt lat="53.295581" lon="6.083080">
        <ele>-0.390316</ele>
        <time>2026-10-06T11:46:06.370Z</time>
      </trkpt>
      <trkpt lat="53.295398" lon="6.083128">
        <ele>-0.335755</ele>
        <time>2026-10-06T11:46:09.441Z</time>
      </trkpt>
      <trkpt lat="53.295257" lon="6.083270">
        <ele>-0.287281</ele>
        <time>2026-10-06T11:46:12.133Z</time>
      </trkpt>
      <trkpt lat="53.295202" lon="6.083435">
        <ele>-0.254021</ele>
        <time>2026-10-06T11:46:13.975Z</time>
      </trkpt>
      <trkpt lat="53.295088" lon="6.083982">
        <ele>-0.152036</ele>
        <time>2026-10-06T11:46:19.493Z</time>
      </trkpt>
      <trkpt lat="53.294658" lon="6.084975">
        <ele>0.183043</ele>
        <time>2026-10-06T11:46:30.674Z</time>
      </trkpt>
      <trkpt lat="53.294603" lon="6.085089">
        <ele>0.225464</ele>
        <time>2026-10-06T11:46:32.095Z</time>
      </trkpt>
      <trkpt lat="53.294580" lon="6.085136">
        <ele>0.243053</ele>
        <time>2026-10-06T11:46:32.699Z</time>
      </trkpt>
      <trkpt lat="53.294313" lon="6.085725">
        <ele>0.457104</ele>
        <time>2026-10-06T11:46:40.383Z</time>
      </trkpt>
      <trkpt lat="53.294215" lon="6.085911">
        <ele>0.528899</ele>
        <time>2026-10-06T11:46:43.005Z</time>
      </trkpt>
      <trkpt lat="53.293801" lon="6.086635">
        <ele>0.832988</ele>
        <time>2026-10-06T11:46:53.658Z</time>
      </trkpt>
      <trkpt lat="53.293727" lon="6.086675">
        <ele>0.878314</ele>
        <time>2026-10-06T11:46:55.084Z</time>
      </trkpt>
      <trkpt lat="53.292811" lon="6.086626">
        <ele>1.412482</ele>
        <time>2026-10-06T11:47:11.700Z</time>
      </trkpt>
      <trkpt lat="53.292614" lon="6.086578">
        <ele>1.528515</ele>
        <time>2026-10-06T11:47:14.898Z</time>
      </trkpt>
      <trkpt lat="53.292040" lon="6.086220">
        <ele>1.799662</ele>
        <time>2026-10-06T11:47:24.399Z</time>
      </trkpt>
      <trkpt lat="53.291526" lon="6.085955">
        <ele>1.803317</ele>
        <time>2026-10-06T11:47:32.950Z</time>
      </trkpt>
      <trkpt lat="53.291183" lon="6.085789">
        <ele>1.805744</ele>
        <time>2026-10-06T11:47:38.432Z</time>
      </trkpt>
      <trkpt lat="53.290880" lon="6.085719">
        <ele>1.807822</ele>
        <time>2026-10-06T11:47:42.817Z</time>
      </trkpt>
      <trkpt lat="53.290427" lon="6.085803">
        <ele>1.805918</ele>
        <time>2026-10-06T11:47:49.145Z</time>
      </trkpt>
      <trkpt lat="53.289882" lon="6.086022">
        <ele>1.411977</ele>
        <time>2026-10-06T11:47:56.698Z</time>
      </trkpt>
      <trkpt lat="53.289319" lon="6.086447">
        <ele>0.977859</ele>
        <time>2026-10-06T11:48:04.395Z</time>
      </trkpt>
      <trkpt lat="53.289062" lon="6.086593">
        <ele>0.787099</ele>
        <time>2026-10-06T11:48:07.721Z</time>
      </trkpt>
      <trkpt lat="53.287722" lon="6.087129">
        <ele>-0.197335</ele>
        <time>2026-10-06T11:48:24.967Z</time>
      </trkpt>
      <trkpt lat="53.287572" lon="6.087232">
        <ele>-0.313815</ele>
        <time>2026-10-06T11:48:27.018Z</time>
      </trkpt>
      <trkpt lat="53.287413" lon="6.087397">
        <ele>-0.448228</ele>
        <time>2026-10-06T11:48:29.408Z</time>
      </trkpt>
      <trkpt lat="53.287388" lon="6.087626">
        <ele>-0.548196</ele>
        <time>2026-10-06T11:48:31.199Z</time>
      </trkpt>
      <trkpt lat="53.287355" lon="6.087696">
        <ele>-0.586480</ele>
        <time>2026-10-06T11:48:31.888Z</time>
      </trkpt>
      <trkpt lat="53.286451" lon="6.088758">
        <ele>-0.815291</ele>
        <time>2026-10-06T11:48:47.030Z</time>
      </trkpt>
      <trkpt lat="53.286289" lon="6.088885">
        <ele>-0.829452</ele>
        <time>2026-10-06T11:48:49.646Z</time>
      </trkpt>
      <trkpt lat="53.286057" lon="6.088965">
        <ele>-0.848201</ele>
        <time>2026-10-06T11:48:53.135Z</time>
      </trkpt>
      <trkpt lat="53.283239" lon="6.089013">
        <ele>-0.147550</ele>
        <time>2026-10-06T11:49:39.373Z</time>
      </trkpt>
      <trkpt lat="53.283084" lon="6.088982">
        <ele>-0.128414</ele>
        <time>2026-10-06T11:49:41.781Z</time>
      </trkpt>
      <trkpt lat="53.282928" lon="6.088844">
        <ele>-0.106780</ele>
        <time>2026-10-06T11:49:44.448Z</time>
      </trkpt>
      <trkpt lat="53.282601" lon="6.088846">
        <ele>-0.066694</ele>
        <time>2026-10-06T11:49:49.258Z</time>
      </trkpt>
      <trkpt lat="53.282337" lon="6.088855">
        <ele>-0.034324</ele>
        <time>2026-10-06T11:49:53.107Z</time>
      </trkpt>
      <trkpt lat="53.282116" lon="6.088883">
        <ele>-0.007154</ele>
        <time>2026-10-06T11:49:57.547Z</time>
      </trkpt>
      <trkpt lat="53.282028" lon="6.088888">
        <ele>0.003640</ele>
        <time>2026-10-06T11:49:59.302Z</time>
      </trkpt>
      <trkpt lat="53.281517" lon="6.088932">
        <ele>0.102714</ele>
        <time>2026-10-06T11:50:09.622Z</time>
      </trkpt>
      <trkpt lat="53.281267" lon="6.088828">
        <ele>0.154368</ele>
        <time>2026-10-06T11:50:14.895Z</time>
      </trkpt>
      <trkpt lat="53.280962" lon="6.088569">
        <ele>0.222954</ele>
        <time>2026-10-06T11:50:20.159Z</time>
      </trkpt>
      <trkpt lat="53.280770" lon="6.088339">
        <ele>0.270307</ele>
        <time>2026-10-06T11:50:23.955Z</time>
      </trkpt>
      <trkpt lat="53.280191" lon="6.087472">
        <ele>0.469862</ele>
        <time>2026-10-06T11:50:36.961Z</time>
      </trkpt>
      <trkpt lat="53.279384" lon="6.086210">
        <ele>0.863423</ele>
        <time>2026-10-06T11:50:55.306Z</time>
      </trkpt>
      <trkpt lat="53.279183" lon="6.085991">
        <ele>0.948877</ele>
        <time>2026-10-06T11:50:59.168Z</time>
      </trkpt>
      <trkpt lat="53.278817" lon="6.085768">
        <ele>0.902741</ele>
        <time>2026-10-06T11:51:05.096Z</time>
      </trkpt>
      <trkpt lat="53.278380" lon="6.085693">
        <ele>0.683930</ele>
        <time>2026-10-06T11:51:11.339Z</time>
      </trkpt>
      <trkpt lat="53.278289" lon="6.085761">
        <ele>0.634285</ele>
        <time>2026-10-06T11:51:12.709Z</time>
      </trkpt>
      <trkpt lat="53.278175" lon="6.085768">
        <ele>0.577464</ele>
        <time>2026-10-06T11:51:14.246Z</time>
      </trkpt>
      <trkpt lat="53.278073" lon="6.085745">
        <ele>0.526199</ele>
        <time>2026-10-06T11:51:15.578Z</time>
      </trkpt>
      <trkpt lat="53.277974" lon="6.085675">
        <ele>0.472662</ele>
        <time>2026-10-06T11:51:16.945Z</time>
      </trkpt>
      <trkpt lat="53.277124" lon="6.085621">
        <ele>0.068065</ele>
        <time>2026-10-06T11:51:27.308Z</time>
      </trkpt>
      <trkpt lat="53.276999" lon="6.085650">
        <ele>0.023479</ele>
        <time>2026-10-06T11:51:28.897Z</time>
      </trkpt>
      <trkpt lat="53.276618" lon="6.085593">
        <ele>-0.111670</ele>
        <time>2026-10-06T11:51:33.858Z</time>
      </trkpt>
      <trkpt lat="53.276381" lon="6.085624">
        <ele>-0.195660</ele>
        <time>2026-10-06T11:51:37.066Z</time>
      </trkpt>
      <trkpt lat="53.275882" lon="6.085594">
        <ele>-0.372075</ele>
        <time>2026-10-06T11:51:43.947Z</time>
      </trkpt>
      <trkpt lat="53.275573" lon="6.085515">
        <ele>-0.482516</ele>
        <time>2026-10-06T11:51:48.660Z</time>
      </trkpt>
      <trkpt lat="53.273874" lon="6.085425">
        <ele>-0.228900</ele>
        <time>2026-10-06T11:52:15.393Z</time>
      </trkpt>
      <trkpt lat="53.273555" lon="6.085449">
        <ele>-0.167623</ele>
        <time>2026-10-06T11:52:20.301Z</time>
      </trkpt>
      <trkpt lat="53.271427" lon="6.085309">
        <ele>0.196051</ele>
        <time>2026-10-06T11:52:53.907Z</time>
      </trkpt>
      <trkpt lat="53.271175" lon="6.085248">
        <ele>0.203904</ele>
        <time>2026-10-06T11:52:57.685Z</time>
      </trkpt>
      <trkpt lat="53.270653" lon="6.085213">
        <ele>0.220016</ele>
        <time>2026-10-06T11:53:05.255Z</time>
      </trkpt>
      <trkpt lat="53.270450" lon="6.085253">
        <ele>0.226320</ele>
        <time>2026-10-06T11:53:08.196Z</time>
      </trkpt>
      <trkpt lat="53.269985" lon="6.085227">
        <ele>0.260295</ele>
        <time>2026-10-06T11:53:14.917Z</time>
      </trkpt>
      <trkpt lat="53.269720" lon="6.085157">
        <ele>0.326330</ele>
        <time>2026-10-06T11:53:18.946Z</time>
      </trkpt>
      <trkpt lat="53.269155" lon="6.085171">
        <ele>0.465413</ele>
        <time>2026-10-06T11:53:27.810Z</time>
      </trkpt>
      <trkpt lat="53.267090" lon="6.085002">
        <ele>1.130448</ele>
        <time>2026-10-06T11:54:01.965Z</time>
      </trkpt>
      <trkpt lat="53.266733" lon="6.085061">
        <ele>1.265690</ele>
        <time>2026-10-06T11:54:07.602Z</time>
      </trkpt>
      <trkpt lat="53.266499" lon="6.085031">
        <ele>1.354165</ele>
        <time>2026-10-06T11:54:11.298Z</time>
      </trkpt>
      <trkpt lat="53.266502" lon="6.084988">
        <ele>1.363383</ele>
        <time>2026-10-06T11:54:11.823Z</time>
      </trkpt>
      <trkpt lat="53.266507" lon="6.084890">
        <ele>1.383281</ele>
        <time>2026-10-06T11:54:13.114Z</time>
      </trkpt>
      <trkpt lat="53.266044" lon="6.084850">
        <ele>1.540098</ele>
        <time>2026-10-06T11:54:20.495Z</time>
      </trkpt>
      <trkpt lat="53.266032" lon="6.084849">
        <ele>1.544162</ele>
        <time>2026-10-06T11:54:20.674Z</time>
      </trkpt>
      <trkpt lat="53.265569" lon="6.084827">
        <ele>1.700832</ele>
        <time>2026-10-06T11:54:28.363Z</time>
      </trkpt>
      <trkpt lat="53.265510" lon="6.084825">
        <ele>1.720793</ele>
        <time>2026-10-06T11:54:29.333Z</time>
      </trkpt>
      <trkpt lat="53.264591" lon="6.084769">
        <ele>1.986379</ele>
        <time>2026-10-06T11:54:44.407Z</time>
      </trkpt>
      <trkpt lat="53.264532" lon="6.084766">
        <ele>1.992340</ele>
        <time>2026-10-06T11:54:45.335Z</time>
      </trkpt>
      <trkpt lat="53.263219" lon="6.084694">
        <ele>2.125002</ele>
        <time>2026-10-06T11:55:05.307Z</time>
      </trkpt>
      <trkpt lat="53.263167" lon="6.084692">
        <ele>2.130255</ele>
        <time>2026-10-06T11:55:06.083Z</time>
      </trkpt>
      <trkpt lat="53.263108" lon="6.083934">
        <ele>2.085322</ele>
        <time>2026-10-06T11:55:12.669Z</time>
      </trkpt>
      <trkpt lat="53.263075" lon="6.083442">
        <ele>2.017107</ele>
        <time>2026-10-06T11:55:16.753Z</time>
      </trkpt>
      <trkpt lat="53.263062" lon="6.083240">
        <ele>1.989113</ele>
        <time>2026-10-06T11:55:18.433Z</time>
      </trkpt>
      <trkpt lat="53.263053" lon="6.083049">
        <ele>1.962714</ele>
        <time>2026-10-06T11:55:20.021Z</time>
      </trkpt>
      <trkpt lat="53.262965" lon="6.081803">
        <ele>1.789840</ele>
        <time>2026-10-06T11:55:30.499Z</time>
      </trkpt>
      <trkpt lat="53.262861" lon="6.080603">
        <ele>1.685919</ele>
        <time>2026-10-06T11:55:40.421Z</time>
      </trkpt>
      <trkpt lat="53.262769" lon="6.079912">
        <ele>1.643591</ele>
        <time>2026-10-06T11:55:46.551Z</time>
      </trkpt>
      <trkpt lat="53.262763" lon="6.079837">
        <ele>1.639067</ele>
        <time>2026-10-06T11:55:47.188Z</time>
      </trkpt>
      <trkpt lat="53.262575" lon="6.077202">
        <ele>1.663398</ele>
        <time>2026-10-06T11:56:11.006Z</time>
      </trkpt>
      <trkpt lat="53.262558" lon="6.076497">
        <ele>1.725348</ele>
        <time>2026-10-06T11:56:17.610Z</time>
      </trkpt>
      <trkpt lat="53.262596" lon="6.075791">
        <ele>1.787586</ele>
        <time>2026-10-06T11:56:24.179Z</time>
      </trkpt>
      <trkpt lat="53.262594" lon="6.075364">
        <ele>1.822760</ele>
        <time>2026-10-06T11:56:28.076Z</time>
      </trkpt>
      <trkpt lat="53.262529" lon="6.074678">
        <ele>1.862072</ele>
        <time>2026-10-06T11:56:34.656Z</time>
      </trkpt>
      <trkpt lat="53.262439" lon="6.074048">
        <ele>1.898733</ele>
        <time>2026-10-06T11:56:40.831Z</time>
      </trkpt>
      <trkpt lat="53.262421" lon="6.073932">
        <ele>1.905516</ele>
        <time>2026-10-06T11:56:41.902Z</time>
      </trkpt>
      <trkpt lat="53.262324" lon="6.073343">
        <ele>1.940095</ele>
        <time>2026-10-06T11:56:47.402Z</time>
      </trkpt>
      <trkpt lat="53.262281" lon="6.073187">
        <ele>1.949817</ele>
        <time>2026-10-06T11:56:48.896Z</time>
      </trkpt>
      <trkpt lat="53.262138" lon="6.072750">
        <ele>1.978011</ele>
        <time>2026-10-06T11:56:53.201Z</time>
      </trkpt>
      <trkpt lat="53.261898" lon="6.072318">
        <ele>1.943743</ele>
        <time>2026-10-06T11:56:58.353Z</time>
      </trkpt>
      <trkpt lat="53.261700" lon="6.071920">
        <ele>1.885464</ele>
        <time>2026-10-06T11:57:02.963Z</time>
      </trkpt>
      <trkpt lat="53.261590" lon="6.071450">
        <ele>1.828644</ele>
        <time>2026-10-06T11:57:07.270Z</time>
      </trkpt>
      <trkpt lat="53.261480" lon="6.070743">
        <ele>1.746400</ele>
        <time>2026-10-06T11:57:13.273Z</time>
      </trkpt>
      <trkpt lat="53.261292" lon="6.069529">
        <ele>1.552112</ele>
        <time>2026-10-06T11:57:23.596Z</time>
      </trkpt>
      <trkpt lat="53.261231" lon="6.069134">
        <ele>1.451988</ele>
        <time>2026-10-06T11:57:27.048Z</time>
      </trkpt>
      <trkpt lat="53.261130" lon="6.068602">
        <ele>1.315000</ele>
        <time>2026-10-06T11:57:31.650Z</time>
      </trkpt>
      <trkpt lat="53.261123" lon="6.068563">
        <ele>1.305007</ele>
        <time>2026-10-06T11:57:31.983Z</time>
      </trkpt>
      <trkpt lat="53.260945" lon="6.067622">
        <ele>1.062783</ele>
        <time>2026-10-06T11:57:39.874Z</time>
      </trkpt>
      <trkpt lat="53.260905" lon="6.067331">
        <ele>0.989501</ele>
        <time>2026-10-06T11:57:42.197Z</time>
      </trkpt>
      <trkpt lat="53.260890" lon="6.067141">
        <ele>0.942464</ele>
        <time>2026-10-06T11:57:43.688Z</time>
      </trkpt>
      <trkpt lat="53.260879" lon="6.066840">
        <ele>0.884817</ele>
        <time>2026-10-06T11:57:46.017Z</time>
      </trkpt>
      <trkpt lat="53.260911" lon="6.065022">
        <ele>0.605287</ele>
        <time>2026-10-06T11:58:00.708Z</time>
      </trkpt>
      <trkpt lat="53.260984" lon="6.062475">
        <ele>0.142477</ele>
        <time>2026-10-06T11:58:23.749Z</time>
      </trkpt>
      <trkpt lat="53.260994" lon="6.062319">
        <ele>0.111141</ele>
        <time>2026-10-06T11:58:25.100Z</time>
      </trkpt>
      <trkpt lat="53.260932" lon="6.062311">
        <ele>0.090377</ele>
        <time>2026-10-06T11:58:26.271Z</time>
      </trkpt>
      <trkpt lat="53.259930" lon="6.062180">
        <ele>-0.261318</ele>
        <time>2026-10-06T11:58:44.094Z</time>
      </trkpt>
      <trkpt lat="53.259700" lon="6.062040">
        <ele>-0.356939</ele>
        <time>2026-10-06T11:58:48.313Z</time>
      </trkpt>
      <trkpt lat="53.259420" lon="6.061800">
        <ele>-0.479863</ele>
        <time>2026-10-06T11:58:53.851Z</time>
      </trkpt>
      <trkpt lat="53.259100" lon="6.061750">
        <ele>-0.605417</ele>
        <time>2026-10-06T11:58:59.647Z</time>
      </trkpt>
      <trkpt lat="53.254096" lon="6.061259">
        <ele>0.670021</ele>
        <time>2026-10-06T12:00:48.120Z</time>
      </trkpt>
      <trkpt lat="53.251357" lon="6.060994">
        <ele>1.486693</ele>
        <time>2026-10-06T12:01:46.783Z</time>
      </trkpt>
      <trkpt lat="53.250881" lon="6.060881">
        <ele>1.570072</ele>
        <time>2026-10-06T12:01:57.067Z</time>
      </trkpt>
      <trkpt lat="53.250697" lon="6.060802">
        <ele>1.599296</ele>
        <time>2026-10-06T12:02:01.111Z</time>
      </trkpt>
      <trkpt lat="53.250648" lon="6.060728">
        <ele>1.609455</ele>
        <time>2026-10-06T12:02:02.524Z</time>
      </trkpt>
      <trkpt lat="53.250603" lon="6.060773">
        <ele>1.617522</ele>
        <time>2026-10-06T12:02:03.620Z</time>
      </trkpt>
      <trkpt lat="53.250469" lon="6.060808">
        <ele>1.638386</ele>
        <time>2026-10-06T12:02:06.518Z</time>
      </trkpt>
      <trkpt lat="53.250425" lon="6.060863">
        <ele>1.646838</ele>
        <time>2026-10-06T12:02:07.663Z</time>
      </trkpt>
      <trkpt lat="53.250411" lon="6.060901">
        <ele>1.650946</ele>
        <time>2026-10-06T12:02:08.250Z</time>
      </trkpt>
      <trkpt lat="53.250384" lon="6.061353">
        <ele>1.692755</ele>
        <time>2026-10-06T12:02:13.978Z</time>
      </trkpt>
      <trkpt lat="53.250407" lon="6.061922">
        <ele>1.745246</ele>
        <time>2026-10-06T12:02:21.002Z</time>
      </trkpt>
      <trkpt lat="53.250554" lon="6.062895">
        <ele>1.765136</ele>
        <time>2026-10-06T12:02:32.983Z</time>
      </trkpt>
      <trkpt lat="53.250914" lon="6.067140">
        <ele>1.633661</ele>
        <time>2026-10-06T12:03:24.040Z</time>
      </trkpt>
      <trkpt lat="53.250977" lon="6.067880">
        <ele>1.612290</ele>
        <time>2026-10-06T12:03:32.961Z</time>
      </trkpt>
      <trkpt lat="53.251000" lon="6.068138">
        <ele>1.604831</ele>
        <time>2026-10-06T12:03:36.115Z</time>
      </trkpt>
      <trkpt lat="53.250993" lon="6.068425">
        <ele>1.602600</ele>
        <time>2026-10-06T12:03:39.605Z</time>
      </trkpt>
      <trkpt lat="53.250743" lon="6.069378">
        <ele>1.613352</ele>
        <time>2026-10-06T12:03:52.318Z</time>
      </trkpt>
      <trkpt lat="53.250555" lon="6.070085">
        <ele>1.621347</ele>
        <time>2026-10-06T12:04:01.714Z</time>
      </trkpt>
      <trkpt lat="53.250401" lon="6.070663">
        <ele>1.627884</ele>
        <time>2026-10-06T12:04:09.324Z</time>
      </trkpt>
      <trkpt lat="53.250291" lon="6.070949">
        <ele>1.631398</ele>
        <time>2026-10-06T12:04:13.557Z</time>
      </trkpt>
      <trkpt lat="53.250186" lon="6.071116">
        <ele>1.630439</ele>
        <time>2026-10-06T12:04:16.613Z</time>
      </trkpt>
      <trkpt lat="53.250034" lon="6.071234">
        <ele>1.627846</ele>
        <time>2026-10-06T12:04:20.095Z</time>
      </trkpt>
      <trkpt lat="53.249877" lon="6.071272">
        <ele>1.625392</ele>
        <time>2026-10-06T12:04:23.252Z</time>
      </trkpt>
      <trkpt lat="53.249056" lon="6.071209">
        <ele>1.612679</ele>
        <time>2026-10-06T12:04:39.586Z</time>
      </trkpt>
      <trkpt lat="53.248437" lon="6.071186">
        <ele>1.616062</ele>
        <time>2026-10-06T12:04:52.293Z</time>
      </trkpt>
      <trkpt lat="53.248197" lon="6.071183">
        <ele>1.654191</ele>
        <time>2026-10-06T12:04:57.141Z</time>
      </trkpt>
      <trkpt lat="53.248070" lon="6.071280">
        <ele>1.676374</ele>
        <time>2026-10-06T12:04:59.880Z</time>
      </trkpt>
      <trkpt lat="53.247968" lon="6.071426">
        <ele>1.697710</ele>
        <time>2026-10-06T12:05:02.538Z</time>
      </trkpt>
      <trkpt lat="53.247902" lon="6.071572">
        <ele>1.715104</ele>
        <time>2026-10-06T12:05:04.104Z</time>
      </trkpt>
      <trkpt lat="53.247797" lon="6.071926">
        <ele>1.752663</ele>
        <time>2026-10-06T12:05:07.835Z</time>
      </trkpt>
      <trkpt lat="53.247772" lon="6.072015">
        <ele>1.762009</ele>
        <time>2026-10-06T12:05:08.726Z</time>
      </trkpt>
      <trkpt lat="53.247630" lon="6.072511">
        <ele>1.814278</ele>
        <time>2026-10-06T12:05:14.384Z</time>
      </trkpt>
      <trkpt lat="53.247552" lon="6.072667">
        <ele>1.833603</ele>
        <time>2026-10-06T12:05:16.301Z</time>
      </trkpt>
      <trkpt lat="53.247321" lon="6.072276">
        <ele>1.885836</ele>
        <time>2026-10-06T12:05:21.367Z</time>
      </trkpt>
      <trkpt lat="53.246988" lon="6.071906">
        <ele>1.938288</ele>
        <time>2026-10-06T12:05:27.560Z</time>
      </trkpt>
      <trkpt lat="53.246713" lon="6.071704">
        <ele>1.977106</ele>
        <time>2026-10-06T12:05:32.234Z</time>
      </trkpt>
      <trkpt lat="53.246200" lon="6.071437">
        <ele>2.046540</ele>
        <time>2026-10-06T12:05:40.679Z</time>
      </trkpt>
      <trkpt lat="53.245929" lon="6.071207">
        <ele>2.085817</ele>
        <time>2026-10-06T12:05:45.243Z</time>
      </trkpt>
      <trkpt lat="53.245841" lon="6.071101">
        <ele>2.099835</ele>
        <time>2026-10-06T12:05:46.839Z</time>
      </trkpt>
      <trkpt lat="53.245544" lon="6.070626">
        <ele>2.087344</ele>
        <time>2026-10-06T12:05:52.793Z</time>
      </trkpt>
      <trkpt lat="53.245145" lon="6.069796">
        <ele>1.992726</ele>
        <time>2026-10-06T12:06:01.829Z</time>
      </trkpt>
      <trkpt lat="53.244858" lon="6.069299">
        <ele>1.931345</ele>
        <time>2026-10-06T12:06:07.681Z</time>
      </trkpt>
      <trkpt lat="53.244588" lon="6.068969">
        <ele>1.881665</ele>
        <time>2026-10-06T12:06:12.411Z</time>
      </trkpt>
      <trkpt lat="53.244101" lon="6.068561">
        <ele>1.839415</ele>
        <time>2026-10-06T12:06:20.051Z</time>
      </trkpt>
      <trkpt lat="53.243391" lon="6.068013">
        <ele>1.805583</ele>
        <time>2026-10-06T12:06:31.381Z</time>
      </trkpt>
      <trkpt lat="53.243089" lon="6.067862">
        <ele>1.791946</ele>
        <time>2026-10-06T12:06:36.139Z</time>
      </trkpt>
      <trkpt lat="53.242024" lon="6.067740">
        <ele>1.801446</ele>
        <time>2026-10-06T12:06:52.670Z</time>
      </trkpt>
      <trkpt lat="53.241729" lon="6.067624">
        <ele>1.811343</ele>
        <time>2026-10-06T12:06:56.994Z</time>
      </trkpt>
      <trkpt lat="53.241492" lon="6.067450">
        <ele>1.819796</ele>
        <time>2026-10-06T12:07:00.718Z</time>
      </trkpt>
      <trkpt lat="53.241266" lon="6.067224">
        <ele>1.828398</ele>
        <time>2026-10-06T12:07:04.678Z</time>
      </trkpt>
      <trkpt lat="53.240923" lon="6.066811">
        <ele>1.864393</ele>
        <time>2026-10-06T12:07:11.051Z</time>
      </trkpt>
      <trkpt lat="53.240781" lon="6.066596">
        <ele>1.893903</ele>
        <time>2026-10-06T12:07:13.905Z</time>
      </trkpt>
      <trkpt lat="53.240521" lon="6.066135">
        <ele>1.952285</ele>
        <time>2026-10-06T12:07:19.628Z</time>
      </trkpt>
      <trkpt lat="53.240360" lon="6.065627">
        <ele>2.005265</ele>
        <time>2026-10-06T12:07:24.945Z</time>
      </trkpt>
      <trkpt lat="53.240184" lon="6.064592">
        <ele>2.104432</ele>
        <time>2026-10-06T12:07:35.487Z</time>
      </trkpt>
      <trkpt lat="53.240088" lon="6.064341">
        <ele>2.116250</ele>
        <time>2026-10-06T12:07:38.248Z</time>
      </trkpt>
      <trkpt lat="53.239985" lon="6.064180">
        <ele>2.119766</ele>
        <time>2026-10-06T12:07:40.371Z</time>
      </trkpt>
      <trkpt lat="53.239772" lon="6.063950">
        <ele>2.126090</ele>
        <time>2026-10-06T12:07:44.178Z</time>
      </trkpt>
      <trkpt lat="53.238782" lon="6.063335">
        <ele>2.152425</ele>
        <time>2026-10-06T12:07:59.586Z</time>
      </trkpt>
      <trkpt lat="53.238601" lon="6.063188">
        <ele>2.157443</ele>
        <time>2026-10-06T12:08:02.553Z</time>
      </trkpt>
      <trkpt lat="53.238426" lon="6.062993">
        <ele>2.160518</ele>
        <time>2026-10-06T12:08:05.630Z</time>
      </trkpt>
      <trkpt lat="53.238285" lon="6.062920">
        <ele>2.162468</ele>
        <time>2026-10-06T12:08:07.798Z</time>
      </trkpt>
      <trkpt lat="53.238268" lon="6.063083">
        <ele>2.163776</ele>
        <time>2026-10-06T12:08:09.267Z</time>
      </trkpt>
      <trkpt lat="53.237000" lon="6.068248">
        <ele>2.290365</ele>
        <time>2026-10-06T12:08:59.348Z</time>
      </trkpt>
      <trkpt lat="53.236891" lon="6.068799">
        <ele>2.301197</ele>
        <time>2026-10-06T12:09:04.739Z</time>
      </trkpt>
      <trkpt lat="53.236533" lon="6.070283">
        <ele>2.331063</ele>
        <time>2026-10-06T12:09:19.311Z</time>
      </trkpt>
      <trkpt lat="53.235591" lon="6.074174">
        <ele>2.192456</ele>
        <time>2026-10-06T12:09:55.240Z</time>
      </trkpt>
      <trkpt lat="53.233404" lon="6.083142">
        <ele>2.582926</ele>
        <time>2026-10-06T12:11:23.687Z</time>
      </trkpt>
      <trkpt lat="53.233085" lon="6.084359">
        <ele>2.548901</ele>
        <time>2026-10-06T12:11:34.947Z</time>
      </trkpt>
      <trkpt lat="53.232999" lon="6.084334">
        <ele>2.545166</ele>
        <time>2026-10-06T12:11:36.179Z</time>
      </trkpt>
      <trkpt lat="53.232931" lon="6.084627">
        <ele>2.531102</ele>
        <time>2026-10-06T12:11:38.803Z</time>
      </trkpt>
      <trkpt lat="53.232531" lon="6.086329">
        <ele>2.386735</ele>
        <time>2026-10-06T12:11:54.804Z</time>
      </trkpt>
      <trkpt lat="53.232403" lon="6.086871">
        <ele>2.340731</ele>
        <time>2026-10-06T12:11:59.846Z</time>
      </trkpt>
      <trkpt lat="53.232091" lon="6.088203">
        <ele>2.094615</ele>
        <time>2026-10-06T12:12:11.707Z</time>
      </trkpt>
      <trkpt lat="53.231630" lon="6.090150">
        <ele>1.641612</ele>
        <time>2026-10-06T12:12:28.449Z</time>
      </trkpt>
      <trkpt lat="53.231191" lon="6.089724">
        <ele>1.589469</ele>
        <time>2026-10-06T12:12:35.451Z</time>
      </trkpt>
      <trkpt lat="53.230848" lon="6.089392">
        <ele>1.548755</ele>
        <time>2026-10-06T12:12:41.123Z</time>
      </trkpt>
      <trkpt lat="53.230807" lon="6.089352">
        <ele>1.543879</ele>
        <time>2026-10-06T12:12:41.824Z</time>
      </trkpt>
      <trkpt lat="53.230791" lon="6.089426">
        <ele>1.539042</ele>
        <time>2026-10-06T12:12:42.773Z</time>
      </trkpt>
      <trkpt lat="53.230702" lon="6.089399">
        <ele>1.529751</ele>
        <time>2026-10-06T12:12:44.585Z</time>
      </trkpt>
      <trkpt lat="53.229656" lon="6.088377">
        <ele>1.520920</ele>
        <time>2026-10-06T12:13:09.383Z</time>
      </trkpt>
      <trkpt lat="53.228940" lon="6.087710">
        <ele>1.617212</ele>
        <time>2026-10-06T12:13:26.676Z</time>
      </trkpt>
      <trkpt lat="53.227790" lon="6.086630">
        <ele>1.850192</ele>
        <time>2026-10-06T12:13:54.168Z</time>
      </trkpt>
      <trkpt lat="53.227424" lon="6.086149">
        <ele>1.946866</ele>
        <time>2026-10-06T12:14:04.038Z</time>
      </trkpt>
      <trkpt lat="53.227177" lon="6.085727">
        <ele>2.020211</ele>
        <time>2026-10-06T12:14:11.616Z</time>
      </trkpt>
      <trkpt lat="53.226769" lon="6.084817">
        <ele>2.068306</ele>
        <time>2026-10-06T12:14:25.479Z</time>
      </trkpt>
      <trkpt lat="53.226657" lon="6.084507">
        <ele>2.077650</ele>
        <time>2026-10-06T12:14:28.700Z</time>
      </trkpt>
      <trkpt lat="53.226528" lon="6.084606">
        <ele>2.083769</ele>
        <time>2026-10-06T12:14:30.817Z</time>
      </trkpt>
      <trkpt lat="53.226277" lon="6.084640">
        <ele>2.094624</ele>
        <time>2026-10-06T12:14:34.615Z</time>
      </trkpt>
      <trkpt lat="53.226217" lon="6.084642">
        <ele>2.097211</ele>
        <time>2026-10-06T12:14:35.529Z</time>
      </trkpt>
      <trkpt lat="53.225960" lon="6.084613">
        <ele>2.108315</ele>
        <time>2026-10-06T12:14:39.415Z</time>
      </trkpt>
      <trkpt lat="53.225561" lon="6.084587">
        <ele>2.119267</ele>
        <time>2026-10-06T12:14:45.385Z</time>
      </trkpt>
      <trkpt lat="53.224723" lon="6.084520">
        <ele>2.100369</ele>
        <time>2026-10-06T12:14:57.830Z</time>
      </trkpt>
      <trkpt lat="53.223948" lon="6.084608">
        <ele>2.082872</ele>
        <time>2026-10-06T12:15:09.252Z</time>
      </trkpt>
      <trkpt lat="53.223339" lon="6.084690">
        <ele>2.055391</ele>
        <time>2026-10-06T12:15:17.863Z</time>
      </trkpt>
      <trkpt lat="53.222518" lon="6.084917">
        <ele>2.014838</ele>
        <time>2026-10-06T12:15:29.930Z</time>
      </trkpt>
      <trkpt lat="53.221851" lon="6.085279">
        <ele>2.050572</ele>
        <time>2026-10-06T12:15:40.783Z</time>
      </trkpt>
      <trkpt lat="53.220107" lon="6.086220">
        <ele>2.420390</ele>
        <time>2026-10-06T12:16:09.610Z</time>
      </trkpt>
      <trkpt lat="53.219993" lon="6.086281">
        <ele>2.431863</ele>
        <time>2026-10-06T12:16:11.466Z</time>
      </trkpt>
      <trkpt lat="53.219643" lon="6.086499">
        <ele>2.467666</ele>
        <time>2026-10-06T12:16:17.150Z</time>
      </trkpt>
      <trkpt lat="53.219562" lon="6.086527">
        <ele>2.475594</ele>
        <time>2026-10-06T12:16:18.432Z</time>
      </trkpt>
      <trkpt lat="53.219214" lon="6.086695">
        <ele>2.510314</ele>
        <time>2026-10-06T12:16:25.838Z</time>
      </trkpt>
      <trkpt lat="53.217100" lon="6.087888">
        <ele>2.465679</ele>
        <time>2026-10-06T12:17:10.930Z</time>
      </trkpt>
      <trkpt lat="53.216803" lon="6.088071">
        <ele>2.403013</ele>
        <time>2026-10-06T12:17:15.326Z</time>
      </trkpt>
      <trkpt lat="53.215978" lon="6.088510">
        <ele>2.142273</ele>
        <time>2026-10-06T12:17:27.246Z</time>
      </trkpt>
      <trkpt lat="53.214719" lon="6.089167">
        <ele>1.709048</ele>
        <time>2026-10-06T12:17:45.231Z</time>
      </trkpt>
      <trkpt lat="53.213891" lon="6.089606">
        <ele>1.392315</ele>
        <time>2026-10-06T12:18:01.757Z</time>
      </trkpt>
      <trkpt lat="53.213341" lon="6.089965">
        <ele>1.167169</ele>
        <time>2026-10-06T12:18:12.882Z</time>
      </trkpt>
      <trkpt lat="53.212949" lon="6.090260">
        <ele>0.991858</ele>
        <time>2026-10-06T12:18:20.842Z</time>
      </trkpt>
      <trkpt lat="53.212657" lon="6.090576">
        <ele>0.849986</ele>
        <time>2026-10-06T12:18:27.294Z</time>
      </trkpt>
      <trkpt lat="53.212638" lon="6.090630">
        <ele>0.834693</ele>
        <time>2026-10-06T12:18:27.988Z</time>
      </trkpt>
      <trkpt lat="53.212542" lon="6.090564">
        <ele>0.792363</ele>
        <time>2026-10-06T12:18:29.358Z</time>
      </trkpt>
      <trkpt lat="53.212508" lon="6.090442">
        <ele>0.759507</ele>
        <time>2026-10-06T12:18:30.447Z</time>
      </trkpt>
      <trkpt lat="53.212487" lon="6.090342">
        <ele>0.733632</ele>
        <time>2026-10-06T12:18:31.322Z</time>
      </trkpt>
      <trkpt lat="53.212458" lon="6.090240">
        <ele>0.706063</ele>
        <time>2026-10-06T12:18:32.254Z</time>
      </trkpt>
      <trkpt lat="53.212281" lon="6.090080">
        <ele>0.623999</ele>
        <time>2026-10-06T12:18:35.057Z</time>
      </trkpt>
      <trkpt lat="53.212212" lon="6.090098">
        <ele>0.595524</ele>
        <time>2026-10-06T12:18:36.029Z</time>
      </trkpt>
      <trkpt lat="53.212149" lon="6.090124">
        <ele>0.569064</ele>
        <time>2026-10-06T12:18:36.925Z</time>
      </trkpt>
      <trkpt lat="53.212051" lon="6.090165">
        <ele>0.527872</ele>
        <time>2026-10-06T12:18:38.317Z</time>
      </trkpt>
      <trkpt lat="53.212058" lon="6.089919">
        <ele>0.517483</ele>
        <time>2026-10-06T12:18:40.318Z</time>
      </trkpt>
      <trkpt lat="53.211987" lon="6.089730">
        <ele>0.508840</ele>
        <time>2026-10-06T12:18:42.105Z</time>
      </trkpt>
      <trkpt lat="53.211984" lon="6.089575">
        <ele>0.502832</ele>
        <time>2026-10-06T12:18:43.342Z</time>
      </trkpt>
      <trkpt lat="53.212007" lon="6.089385">
        <ele>0.495323</ele>
        <time>2026-10-06T12:18:44.919Z</time>
      </trkpt>
      <trkpt lat="53.212112" lon="6.089215">
        <ele>0.485862</ele>
        <time>2026-10-06T12:18:46.969Z</time>
      </trkpt>
      <trkpt lat="53.212155" lon="6.088903">
        <ele>0.473460</ele>
        <time>2026-10-06T12:18:49.740Z</time>
      </trkpt>
      <trkpt lat="53.212027" lon="6.087946">
        <ele>0.435473</ele>
        <time>2026-10-06T12:18:58.755Z</time>
      </trkpt>
      <trkpt lat="53.211879" lon="6.086986">
        <ele>0.435774</ele>
        <time>2026-10-06T12:19:07.836Z</time>
      </trkpt>
      <trkpt lat="53.211449" lon="6.084180">
        <ele>0.628294</ele>
        <time>2026-10-06T12:19:34.765Z</time>
      </trkpt>
      <trkpt lat="53.211267" lon="6.082781">
        <ele>0.622994</ele>
        <time>2026-10-06T12:19:46.975Z</time>
      </trkpt>
      <trkpt lat="53.211059" lon="6.082105">
        <ele>0.620181</ele>
        <time>2026-10-06T12:19:54.028Z</time>
      </trkpt>
      <trkpt lat="53.211080" lon="6.081980">
        <ele>0.619700</ele>
        <time>2026-10-06T12:19:55.165Z</time>
      </trkpt>
      <trkpt lat="53.211188" lon="6.081881">
        <ele>0.618938</ele>
        <time>2026-10-06T12:19:57.043Z</time>
      </trkpt>
      <trkpt lat="53.211185" lon="6.081644">
        <ele>0.617958</ele>
        <time>2026-10-06T12:19:59.144Z</time>
      </trkpt>
      <trkpt lat="53.211116" lon="6.081131">
        <ele>0.544497</ele>
        <time>2026-10-06T12:20:03.653Z</time>
      </trkpt>
      <trkpt lat="53.210681" lon="6.078443">
        <ele>0.153903</ele>
        <time>2026-10-06T12:20:26.696Z</time>
      </trkpt>
      <trkpt lat="53.210529" lon="6.077661">
        <ele>0.034869</ele>
        <time>2026-10-06T12:20:33.265Z</time>
      </trkpt>
      <trkpt lat="53.209918" lon="6.075038">
        <ele>-0.312838</ele>
        <time>2026-10-06T12:20:57.376Z</time>
      </trkpt>
      <trkpt lat="53.209642" lon="6.073610">
        <ele>-0.434747</ele>
        <time>2026-10-06T12:21:10.128Z</time>
      </trkpt>
      <trkpt lat="53.208910" lon="6.068793">
        <ele>-0.416099</ele>
        <time>2026-10-06T12:21:54.155Z</time>
      </trkpt>
      <trkpt lat="53.208860" lon="6.068721">
        <ele>-0.409513</ele>
        <time>2026-10-06T12:21:55.196Z</time>
      </trkpt>
      <trkpt lat="53.208709" lon="6.068678">
        <ele>-0.394233</ele>
        <time>2026-10-06T12:21:57.635Z</time>
      </trkpt>
      <trkpt lat="53.208553" lon="6.068740">
        <ele>-0.378236</ele>
        <time>2026-10-06T12:22:00.160Z</time>
      </trkpt>
      <trkpt lat="53.207680" lon="6.068612">
        <ele>-0.286411</ele>
        <time>2026-10-06T12:22:13.693Z</time>
      </trkpt>
      <trkpt lat="53.207433" lon="6.068510">
        <ele>-0.257273</ele>
        <time>2026-10-06T12:22:17.624Z</time>
      </trkpt>
      <trkpt lat="53.206986" lon="6.068533">
        <ele>-0.206059</ele>
        <time>2026-10-06T12:22:24.502Z</time>
      </trkpt>
      <trkpt lat="53.206763" lon="6.068631">
        <ele>-0.179652</ele>
        <time>2026-10-06T12:22:28.027Z</time>
      </trkpt>
      <trkpt lat="53.205979" lon="6.068625">
        <ele>-0.135811</ele>
        <time>2026-10-06T12:22:39.739Z</time>
      </trkpt>
      <trkpt lat="53.205523" lon="6.068522">
        <ele>-0.181003</ele>
        <time>2026-10-06T12:22:46.528Z</time>
      </trkpt>
      <trkpt lat="53.203922" lon="6.068628">
        <ele>-0.233938</ele>
        <time>2026-10-06T12:23:09.226Z</time>
      </trkpt>
      <trkpt lat="53.202920" lon="6.068597">
        <ele>-0.114220</ele>
        <time>2026-10-06T12:23:24.808Z</time>
      </trkpt>
      <trkpt lat="53.202120" lon="6.068632">
        <ele>0.064944</ele>
        <time>2026-10-06T12:23:37.824Z</time>
      </trkpt>
      <trkpt lat="53.202077" lon="6.068556">
        <ele>0.083247</ele>
        <time>2026-10-06T12:23:39.137Z</time>
      </trkpt>
      <trkpt lat="53.202039" lon="6.068495">
        <ele>0.098655</ele>
        <time>2026-10-06T12:23:40.250Z</time>
      </trkpt>
      <trkpt lat="53.201994" lon="6.068485">
        <ele>0.111923</ele>
        <time>2026-10-06T12:23:41.209Z</time>
      </trkpt>
      <trkpt lat="53.201710" lon="6.068512">
        <ele>0.195065</ele>
        <time>2026-10-06T12:23:47.260Z</time>
      </trkpt>
      <trkpt lat="53.201248" lon="6.068585">
        <ele>0.330700</ele>
        <time>2026-10-06T12:23:57.340Z</time>
      </trkpt>
      <trkpt lat="53.201209" lon="6.068647">
        <ele>0.346440</ele>
        <time>2026-10-06T12:23:58.499Z</time>
      </trkpt>
      <trkpt lat="53.201112" lon="6.068659">
        <ele>0.374869</ele>
        <time>2026-10-06T12:24:00.105Z</time>
      </trkpt>
      <trkpt lat="53.201058" lon="6.068667">
        <ele>0.390714</ele>
        <time>2026-10-06T12:24:00.968Z</time>
      </trkpt>
      <trkpt lat="53.200337" lon="6.068748">
        <ele>0.600787</ele>
        <time>2026-10-06T12:24:12.602Z</time>
      </trkpt>
      <trkpt lat="53.200311" lon="6.068751">
        <ele>0.608348</ele>
        <time>2026-10-06T12:24:13.018Z</time>
      </trkpt>
      <trkpt lat="53.199036" lon="6.068761">
        <ele>0.971880</ele>
        <time>2026-10-06T12:24:33.509Z</time>
      </trkpt>
      <trkpt lat="53.198925" lon="6.068763">
        <ele>0.975354</ele>
        <time>2026-10-06T12:24:35.218Z</time>
      </trkpt>
      <trkpt lat="53.198252" lon="6.068774">
        <ele>0.996420</ele>
        <time>2026-10-06T12:24:45.416Z</time>
      </trkpt>
      <trkpt lat="53.198090" lon="6.068780">
        <ele>1.001492</ele>
        <time>2026-10-06T12:24:47.838Z</time>
      </trkpt>
      <trkpt lat="53.194663" lon="6.068904">
        <ele>0.923494</ele>
        <time>2026-10-06T12:25:37.613Z</time>
      </trkpt>
      <trkpt lat="53.193843" lon="6.068996">
        <ele>0.977342</ele>
        <time>2026-10-06T12:25:50.424Z</time>
      </trkpt>
      <trkpt lat="53.192521" lon="6.069086">
        <ele>1.058934</ele>
        <time>2026-10-06T12:26:10.467Z</time>
      </trkpt>
      <trkpt lat="53.192084" lon="6.069085">
        <ele>1.085624</ele>
        <time>2026-10-06T12:26:16.818Z</time>
      </trkpt>
      <trkpt lat="53.191691" lon="6.069039">
        <ele>1.092891</ele>
        <time>2026-10-06T12:26:22.730Z</time>
      </trkpt>
      <trkpt lat="53.191186" lon="6.068959">
        <ele>1.076483</ele>
        <time>2026-10-06T12:26:30.439Z</time>
      </trkpt>
      <trkpt lat="53.190423" lon="6.068823">
        <ele>1.051663</ele>
        <time>2026-10-06T12:26:41.529Z</time>
      </trkpt>
      <trkpt lat="53.188263" lon="6.068501">
        <ele>1.013784</ele>
        <time>2026-10-06T12:27:12.725Z</time>
      </trkpt>
      <trkpt lat="53.187878" lon="6.068573">
        <ele>1.227259</ele>
        <time>2026-10-06T12:27:19.739Z</time>
      </trkpt>
      <trkpt lat="53.187636" lon="6.068715">
        <ele>1.368611</ele>
        <time>2026-10-06T12:27:24.372Z</time>
      </trkpt>
      <trkpt lat="53.187450" lon="6.068901">
        <ele>1.488094</ele>
        <time>2026-10-06T12:27:28.182Z</time>
      </trkpt>
      <trkpt lat="53.187319" lon="6.069114">
        <ele>1.588875</ele>
        <time>2026-10-06T12:27:32.454Z</time>
      </trkpt>
      <trkpt lat="53.187242" lon="6.069356">
        <ele>1.679345</ele>
        <time>2026-10-06T12:27:36.284Z</time>
      </trkpt>
      <trkpt lat="53.187140" lon="6.069948">
        <ele>1.882732</ele>
        <time>2026-10-06T12:27:44.564Z</time>
      </trkpt>
      <trkpt lat="53.187076" lon="6.070222">
        <ele>1.979833</ele>
        <time>2026-10-06T12:27:48.399Z</time>
      </trkpt>
      <trkpt lat="53.186974" lon="6.070464">
        <ele>2.047082</ele>
        <time>2026-10-06T12:27:52.250Z</time>
      </trkpt>
      <trkpt lat="53.186739" lon="6.070760">
        <ele>2.152410</ele>
        <time>2026-10-06T12:27:58.567Z</time>
      </trkpt>
      <trkpt lat="53.186439" lon="6.071046">
        <ele>2.276012</ele>
        <time>2026-10-06T12:28:05.655Z</time>
      </trkpt>
      <trkpt lat="53.186277" lon="6.071170">
        <ele>2.339772</ele>
        <time>2026-10-06T12:28:09.422Z</time>
      </trkpt>
      <trkpt lat="53.186123" lon="6.071247">
        <ele>2.397285</ele>
        <time>2026-10-06T12:28:12.874Z</time>
      </trkpt>
      <trkpt lat="53.185561" lon="6.071239">
        <ele>2.598347</ele>
        <time>2026-10-06T12:28:25.445Z</time>
      </trkpt>
      <trkpt lat="53.185278" lon="6.071046">
        <ele>2.636553</ele>
        <time>2026-10-06T12:28:32.290Z</time>
      </trkpt>
      <trkpt lat="53.184916" lon="6.070751">
        <ele>2.641171</ele>
        <time>2026-10-06T12:28:40.868Z</time>
      </trkpt>
      <trkpt lat="53.184656" lon="6.070538">
        <ele>2.644491</ele>
        <time>2026-10-06T12:28:46.710Z</time>
      </trkpt>
      <trkpt lat="53.184525" lon="6.070475">
        <ele>2.646054</ele>
        <time>2026-10-06T12:28:49.362Z</time>
      </trkpt>
      <trkpt lat="53.183514" lon="6.070077">
        <ele>2.650974</ele>
        <time>2026-10-06T12:29:09.198Z</time>
      </trkpt>
      <trkpt lat="53.181229" lon="6.069252">
        <ele>2.527664</ele>
        <time>2026-10-06T12:29:57.198Z</time>
      </trkpt>
      <trkpt lat="53.180627" lon="6.070716">
        <ele>2.388354</ele>
        <time>2026-10-06T12:30:17.513Z</time>
      </trkpt>
      <trkpt lat="53.180400" lon="6.071410">
        <ele>2.293290</ele>
        <time>2026-10-06T12:30:26.499Z</time>
      </trkpt>
      <trkpt lat="53.180231" lon="6.072303">
        <ele>2.180692</ele>
        <time>2026-10-06T12:30:37.477Z</time>
      </trkpt>
      <trkpt lat="53.179999" lon="6.074331">
        <ele>1.961982</ele>
        <time>2026-10-06T12:31:02.072Z</time>
      </trkpt>
      <trkpt lat="53.179830" lon="6.075350">
        <ele>1.868708</ele>
        <time>2026-10-06T12:31:14.546Z</time>
      </trkpt>
      <trkpt lat="53.179775" lon="6.075620">
        <ele>1.843550</ele>
        <time>2026-10-06T12:31:17.892Z</time>
      </trkpt>
      <trkpt lat="53.179520" lon="6.076879">
        <ele>1.664751</ele>
        <time>2026-10-06T12:31:33.396Z</time>
      </trkpt>
      <trkpt lat="53.178710" lon="6.077005">
        <ele>1.403995</ele>
        <time>2026-10-06T12:31:44.716Z</time>
      </trkpt>
      <trkpt lat="53.177441" lon="6.077023">
        <ele>1.119001</ele>
        <time>2026-10-06T12:32:01.521Z</time>
      </trkpt>
      <trkpt lat="53.177017" lon="6.077110">
        <ele>1.063474</ele>
        <time>2026-10-06T12:32:07.666Z</time>
      </trkpt>
      <trkpt lat="53.176868" lon="6.077099">
        <ele>1.044087</ele>
        <time>2026-10-06T12:32:09.902Z</time>
      </trkpt>
      <trkpt lat="53.175963" lon="6.076521">
        <ele>0.961865</ele>
        <time>2026-10-06T12:32:25.220Z</time>
      </trkpt>
      <trkpt lat="53.174842" lon="6.075658">
        <ele>0.941344</ele>
        <time>2026-10-06T12:32:43.790Z</time>
      </trkpt>
      <trkpt lat="53.174263" lon="6.075307">
        <ele>0.793803</ele>
        <time>2026-10-06T12:32:52.026Z</time>
      </trkpt>
      <trkpt lat="53.174116" lon="6.075125">
        <ele>0.733349</ele>
        <time>2026-10-06T12:32:54.408Z</time>
      </trkpt>
      <trkpt lat="53.174018" lon="6.074918">
        <ele>0.681134</ele>
        <time>2026-10-06T12:32:56.468Z</time>
      </trkpt>
      <trkpt lat="53.173475" lon="6.074046">
        <ele>0.432232</ele>
        <time>2026-10-06T12:33:06.577Z</time>
      </trkpt>
      <trkpt lat="53.173325" lon="6.073874">
        <ele>0.372123</ele>
        <time>2026-10-06T12:33:09.111Z</time>
      </trkpt>
      <trkpt lat="53.172400" lon="6.073092">
        <ele>0.384933</ele>
        <time>2026-10-06T12:33:24.667Z</time>
      </trkpt>
      <trkpt lat="53.171229" lon="6.081030">
        <ele>0.900089</ele>
        <time>2026-10-06T12:34:39.902Z</time>
      </trkpt>
      <trkpt lat="53.171147" lon="6.081591">
        <ele>0.891163</ele>
        <time>2026-10-06T12:34:44.850Z</time>
      </trkpt>
      <trkpt lat="53.170467" lon="6.086268">
        <ele>0.602956</ele>
        <time>2026-10-06T12:35:27.092Z</time>
      </trkpt>
      <trkpt lat="53.170302" lon="6.087428">
        <ele>0.175417</ele>
        <time>2026-10-06T12:35:36.179Z</time>
      </trkpt>
      <trkpt lat="53.170140" lon="6.088641">
        <ele>-0.270245</ele>
        <time>2026-10-06T12:35:45.587Z</time>
      </trkpt>
      <trkpt lat="53.170139" lon="6.088776">
        <ele>-0.318661</ele>
        <time>2026-10-06T12:35:46.640Z</time>
      </trkpt>
      <trkpt lat="53.170126" lon="6.088813">
        <ele>-0.334041</ele>
        <time>2026-10-06T12:35:46.976Z</time>
      </trkpt>
      <trkpt lat="53.170118" lon="6.088834">
        <ele>-0.342964</ele>
        <time>2026-10-06T12:35:47.168Z</time>
      </trkpt>
      <trkpt lat="53.170028" lon="6.088915">
        <ele>-0.404142</ele>
        <time>2026-10-06T12:35:48.532Z</time>
      </trkpt>
      <trkpt lat="53.169865" lon="6.087980">
        <ele>-0.491978</ele>
        <time>2026-10-06T12:35:56.309Z</time>
      </trkpt>
      <trkpt lat="53.169721" lon="6.088065">
        <ele>-0.511986</ele>
        <time>2026-10-06T12:35:58.515Z</time>
      </trkpt>
      <trkpt lat="53.169382" lon="6.088160">
        <ele>-0.557013</ele>
        <time>2026-10-06T12:36:03.834Z</time>
      </trkpt>
      <trkpt lat="53.169291" lon="6.088217">
        <ele>-0.569746</ele>
        <time>2026-10-06T12:36:05.276Z</time>
      </trkpt>
      <trkpt lat="53.169179" lon="6.088300">
        <ele>-0.585799</ele>
        <time>2026-10-06T12:36:07.082Z</time>
      </trkpt>
      <trkpt lat="53.169040" lon="6.088504">
        <ele>-0.610050</ele>
        <time>2026-10-06T12:36:09.864Z</time>
      </trkpt>
      <trkpt lat="53.165367" lon="6.095006">
        <ele>-0.191914</ele>
        <time>2026-10-06T12:37:31.446Z</time>
      </trkpt>
      <trkpt lat="53.165214" lon="6.095199">
        <ele>-0.182835</ele>
        <time>2026-10-06T12:37:34.203Z</time>
      </trkpt>
      <trkpt lat="53.165061" lon="6.095301">
        <ele>-0.175038</ele>
        <time>2026-10-06T12:37:36.681Z</time>
      </trkpt>
      <trkpt lat="53.164754" lon="6.095331">
        <ele>-0.193891</ele>
        <time>2026-10-06T12:37:41.266Z</time>
      </trkpt>
      <trkpt lat="53.164182" lon="6.095055">
        <ele>-0.235255</ele>
        <time>2026-10-06T12:37:50.061Z</time>
      </trkpt>
      <trkpt lat="53.164116" lon="6.095023">
        <ele>-0.240030</ele>
        <time>2026-10-06T12:37:51.146Z</time>
      </trkpt>
      <trkpt lat="53.162819" lon="6.094356">
        <ele>-0.450008</ele>
        <time>2026-10-06T12:38:10.305Z</time>
      </trkpt>
      <trkpt lat="53.161935" lon="6.093317">
        <ele>-0.771024</ele>
        <time>2026-10-06T12:38:24.869Z</time>
      </trkpt>
      <trkpt lat="53.161785" lon="6.093241">
        <ele>-0.817559</ele>
        <time>2026-10-06T12:38:27.047Z</time>
      </trkpt>
      <trkpt lat="53.161625" lon="6.093225">
        <ele>-0.810780</ele>
        <time>2026-10-06T12:38:29.326Z</time>
      </trkpt>
      <trkpt lat="53.161465" lon="6.093269">
        <ele>-0.777801</ele>
        <time>2026-10-06T12:38:31.713Z</time>
      </trkpt>
      <trkpt lat="53.161303" lon="6.093370">
        <ele>-0.742627</ele>
        <time>2026-10-06T12:38:34.340Z</time>
      </trkpt>
      <trkpt lat="53.161127" lon="6.093598">
        <ele>-0.697304</ele>
        <time>2026-10-06T12:38:37.853Z</time>
      </trkpt>
      <trkpt lat="53.159966" lon="6.095955">
        <ele>-0.345335</ele>
        <time>2026-10-06T12:39:07.735Z</time>
      </trkpt>
      <trkpt lat="53.159740" lon="6.096240">
        <ele>-0.295841</ele>
        <time>2026-10-06T12:39:12.070Z</time>
      </trkpt>
      <trkpt lat="53.159557" lon="6.096344">
        <ele>-0.262069</ele>
        <time>2026-10-06T12:39:14.986Z</time>
      </trkpt>
      <trkpt lat="53.159331" lon="6.096342">
        <ele>-0.222589</ele>
        <time>2026-10-06T12:39:18.350Z</time>
      </trkpt>
      <trkpt lat="53.159025" lon="6.096178">
        <ele>-0.166443</ele>
        <time>2026-10-06T12:39:23.041Z</time>
      </trkpt>
      <trkpt lat="53.156666" lon="6.094610">
        <ele>-0.642551</ele>
        <time>2026-10-06T12:39:59.105Z</time>
      </trkpt>
      <trkpt lat="53.156247" lon="6.094294">
        <ele>-0.762377</ele>
        <time>2026-10-06T12:40:05.391Z</time>
      </trkpt>
      <trkpt lat="53.155957" lon="6.093822">
        <ele>-0.867968</ele>
        <time>2026-10-06T12:40:10.918Z</time>
      </trkpt>
      <trkpt lat="53.154994" lon="6.091461">
        <ele>-1.181878</ele>
        <time>2026-10-06T12:40:34.955Z</time>
      </trkpt>
      <trkpt lat="53.154729" lon="6.091072">
        <ele>-1.241489</ele>
        <time>2026-10-06T12:40:40.076Z</time>
      </trkpt>
      <trkpt lat="53.153779" lon="6.089934">
        <ele>-1.109818</ele>
        <time>2026-10-06T12:40:57.971Z</time>
      </trkpt>
      <trkpt lat="53.153485" lon="6.089747">
        <ele>-1.074113</ele>
        <time>2026-10-06T12:41:02.893Z</time>
      </trkpt>
      <trkpt lat="53.153370" lon="6.089736">
        <ele>-1.061042</ele>
        <time>2026-10-06T12:41:04.714Z</time>
      </trkpt>
      <trkpt lat="53.153163" lon="6.089806">
        <ele>-1.037232</ele>
        <time>2026-10-06T12:41:07.992Z</time>
      </trkpt>
      <trkpt lat="53.152952" lon="6.090007">
        <ele>-1.014201</ele>
        <time>2026-10-06T12:41:11.789Z</time>
      </trkpt>
      <trkpt lat="53.151153" lon="6.092519">
        <ele>-0.713388</ele>
        <time>2026-10-06T12:41:47.243Z</time>
      </trkpt>
      <trkpt lat="53.150426" lon="6.093769">
        <ele>-0.509613</ele>
        <time>2026-10-06T12:42:03.923Z</time>
      </trkpt>
      <trkpt lat="53.149330" lon="6.096570">
        <ele>-0.046583</ele>
        <time>2026-10-06T12:42:35.629Z</time>
      </trkpt>
      <trkpt lat="53.148289" lon="6.099398">
        <ele>0.264549</ele>
        <time>2026-10-06T12:43:06.082Z</time>
      </trkpt>
      <trkpt lat="53.147967" lon="6.100226">
        <ele>0.404927</ele>
        <time>2026-10-06T12:43:15.241Z</time>
      </trkpt>
      <trkpt lat="53.147742" lon="6.100860">
        <ele>0.509722</ele>
        <time>2026-10-06T12:43:22.260Z</time>
      </trkpt>
      <trkpt lat="53.147484" lon="6.101579">
        <ele>0.692187</ele>
        <time>2026-10-06T12:43:33.239Z</time>
      </trkpt>
      <trkpt lat="53.146797" lon="6.103431">
        <ele>1.458962</ele>
        <time>2026-10-06T12:44:03.212Z</time>
      </trkpt>
      <trkpt lat="53.146701" lon="6.103697">
        <ele>1.568277</ele>
        <time>2026-10-06T12:44:07.406Z</time>
      </trkpt>
      <trkpt lat="53.146204" lon="6.103742">
        <ele>1.691176</ele>
        <time>2026-10-06T12:44:18.366Z</time>
      </trkpt>
      <trkpt lat="53.146143" lon="6.103708">
        <ele>1.699676</ele>
        <time>2026-10-06T12:44:19.739Z</time>
      </trkpt>
      <trkpt lat="53.146052" lon="6.103605">
        <ele>1.714210</ele>
        <time>2026-10-06T12:44:22.122Z</time>
      </trkpt>
      <trkpt lat="53.145960" lon="6.103502">
        <ele>1.728854</ele>
        <time>2026-10-06T12:44:24.497Z</time>
      </trkpt>
      <trkpt lat="53.145596" lon="6.103029">
        <ele>1.789839</ele>
        <time>2026-10-06T12:44:34.085Z</time>
      </trkpt>
      <trkpt lat="53.145386" lon="6.102746">
        <ele>1.825521</ele>
        <time>2026-10-06T12:44:39.480Z</time>
      </trkpt>
      <trkpt lat="53.145161" lon="6.103046">
        <ele>1.863593</ele>
        <time>2026-10-06T12:44:45.111Z</time>
      </trkpt>
      <trkpt lat="53.145167" lon="6.103138">
        <ele>1.870928</ele>
        <time>2026-10-06T12:44:46.185Z</time>
      </trkpt>
      <trkpt lat="53.144811" lon="6.103616">
        <ele>1.667100</ele>
        <time>2026-10-06T12:44:55.006Z</time>
      </trkpt>
      <trkpt lat="53.144672" lon="6.103752">
        <ele>1.579446</ele>
        <time>2026-10-06T12:44:58.106Z</time>
      </trkpt>
      <trkpt lat="53.143721" lon="6.104713">
        <ele>0.974636</ele>
        <time>2026-10-06T12:45:18.197Z</time>
      </trkpt>
      <trkpt lat="53.143563" lon="6.105008">
        <ele>0.847347</ele>
        <time>2026-10-06T12:45:22.383Z</time>
      </trkpt>
      <trkpt lat="53.143229" lon="6.105496">
        <ele>0.613283</ele>
        <time>2026-10-06T12:45:30.429Z</time>
      </trkpt>
      <trkpt lat="53.143054" lon="6.105695">
        <ele>0.501639</ele>
        <time>2026-10-06T12:45:34.245Z</time>
      </trkpt>
      <trkpt lat="53.142834" lon="6.105936">
        <ele>0.362900</ele>
        <time>2026-10-06T12:45:38.961Z</time>
      </trkpt>
      <trkpt lat="53.142673" lon="6.106103">
        <ele>0.262964</ele>
        <time>2026-10-06T12:45:42.528Z</time>
      </trkpt>
      <trkpt lat="53.142515" lon="6.106278">
        <ele>0.162989</ele>
        <time>2026-10-06T12:45:46.191Z</time>
      </trkpt>
      <trkpt lat="53.142430" lon="6.106383">
        <ele>0.107233</ele>
        <time>2026-10-06T12:45:48.185Z</time>
      </trkpt>
      <trkpt lat="53.142322" lon="6.106542">
        <ele>0.031296</ele>
        <time>2026-10-06T12:45:50.912Z</time>
      </trkpt>
      <trkpt lat="53.142015" lon="6.107040">
        <ele>-0.031739</ele>
        <time>2026-10-06T12:45:59.045Z</time>
      </trkpt>
      <trkpt lat="53.141837" lon="6.107351">
        <ele>-0.018177</ele>
        <time>2026-10-06T12:46:04.183Z</time>
      </trkpt>
      <trkpt lat="53.141446" lon="6.108001">
        <ele>0.010867</ele>
        <time>2026-10-06T12:46:12.323Z</time>
      </trkpt>
      <trkpt lat="53.140590" lon="6.109418">
        <ele>0.242731</ele>
        <time>2026-10-06T12:46:38.403Z</time>
      </trkpt>
      <trkpt lat="53.140453" lon="6.109597">
        <ele>0.310700</ele>
        <time>2026-10-06T12:46:42.346Z</time>
      </trkpt>
      <trkpt lat="53.140131" lon="6.109960">
        <ele>0.462489</ele>
        <time>2026-10-06T12:46:51.059Z</time>
      </trkpt>
      <trkpt lat="53.138872" lon="6.111186">
        <ele>0.855824</ele>
        <time>2026-10-06T12:47:22.584Z</time>
      </trkpt>
      <trkpt lat="53.138470" lon="6.111614">
        <ele>0.925573</ele>
        <time>2026-10-06T12:47:32.492Z</time>
      </trkpt>
      <trkpt lat="53.138459" lon="6.111914">
        <ele>0.951937</ele>
        <time>2026-10-06T12:47:36.159Z</time>
      </trkpt>
      <trkpt lat="53.138507" lon="6.112100">
        <ele>0.969699</ele>
        <time>2026-10-06T12:47:38.574Z</time>
      </trkpt>
      <trkpt lat="53.138247" lon="6.112233">
        <ele>1.009467</ele>
        <time>2026-10-06T12:47:43.941Z</time>
      </trkpt>
      <trkpt lat="53.138137" lon="6.112277">
        <ele>0.995920</ele>
        <time>2026-10-06T12:47:46.154Z</time>
      </trkpt>
      <trkpt lat="53.137941" lon="6.112426">
        <ele>0.951904</ele>
        <time>2026-10-06T12:47:50.271Z</time>
      </trkpt>
      <trkpt lat="53.137161" lon="6.113189">
        <ele>0.767115</ele>
        <time>2026-10-06T12:48:07.535Z</time>
      </trkpt>
      <trkpt lat="53.136550" lon="6.113809">
        <ele>0.660665</ele>
        <time>2026-10-06T12:48:21.579Z</time>
      </trkpt>
      <trkpt lat="53.135937" lon="6.114428">
        <ele>0.746918</ele>
        <time>2026-10-06T12:48:36.310Z</time>
      </trkpt>
      <trkpt lat="53.135250" lon="6.115105">
        <ele>0.842963</ele>
        <time>2026-10-06T12:48:53.314Z</time>
      </trkpt>
      <trkpt lat="53.134686" lon="6.115421">
        <ele>0.942690</ele>
        <time>2026-10-06T12:49:05.681Z</time>
      </trkpt>
      <trkpt lat="53.134476" lon="6.115608">
        <ele>0.986789</ele>
        <time>2026-10-06T12:49:10.600Z</time>
      </trkpt>
      <trkpt lat="53.134281" lon="6.115643">
        <ele>1.023115</ele>
        <time>2026-10-06T12:49:14.652Z</time>
      </trkpt>
      <trkpt lat="53.134208" lon="6.115696">
        <ele>1.037864</ele>
        <time>2026-10-06T12:49:16.267Z</time>
      </trkpt>
      <trkpt lat="53.134307" lon="6.115875">
        <ele>1.064917</ele>
        <time>2026-10-06T12:49:18.485Z</time>
      </trkpt>
      <trkpt lat="53.135897" lon="6.120684">
        <ele>1.779449</ele>
        <time>2026-10-06T12:50:10.798Z</time>
      </trkpt>
      <trkpt lat="53.137740" lon="6.126262">
        <ele>2.294538</ele>
        <time>2026-10-06T12:51:08.764Z</time>
      </trkpt>
      <trkpt lat="53.139453" lon="6.131223">
        <ele>3.044177</ele>
        <time>2026-10-06T12:52:21.998Z</time>
      </trkpt>
      <trkpt lat="53.139541" lon="6.131410">
        <ele>3.059585</ele>
        <time>2026-10-06T12:52:24.214Z</time>
      </trkpt>
      <trkpt lat="53.139836" lon="6.132343">
        <ele>3.127960</ele>
        <time>2026-10-06T12:52:33.788Z</time>
      </trkpt>
      <trkpt lat="53.140423" lon="6.134091">
        <ele>3.024903</ele>
        <time>2026-10-06T12:52:50.887Z</time>
      </trkpt>
      <trkpt lat="53.137384" lon="6.136853">
        <ele>2.838913</ele>
        <time>2026-10-06T12:53:41.012Z</time>
      </trkpt>
      <trkpt lat="53.137245" lon="6.136972">
        <ele>2.849703</ele>
        <time>2026-10-06T12:53:43.439Z</time>
      </trkpt>
      <trkpt lat="53.137053" lon="6.137137">
        <ele>2.864620</ele>
        <time>2026-10-06T12:53:46.809Z</time>
      </trkpt>
      <trkpt lat="53.136180" lon="6.137847">
        <ele>3.006199</ele>
        <time>2026-10-06T12:54:07.304Z</time>
      </trkpt>
      <trkpt lat="53.136114" lon="6.137899">
        <ele>3.023685</ele>
        <time>2026-10-06T12:54:08.419Z</time>
      </trkpt>
      <trkpt lat="53.135014" lon="6.138763">
        <ele>3.314959</ele>
        <time>2026-10-06T12:54:27.663Z</time>
      </trkpt>
      <trkpt lat="53.134957" lon="6.138836">
        <ele>3.332177</ele>
        <time>2026-10-06T12:54:28.827Z</time>
      </trkpt>
      <trkpt lat="53.134946" lon="6.138861">
        <ele>3.335991</ele>
        <time>2026-10-06T12:54:29.128Z</time>
      </trkpt>
      <trkpt lat="53.134811" lon="6.139205">
        <ele>3.386212</ele>
        <time>2026-10-06T12:54:33.038Z</time>
      </trkpt>
      <trkpt lat="53.134642" lon="6.139548">
        <ele>3.440438</ele>
        <time>2026-10-06T12:54:37.254Z</time>
      </trkpt>
      <trkpt lat="53.134256" lon="6.139785">
        <ele>3.524207</ele>
        <time>2026-10-06T12:54:43.835Z</time>
      </trkpt>
      <trkpt lat="53.133969" lon="6.139961">
        <ele>3.586482</ele>
        <time>2026-10-06T12:54:48.669Z</time>
      </trkpt>
      <trkpt lat="53.134340" lon="6.141338">
        <ele>3.729649</ele>
        <time>2026-10-06T12:55:02.308Z</time>
      </trkpt>
      <trkpt lat="53.135050" lon="6.143931">
        <ele>3.827368</ele>
        <time>2026-10-06T12:55:28.438Z</time>
      </trkpt>
      <trkpt lat="53.135236" lon="6.144622">
        <ele>3.778793</ele>
        <time>2026-10-06T12:55:35.079Z</time>
      </trkpt>
      <trkpt lat="53.135283" lon="6.144857">
        <ele>3.762905</ele>
        <time>2026-10-06T12:55:37.200Z</time>
      </trkpt>
      <trkpt lat="53.135276" lon="6.145024">
        <ele>3.752168</ele>
        <time>2026-10-06T12:55:38.627Z</time>
      </trkpt>
      <trkpt lat="53.134039" lon="6.145839">
        <ele>3.629524</ele>
        <time>2026-10-06T12:55:57.218Z</time>
      </trkpt>
      <trkpt lat="53.132876" lon="6.146617">
        <ele>3.544457</ele>
        <time>2026-10-06T12:56:15.768Z</time>
      </trkpt>
      <trkpt lat="53.131213" lon="6.147729">
        <ele>3.744055</ele>
        <time>2026-10-06T12:56:43.314Z</time>
      </trkpt>
      <trkpt lat="53.131194" lon="6.147741">
        <ele>3.746410</ele>
        <time>2026-10-06T12:56:43.626Z</time>
      </trkpt>
      <trkpt lat="53.130910" lon="6.147931">
        <ele>3.715209</ele>
        <time>2026-10-06T12:56:48.205Z</time>
      </trkpt>
      <trkpt lat="53.130302" lon="6.148337">
        <ele>3.632439</ele>
        <time>2026-10-06T12:56:57.751Z</time>
      </trkpt>
      <trkpt lat="53.129220" lon="6.149059">
        <ele>3.464502</ele>
        <time>2026-10-06T12:57:14.003Z</time>
      </trkpt>
      <trkpt lat="53.128862" lon="6.149294">
        <ele>3.389126</ele>
        <time>2026-10-06T12:57:19.284Z</time>
      </trkpt>
      <trkpt lat="53.128588" lon="6.149476">
        <ele>3.331344</ele>
        <time>2026-10-06T12:57:23.387Z</time>
      </trkpt>
      <trkpt lat="53.128408" lon="6.149596">
        <ele>3.293365</ele>
        <time>2026-10-06T12:57:26.112Z</time>
      </trkpt>
      <trkpt lat="53.127924" lon="6.149933">
        <ele>3.190608</ele>
        <time>2026-10-06T12:57:33.638Z</time>
      </trkpt>
      <trkpt lat="53.127856" lon="6.149981">
        <ele>3.176141</ele>
        <time>2026-10-06T12:57:34.696Z</time>
      </trkpt>
      <trkpt lat="53.126420" lon="6.150948">
        <ele>3.268204</ele>
        <time>2026-10-06T12:57:58.402Z</time>
      </trkpt>
      <trkpt lat="53.126372" lon="6.150980">
        <ele>3.271534</ele>
        <time>2026-10-06T12:57:59.206Z</time>
      </trkpt>
      <trkpt lat="53.124932" lon="6.151934">
        <ele>3.231860</ele>
        <time>2026-10-06T12:58:22.090Z</time>
      </trkpt>
      <trkpt lat="53.122695" lon="6.153382">
        <ele>2.906637</ele>
        <time>2026-10-06T12:58:56.256Z</time>
      </trkpt>
      <trkpt lat="53.121396" lon="6.154230">
        <ele>2.704869</ele>
        <time>2026-10-06T12:59:16.227Z</time>
      </trkpt>
      <trkpt lat="53.120877" lon="6.154396">
        <ele>2.694782</ele>
        <time>2026-10-06T12:59:23.678Z</time>
      </trkpt>
      <trkpt lat="53.120216" lon="6.155019">
        <ele>2.787007</ele>
        <time>2026-10-06T12:59:34.901Z</time>
      </trkpt>
      <trkpt lat="53.119267" lon="6.155679">
        <ele>2.927529</ele>
        <time>2026-10-06T12:59:51.841Z</time>
      </trkpt>
      <trkpt lat="53.117697" lon="6.156698">
        <ele>3.228300</ele>
        <time>2026-10-06T13:00:17.816Z</time>
      </trkpt>
      <trkpt lat="53.117207" lon="6.156956">
        <ele>3.265322</ele>
        <time>2026-10-06T13:00:25.104Z</time>
      </trkpt>
      <trkpt lat="53.116367" lon="6.157308">
        <ele>3.327723</ele>
        <time>2026-10-06T13:00:38.029Z</time>
      </trkpt>
      <trkpt lat="53.115890" lon="6.157428">
        <ele>3.375216</ele>
        <time>2026-10-06T13:00:45.766Z</time>
      </trkpt>
      <trkpt lat="53.115566" lon="6.157420">
        <ele>3.420454</ele>
        <time>2026-10-06T13:00:51.003Z</time>
      </trkpt>
      <trkpt lat="53.115250" lon="6.157310">
        <ele>3.465523</ele>
        <time>2026-10-06T13:00:56.105Z</time>
      </trkpt>
      <trkpt lat="53.114910" lon="6.157050">
        <ele>3.517750</ele>
        <time>2026-10-06T13:01:01.828Z</time>
      </trkpt>
      <trkpt lat="53.114620" lon="6.156680">
        <ele>3.568744</ele>
        <time>2026-10-06T13:01:07.238Z</time>
      </trkpt>
      <trkpt lat="53.114369" lon="6.156257">
        <ele>3.606093</ele>
        <time>2026-10-06T13:01:12.516Z</time>
      </trkpt>
      <trkpt lat="53.114036" lon="6.155702">
        <ele>3.627647</ele>
        <time>2026-10-06T13:01:19.559Z</time>
      </trkpt>
      <trkpt lat="53.113660" lon="6.155340">
        <ele>3.647520</ele>
        <time>2026-10-06T13:01:26.094Z</time>
      </trkpt>
      <trkpt lat="53.113317" lon="6.155168">
        <ele>3.663912</ele>
        <time>2026-10-06T13:01:31.594Z</time>
      </trkpt>
      <trkpt lat="53.112962" lon="6.155142">
        <ele>3.680173</ele>
        <time>2026-10-06T13:01:37.062Z</time>
      </trkpt>
      <trkpt lat="53.110893" lon="6.155174">
        <ele>3.699068</ele>
        <time>2026-10-06T13:02:07.598Z</time>
      </trkpt>
      <trkpt lat="53.110593" lon="6.155208">
        <ele>3.696051</ele>
        <time>2026-10-06T13:02:12.154Z</time>
      </trkpt>
      <trkpt lat="53.110340" lon="6.155172">
        <ele>3.693503</ele>
        <time>2026-10-06T13:02:16.004Z</time>
      </trkpt>
      <trkpt lat="53.110038" lon="6.155058">
        <ele>3.690397</ele>
        <time>2026-10-06T13:02:20.683Z</time>
      </trkpt>
      <trkpt lat="53.106865" lon="6.155080">
        <ele>3.333773</ele>
        <time>2026-10-06T13:03:05.886Z</time>
      </trkpt>
      <trkpt lat="53.106510" lon="6.155120">
        <ele>3.296829</ele>
        <time>2026-10-06T13:03:10.946Z</time>
      </trkpt>
      <trkpt lat="53.106213" lon="6.155181">
        <ele>3.265758</ele>
        <time>2026-10-06T13:03:15.265Z</time>
      </trkpt>
      <trkpt lat="53.106118" lon="6.155230">
        <ele>3.255432</ele>
        <time>2026-10-06T13:03:16.712Z</time>
      </trkpt>
      <trkpt lat="53.105883" lon="6.154282">
        <ele>3.239524</ele>
        <time>2026-10-06T13:03:25.834Z</time>
      </trkpt>
      <trkpt lat="53.105172" lon="6.151793">
        <ele>3.405302</ele>
        <time>2026-10-06T13:03:51.385Z</time>
      </trkpt>
      <trkpt lat="53.104935" lon="6.150934">
        <ele>3.462061</ele>
        <time>2026-10-06T13:04:00.110Z</time>
      </trkpt>
      <trkpt lat="53.104829" lon="6.150425">
        <ele>3.494407</ele>
        <time>2026-10-06T13:04:05.037Z</time>
      </trkpt>
      <trkpt lat="53.104690" lon="6.149289">
        <ele>3.564015</ele>
        <time>2026-10-06T13:04:15.526Z</time>
      </trkpt>
      <trkpt lat="53.104481" lon="6.146370">
        <ele>3.516637</ele>
        <time>2026-10-06T13:04:41.970Z</time>
      </trkpt>
      <trkpt lat="53.104518" lon="6.145067">
        <ele>3.081796</ele>
        <time>2026-10-06T13:04:52.719Z</time>
      </trkpt>
      <trkpt lat="53.104498" lon="6.144841">
        <ele>2.988233</ele>
        <time>2026-10-06T13:04:54.462Z</time>
      </trkpt>
      <trkpt lat="53.104414" lon="6.144472">
        <ele>2.826601</ele>
        <time>2026-10-06T13:04:57.398Z</time>
      </trkpt>
      <trkpt lat="53.104301" lon="6.144232">
        <ele>2.701679</ele>
        <time>2026-10-06T13:04:59.629Z</time>
      </trkpt>
      <trkpt lat="53.104170" lon="6.144063">
        <ele>2.588639</ele>
        <time>2026-10-06T13:05:01.643Z</time>
      </trkpt>
      <trkpt lat="53.103618" lon="6.143694">
        <ele>2.216796</ele>
        <time>2026-10-06T13:05:08.931Z</time>
      </trkpt>
      <trkpt lat="53.103478" lon="6.143440">
        <ele>2.122945</ele>
        <time>2026-10-06T13:05:11.484Z</time>
      </trkpt>
      <trkpt lat="53.103344" lon="6.143050">
        <ele>2.000639</ele>
        <time>2026-10-06T13:05:14.864Z</time>
      </trkpt>
      <trkpt lat="53.103274" lon="6.142846">
        <ele>1.936684</ele>
        <time>2026-10-06T13:05:16.683Z</time>
      </trkpt>
      <trkpt lat="53.103127" lon="6.143001">
        <ele>1.857809</ele>
        <time>2026-10-06T13:05:19.898Z</time>
      </trkpt>
      <trkpt lat="53.102994" lon="6.143179">
        <ele>1.780459</ele>
        <time>2026-10-06T13:05:23.127Z</time>
      </trkpt>
      <trkpt lat="53.102871" lon="6.143417">
        <ele>1.694984</ele>
        <time>2026-10-06T13:05:26.818Z</time>
      </trkpt>
      <trkpt lat="53.101049" lon="6.145219">
        <ele>1.580882</ele>
        <time>2026-10-06T13:06:10.242Z</time>
      </trkpt>
      <trkpt lat="53.100679" lon="6.145473">
        <ele>1.604597</ele>
        <time>2026-10-06T13:06:18.347Z</time>
      </trkpt>
      <trkpt lat="53.097057" lon="6.146749">
        <ele>1.761133</ele>
        <time>2026-10-06T13:07:34.115Z</time>
      </trkpt>
      <trkpt lat="53.096980" lon="6.146749">
        <ele>1.757471</ele>
        <time>2026-10-06T13:07:35.659Z</time>
      </trkpt>
      <trkpt lat="53.096882" lon="6.146661">
        <ele>1.752175</ele>
        <time>2026-10-06T13:07:37.915Z</time>
      </trkpt>
      <trkpt lat="53.096811" lon="6.146509">
        <ele>1.746675</ele>
        <time>2026-10-06T13:07:39.629Z</time>
      </trkpt>
      <trkpt lat="53.096776" lon="6.146341">
        <ele>1.741596</ele>
        <time>2026-10-06T13:07:41.184Z</time>
      </trkpt>
      <trkpt lat="53.096585" lon="6.144861">
        <ele>1.698359</ele>
        <time>2026-10-06T13:07:54.376Z</time>
      </trkpt>
      <trkpt lat="53.096444" lon="6.143706">
        <ele>1.847099</ele>
        <time>2026-10-06T13:08:04.596Z</time>
      </trkpt>
      <trkpt lat="53.096334" lon="6.142439">
        <ele>2.063231</ele>
        <time>2026-10-06T13:08:16.928Z</time>
      </trkpt>
      <trkpt lat="53.096271" lon="6.140813">
        <ele>2.333852</ele>
        <time>2026-10-06T13:08:33.851Z</time>
      </trkpt>
      <trkpt lat="53.096324" lon="6.140395">
        <ele>2.403701</ele>
        <time>2026-10-06T13:08:38.258Z</time>
      </trkpt>
      <trkpt lat="53.096333" lon="6.140271">
        <ele>2.424122</ele>
        <time>2026-10-06T13:08:39.536Z</time>
      </trkpt>
      <trkpt lat="53.096256" lon="6.139902">
        <ele>2.487992</ele>
        <time>2026-10-06T13:08:43.544Z</time>
      </trkpt>
      <trkpt lat="53.096231" lon="6.139604">
        <ele>2.537188</ele>
        <time>2026-10-06T13:08:46.470Z</time>
      </trkpt>
      <trkpt lat="53.096217" lon="6.138858">
        <ele>2.659218</ele>
        <time>2026-10-06T13:08:55.534Z</time>
      </trkpt>
      <trkpt lat="53.096222" lon="6.138560">
        <ele>2.634699</ele>
        <time>2026-10-06T13:08:57.943Z</time>
      </trkpt>
      <trkpt lat="53.096281" lon="6.138170">
        <ele>2.475525</ele>
        <time>2026-10-06T13:09:01.061Z</time>
      </trkpt>
      <trkpt lat="53.096276" lon="6.138018">
        <ele>2.415278</ele>
        <time>2026-10-06T13:09:02.203Z</time>
      </trkpt>
      <trkpt lat="53.096217" lon="6.137752">
        <ele>2.303051</ele>
        <time>2026-10-06T13:09:04.351Z</time>
      </trkpt>
      <trkpt lat="53.096248" lon="6.137334">
        <ele>2.136362</ele>
        <time>2026-10-06T13:09:07.492Z</time>
      </trkpt>
      <trkpt lat="53.096462" lon="6.136351">
        <ele>1.722541</ele>
        <time>2026-10-06T13:09:15.286Z</time>
      </trkpt>
      <trkpt lat="53.096490" lon="6.135991">
        <ele>1.578874</ele>
        <time>2026-10-06T13:09:18.053Z</time>
      </trkpt>
      <trkpt lat="53.096593" lon="6.135832">
        <ele>1.499085</ele>
        <time>2026-10-06T13:09:19.886Z</time>
      </trkpt>
      <trkpt lat="53.096609" lon="6.135754">
        <ele>1.494718</ele>
        <time>2026-10-06T13:09:20.523Z</time>
      </trkpt>
      <trkpt lat="53.096463" lon="6.135689">
        <ele>1.481384</ele>
        <time>2026-10-06T13:09:23.354Z</time>
      </trkpt>
      <trkpt lat="53.096478" lon="6.135003">
        <ele>1.445016</ele>
        <time>2026-10-06T13:09:29.176Z</time>
      </trkpt>
      <trkpt lat="53.096466" lon="6.134814">
        <ele>1.434948</ele>
        <time>2026-10-06T13:09:30.859Z</time>
      </trkpt>
      <trkpt lat="53.096450" lon="6.134553">
        <ele>1.421048</ele>
        <time>2026-10-06T13:09:33.244Z</time>
      </trkpt>
      <trkpt lat="53.096075" lon="6.134651">
        <ele>1.387557</ele>
        <time>2026-10-06T13:09:39.193Z</time>
      </trkpt>
      <trkpt lat="53.096050" lon="6.134552">
        <ele>1.381867</ele>
        <time>2026-10-06T13:09:46.461Z</time>
      </trkpt>
      <trkpt lat="53.093390" lon="6.136195">
        <ele>1.549994</ele>
        <time>2026-10-06T13:10:44.852Z</time>
      </trkpt>
      <trkpt lat="53.093193" lon="6.136388">
        <ele>1.555898</ele>
        <time>2026-10-06T13:10:49.456Z</time>
      </trkpt>
      <trkpt lat="53.092909" lon="6.136963">
        <ele>1.567446</ele>
        <time>2026-10-06T13:10:58.443Z</time>
      </trkpt>
      <trkpt lat="53.092776" lon="6.137090">
        <ele>1.571406</ele>
        <time>2026-10-06T13:11:01.523Z</time>
      </trkpt>
      <trkpt lat="53.092509" lon="6.137255">
        <ele>1.578763</ele>
        <time>2026-10-06T13:11:07.264Z</time>
      </trkpt>
      <trkpt lat="53.092532" lon="6.137362">
        <ele>1.580526</ele>
        <time>2026-10-06T13:11:08.638Z</time>
      </trkpt>
      <trkpt lat="53.092382" lon="6.137466">
        <ele>1.570105</ele>
        <time>2026-10-06T13:11:11.040Z</time>
      </trkpt>
      <trkpt lat="53.092453" lon="6.137631">
        <ele>1.560207</ele>
        <time>2026-10-06T13:11:13.496Z</time>
      </trkpt>
      <trkpt lat="53.092889" lon="6.138330">
        <ele>1.511062</ele>
        <time>2026-10-06T13:11:25.561Z</time>
      </trkpt>
      <trkpt lat="53.092973" lon="6.138504">
        <ele>1.500176</ele>
        <time>2026-10-06T13:11:28.227Z</time>
      </trkpt>
      <trkpt lat="53.092988" lon="6.138608">
        <ele>1.494960</ele>
        <time>2026-10-06T13:11:29.509Z</time>
      </trkpt>
      <trkpt lat="53.092971" lon="6.138693">
        <ele>1.490592</ele>
        <time>2026-10-06T13:11:30.574Z</time>
      </trkpt>
      <trkpt lat="53.092857" lon="6.138807">
        <ele>1.479794</ele>
        <time>2026-10-06T13:11:33.220Z</time>
      </trkpt>
      <trkpt lat="53.092762" lon="6.138886">
        <ele>1.471172</ele>
        <time>2026-10-06T13:11:34.771Z</time>
      </trkpt>
      <trkpt lat="53.092530" lon="6.139283">
        <ele>1.444160</ele>
        <time>2026-10-06T13:11:39.591Z</time>
      </trkpt>
      <trkpt lat="53.092337" lon="6.139498">
        <ele>1.426234</ele>
        <time>2026-10-06T13:11:42.928Z</time>
      </trkpt>
      <trkpt lat="53.091288" lon="6.140112">
        <ele>1.344471</ele>
        <time>2026-10-06T13:11:58.881Z</time>
      </trkpt>
      <trkpt lat="53.090721" lon="6.140505">
        <ele>1.304084</ele>
        <time>2026-10-06T13:12:07.994Z</time>
      </trkpt>
      <trkpt lat="53.090028" lon="6.141042">
        <ele>1.322942</ele>
        <time>2026-10-06T13:12:19.505Z</time>
      </trkpt>
      <trkpt lat="53.088176" lon="6.142639">
        <ele>1.430477</ele>
        <time>2026-10-06T13:12:50.829Z</time>
      </trkpt>
      <trkpt lat="53.086590" lon="6.143624">
        <ele>1.486736</ele>
        <time>2026-10-06T13:13:16.497Z</time>
      </trkpt>
      <trkpt lat="53.086403" lon="6.143724">
        <ele>1.487407</ele>
        <time>2026-10-06T13:13:19.342Z</time>
      </trkpt>
      <trkpt lat="53.086321" lon="6.143731">
        <ele>1.487688</ele>
        <time>2026-10-06T13:13:20.544Z</time>
      </trkpt>
      <trkpt lat="53.086196" lon="6.143667">
        <ele>1.488135</ele>
        <time>2026-10-06T13:13:22.445Z</time>
      </trkpt>
      <trkpt lat="53.086092" lon="6.143505">
        <ele>1.488622</ele>
        <time>2026-10-06T13:13:24.486Z</time>
      </trkpt>
      <trkpt lat="53.085865" lon="6.142593">
        <ele>1.486131</ele>
        <time>2026-10-06T13:13:33.029Z</time>
      </trkpt>
      <trkpt lat="53.085790" lon="6.142521">
        <ele>1.485277</ele>
        <time>2026-10-06T13:13:34.276Z</time>
      </trkpt>
      <trkpt lat="53.085673" lon="6.142573">
        <ele>1.484082</ele>
        <time>2026-10-06T13:13:36.046Z</time>
      </trkpt>
      <trkpt lat="53.085499" lon="6.142080">
        <ele>1.480692</ele>
        <time>2026-10-06T13:13:41.051Z</time>
      </trkpt>
      <trkpt lat="53.085167" lon="6.141468">
        <ele>1.475804</ele>
        <time>2026-10-06T13:13:48.469Z</time>
      </trkpt>
      <trkpt lat="53.084237" lon="6.138521">
        <ele>1.647373</ele>
        <time>2026-10-06T13:14:19.236Z</time>
      </trkpt>
      <trkpt lat="53.083854" lon="6.137432">
        <ele>1.596829</ele>
        <time>2026-10-06T13:14:30.227Z</time>
      </trkpt>
      <trkpt lat="53.083430" lon="6.136448">
        <ele>1.498473</ele>
        <time>2026-10-06T13:14:40.481Z</time>
      </trkpt>
      <trkpt lat="53.081390" lon="6.131946">
        <ele>1.084521</ele>
        <time>2026-10-06T13:15:28.803Z</time>
      </trkpt>
      <trkpt lat="53.080028" lon="6.129014">
        <ele>1.061726</ele>
        <time>2026-10-06T13:16:02.188Z</time>
      </trkpt>
      <trkpt lat="53.079819" lon="6.128642">
        <ele>1.067321</ele>
        <time>2026-10-06T13:16:06.674Z</time>
      </trkpt>
      <trkpt lat="53.079607" lon="6.128946">
        <ele>1.076689</ele>
        <time>2026-10-06T13:16:10.741Z</time>
      </trkpt>
      <trkpt lat="53.079480" lon="6.129201">
        <ele>1.083359</ele>
        <time>2026-10-06T13:16:13.636Z</time>
      </trkpt>
      <trkpt lat="53.079320" lon="6.129420">
        <ele>1.090302</ele>
        <time>2026-10-06T13:16:16.630Z</time>
      </trkpt>
      <trkpt lat="53.074324" lon="6.133966">
        <ele>1.500260</ele>
        <time>2026-10-06T13:17:42.098Z</time>
      </trkpt>
      <trkpt lat="53.072564" lon="6.135535">
        <ele>2.257665</ele>
        <time>2026-10-06T13:18:26.500Z</time>
      </trkpt>
      <trkpt lat="53.071781" lon="6.136233">
        <ele>2.557577</ele>
        <time>2026-10-06T13:18:45.935Z</time>
      </trkpt>
      <trkpt lat="53.071225" lon="6.136795">
        <ele>2.589073</ele>
        <time>2026-10-06T13:18:59.485Z</time>
      </trkpt>
      <trkpt lat="53.071055" lon="6.136948">
        <ele>2.598431</ele>
        <time>2026-10-06T13:19:03.404Z</time>
      </trkpt>
      <trkpt lat="53.069228" lon="6.138568">
        <ele>2.282321</ele>
        <time>2026-10-06T13:19:43.540Z</time>
      </trkpt>
      <trkpt lat="53.069051" lon="6.138784">
        <ele>2.227003</ele>
        <time>2026-10-06T13:19:47.735Z</time>
      </trkpt>
      <trkpt lat="53.068914" lon="6.139137">
        <ele>2.171304</ele>
        <time>2026-10-06T13:19:52.587Z</time>
      </trkpt>
      <trkpt lat="53.068860" lon="6.139487">
        <ele>2.145790</ele>
        <time>2026-10-06T13:19:56.763Z</time>
      </trkpt>
      <trkpt lat="53.068880" lon="6.139830">
        <ele>2.121459</ele>
        <time>2026-10-06T13:20:00.773Z</time>
      </trkpt>
      <trkpt lat="53.070156" lon="6.146091">
        <ele>1.870862</ele>
        <time>2026-10-06T13:21:20.648Z</time>
      </trkpt>
      <trkpt lat="53.070566" lon="6.147792">
        <ele>1.801915</ele>
        <time>2026-10-06T13:21:42.252Z</time>
      </trkpt>
      <trkpt lat="53.071438" lon="6.151369">
        <ele>1.743845</ele>
        <time>2026-10-06T13:22:28.575Z</time>
      </trkpt>
      <trkpt lat="53.071372" lon="6.151478">
        <ele>1.754517</ele>
        <time>2026-10-06T13:22:30.037Z</time>
      </trkpt>
      <trkpt lat="53.071357" lon="6.151566">
        <ele>1.760825</ele>
        <time>2026-10-06T13:22:30.967Z</time>
      </trkpt>
      <trkpt lat="53.071498" lon="6.152291">
        <ele>1.813377</ele>
        <time>2026-10-06T13:22:38.359Z</time>
      </trkpt>
      <trkpt lat="53.071477" lon="6.152441">
        <ele>1.823999</ele>
        <time>2026-10-06T13:22:39.808Z</time>
      </trkpt>
      <trkpt lat="53.071366" lon="6.152640">
        <ele>1.842725</ele>
        <time>2026-10-06T13:22:42.426Z</time>
      </trkpt>
      <trkpt lat="53.071191" lon="6.152943">
        <ele>1.871710</ele>
        <time>2026-10-06T13:22:46.483Z</time>
      </trkpt>
      <trkpt lat="53.071053" lon="6.153068">
        <ele>1.840783</ele>
        <time>2026-10-06T13:22:49.049Z</time>
      </trkpt>
      <trkpt lat="53.069114" lon="6.154280">
        <ele>1.335949</ele>
        <time>2026-10-06T13:23:17.730Z</time>
      </trkpt>
      <trkpt lat="53.068633" lon="6.154668">
        <ele>1.121991</ele>
        <time>2026-10-06T13:23:24.652Z</time>
      </trkpt>
      <trkpt lat="53.068163" lon="6.155089">
        <ele>0.908341</ele>
        <time>2026-10-06T13:23:31.713Z</time>
      </trkpt>
      <trkpt lat="53.067710" lon="6.155551">
        <ele>0.755660</ele>
        <time>2026-10-06T13:23:38.989Z</time>
      </trkpt>
      <trkpt lat="53.067090" lon="6.156277">
        <ele>0.652081</ele>
        <time>2026-10-06T13:23:49.983Z</time>
      </trkpt>
      <trkpt lat="53.066221" lon="6.157500">
        <ele>0.593773</ele>
        <time>2026-10-06T13:24:06.658Z</time>
      </trkpt>
      <trkpt lat="53.066004" lon="6.157822">
        <ele>0.640979</ele>
        <time>2026-10-06T13:24:10.951Z</time>
      </trkpt>
      <trkpt lat="53.061690" lon="6.164106">
        <ele>1.597150</ele>
        <time>2026-10-06T13:25:40.122Z</time>
      </trkpt>
      <trkpt lat="53.060477" lon="6.165873">
        <ele>1.830784</ele>
        <time>2026-10-06T13:26:05.176Z</time>
      </trkpt>
      <trkpt lat="53.054315" lon="6.174799">
        <ele>2.590573</ele>
        <time>2026-10-06T13:28:09.385Z</time>
      </trkpt>
      <trkpt lat="53.054197" lon="6.174837">
        <ele>2.599311</ele>
        <time>2026-10-06T13:28:11.178Z</time>
      </trkpt>
      <trkpt lat="53.054116" lon="6.174756">
        <ele>2.605547</ele>
        <time>2026-10-06T13:28:12.590Z</time>
      </trkpt>
      <trkpt lat="53.054093" lon="6.174652">
        <ele>2.609942</ele>
        <time>2026-10-06T13:28:13.588Z</time>
      </trkpt>
      <trkpt lat="53.053894" lon="6.172934">
        <ele>2.679331</ele>
        <time>2026-10-06T13:28:29.220Z</time>
      </trkpt>
      <trkpt lat="53.053778" lon="6.172828">
        <ele>2.688064</ele>
        <time>2026-10-06T13:28:31.199Z</time>
      </trkpt>
      <trkpt lat="53.053671" lon="6.172879">
        <ele>2.695408</ele>
        <time>2026-10-06T13:28:32.856Z</time>
      </trkpt>
      <trkpt lat="53.052002" lon="6.175258">
        <ele>2.802371</ele>
        <time>2026-10-06T13:29:06.100Z</time>
      </trkpt>
      <trkpt lat="53.049712" lon="6.170457">
        <ele>3.013799</ele>
        <time>2026-10-06T13:30:21.294Z</time>
      </trkpt>
      <trkpt lat="53.049589" lon="6.170221">
        <ele>3.033459</ele>
        <time>2026-10-06T13:30:25.226Z</time>
      </trkpt>
      <trkpt lat="53.049054" lon="6.169554">
        <ele>3.103462</ele>
        <time>2026-10-06T13:30:39.145Z</time>
      </trkpt>
      <trkpt lat="53.048866" lon="6.169092">
        <ele>3.138577</ele>
        <time>2026-10-06T13:30:46.098Z</time>
      </trkpt>
      <trkpt lat="53.048187" lon="6.167058">
        <ele>3.065671</ele>
        <time>2026-10-06T13:31:14.269Z</time>
      </trkpt>
      <trkpt lat="53.047316" lon="6.165199">
        <ele>2.806161</ele>
        <time>2026-10-06T13:31:41.772Z</time>
      </trkpt>
      <trkpt lat="53.045615" lon="6.161868">
        <ele>2.307510</ele>
        <time>2026-10-06T13:32:32.206Z</time>
      </trkpt>
      <trkpt lat="53.043121" lon="6.156692">
        <ele>3.357342</ele>
        <time>2026-10-06T13:33:58.023Z</time>
      </trkpt>
      <trkpt lat="53.043050" lon="6.156387">
        <ele>3.402311</ele>
        <time>2026-10-06T13:34:02.189Z</time>
      </trkpt>
      <trkpt lat="53.042544" lon="6.151399">
        <ele>4.160582</ele>
        <time>2026-10-06T13:35:06.443Z</time>
      </trkpt>
      <trkpt lat="53.042208" lon="6.149440">
        <ele>4.504281</ele>
        <time>2026-10-06T13:35:33.046Z</time>
      </trkpt>
      <trkpt lat="53.041861" lon="6.148036">
        <ele>4.760497</ele>
        <time>2026-10-06T13:35:52.155Z</time>
      </trkpt>
      <trkpt lat="53.041567" lon="6.148313">
        <ele>4.799045</ele>
        <time>2026-10-06T13:35:59.134Z</time>
      </trkpt>
      <trkpt lat="53.040829" lon="6.149006">
        <ele>4.895729</ele>
        <time>2026-10-06T13:36:16.591Z</time>
      </trkpt>
      <trkpt lat="53.040315" lon="6.149488">
        <ele>4.963045</ele>
        <time>2026-10-06T13:36:28.889Z</time>
      </trkpt>
      <trkpt lat="53.037388" lon="6.152244">
        <ele>4.879381</ele>
        <time>2026-10-06T13:37:36.855Z</time>
      </trkpt>
      <trkpt lat="53.036894" lon="6.152716">
        <ele>4.743227</ele>
        <time>2026-10-06T13:37:47.696Z</time>
      </trkpt>
      <trkpt lat="53.036733" lon="6.152769">
        <ele>4.684764</ele>
        <time>2026-10-06T13:37:50.825Z</time>
      </trkpt>
      <trkpt lat="53.036615" lon="6.152691">
        <ele>4.639532</ele>
        <time>2026-10-06T13:37:53.224Z</time>
      </trkpt>
      <trkpt lat="53.036534" lon="6.152591">
        <ele>4.603597</ele>
        <time>2026-10-06T13:37:55.122Z</time>
      </trkpt>
      <trkpt lat="53.036424" lon="6.152860">
        <ele>4.533917</ele>
        <time>2026-10-06T13:37:57.753Z</time>
      </trkpt>
      <trkpt lat="53.036060" lon="6.153390">
        <ele>4.361580</ele>
        <time>2026-10-06T13:38:04.254Z</time>
      </trkpt>
      <trkpt lat="53.034569" lon="6.154805">
        <ele>3.899978</ele>
        <time>2026-10-06T13:38:28.139Z</time>
      </trkpt>
      <trkpt lat="53.034382" lon="6.155014">
        <ele>3.845314</ele>
        <time>2026-10-06T13:38:31.229Z</time>
      </trkpt>
      <trkpt lat="53.034227" lon="6.155243">
        <ele>3.795012</ele>
        <time>2026-10-06T13:38:34.093Z</time>
      </trkpt>
      <trkpt lat="53.034070" lon="6.155634">
        <ele>3.776743</ele>
        <time>2026-10-06T13:38:38.056Z</time>
      </trkpt>
      <trkpt lat="53.033974" lon="6.156135">
        <ele>3.767345</ele>
        <time>2026-10-06T13:38:42.599Z</time>
      </trkpt>
      <trkpt lat="53.033974" lon="6.156535">
        <ele>3.760196</ele>
        <time>2026-10-06T13:38:46.113Z</time>
      </trkpt>
      <trkpt lat="53.033843" lon="6.156582">
        <ele>3.756213</ele>
        <time>2026-10-06T13:38:48.799Z</time>
      </trkpt>
      <trkpt lat="53.030961" lon="6.159405">
        <ele>3.940620</ele>
        <time>2026-10-06T13:39:58.120Z</time>
      </trkpt>
      <trkpt lat="53.030670" lon="6.159559">
        <ele>3.917158</ele>
        <time>2026-10-06T13:40:04.132Z</time>
      </trkpt>
      <trkpt lat="53.030439" lon="6.159653">
        <ele>3.898887</ele>
        <time>2026-10-06T13:40:07.475Z</time>
      </trkpt>
      <trkpt lat="53.030201" lon="6.159761">
        <ele>3.879932</ele>
        <time>2026-10-06T13:40:12.254Z</time>
      </trkpt>
      <trkpt lat="53.029762" lon="6.160117">
        <ele>3.846292</ele>
        <time>2026-10-06T13:40:21.588Z</time>
      </trkpt>
      <trkpt lat="53.028930" lon="6.160947">
        <ele>3.796167</ele>
        <time>2026-10-06T13:40:40.947Z</time>
      </trkpt>
      <trkpt lat="53.024982" lon="6.164859">
        <ele>4.034298</ele>
        <time>2026-10-06T13:42:15.393Z</time>
      </trkpt>
      <trkpt lat="53.024809" lon="6.165028">
        <ele>4.019395</ele>
        <time>2026-10-06T13:42:19.523Z</time>
      </trkpt>
      <trkpt lat="53.022306" lon="6.167488">
        <ele>3.704951</ele>
        <time>2026-10-06T13:43:16.872Z</time>
      </trkpt>
      <trkpt lat="53.020162" lon="6.169609">
        <ele>3.431616</ele>
        <time>2026-10-06T13:44:06.071Z</time>
      </trkpt>
      <trkpt lat="53.019711" lon="6.170130">
        <ele>3.393562</ele>
        <time>2026-10-06T13:44:17.034Z</time>
      </trkpt>
      <trkpt lat="53.018713" lon="6.171278">
        <ele>3.333668</ele>
        <time>2026-10-06T13:44:41.406Z</time>
      </trkpt>
      <trkpt lat="53.017230" lon="6.172720">
        <ele>3.339479</ele>
        <time>2026-10-06T13:45:16.049Z</time>
      </trkpt>
      <trkpt lat="53.014020" lon="6.175924">
        <ele>3.734071</ele>
        <time>2026-10-06T13:46:33.200Z</time>
      </trkpt>
      <trkpt lat="53.010580" lon="6.179330">
        <ele>4.245070</ele>
        <time>2026-10-06T13:47:57.244Z</time>
      </trkpt>
      <trkpt lat="53.010015" lon="6.179887">
        <ele>4.254908</ele>
        <time>2026-10-06T13:48:10.141Z</time>
      </trkpt>
      <trkpt lat="53.009520" lon="6.180257">
        <ele>4.203146</ele>
        <time>2026-10-06T13:48:20.626Z</time>
      </trkpt>
      <trkpt lat="53.008770" lon="6.180620">
        <ele>4.088499</ele>
        <time>2026-10-06T13:48:35.872Z</time>
      </trkpt>
      <trkpt lat="53.008228" lon="6.180724">
        <ele>4.008424</ele>
        <time>2026-10-06T13:48:46.697Z</time>
      </trkpt>
      <trkpt lat="53.007828" lon="6.180748">
        <ele>4.003600</ele>
        <time>2026-10-06T13:48:54.662Z</time>
      </trkpt>
      <trkpt lat="53.006918" lon="6.180684">
        <ele>4.034364</ele>
        <time>2026-10-06T13:49:13.038Z</time>
      </trkpt>
      <trkpt lat="53.006774" lon="6.180674">
        <ele>4.039232</ele>
        <time>2026-10-06T13:49:15.984Z</time>
      </trkpt>
      <trkpt lat="53.004007" lon="6.180502">
        <ele>4.326202</ele>
        <time>2026-10-06T13:50:13.745Z</time>
      </trkpt>
      <trkpt lat="53.001528" lon="6.180353">
        <ele>4.206083</ele>
        <time>2026-10-06T13:51:03.351Z</time>
      </trkpt>
      <trkpt lat="53.001164" lon="6.180150">
        <ele>4.160736</ele>
        <time>2026-10-06T13:51:10.880Z</time>
      </trkpt>
      <trkpt lat="53.000924" lon="6.180101">
        <ele>4.130800</ele>
        <time>2026-10-06T13:51:15.555Z</time>
      </trkpt>
      <trkpt lat="53.000900" lon="6.179964">
        <ele>4.117215</ele>
        <time>2026-10-06T13:51:16.760Z</time>
      </trkpt>
      <trkpt lat="53.000746" lon="6.179859">
        <ele>4.090880</ele>
        <time>2026-10-06T13:51:19.078Z</time>
      </trkpt>
      <trkpt lat="53.000654" lon="6.179684">
        <ele>4.068756</ele>
        <time>2026-10-06T13:51:21.045Z</time>
      </trkpt>
      <trkpt lat="53.000607" lon="6.179711">
        <ele>4.060888</ele>
        <time>2026-10-06T13:51:21.726Z</time>
      </trkpt>
      <trkpt lat="53.000543" lon="6.179749">
        <ele>4.050136</ele>
        <time>2026-10-06T13:51:22.697Z</time>
      </trkpt>
      <trkpt lat="53.000473" lon="6.179789">
        <ele>4.038425</ele>
        <time>2026-10-06T13:51:23.709Z</time>
      </trkpt>
      <trkpt lat="53.000481" lon="6.179912">
        <ele>4.026646</ele>
        <time>2026-10-06T13:51:24.769Z</time>
      </trkpt>
      <trkpt lat="53.000393" lon="6.180090">
        <ele>4.004714</ele>
        <time>2026-10-06T13:51:26.691Z</time>
      </trkpt>
      <trkpt lat="53.000384" lon="6.180207">
        <ele>3.993483</ele>
        <time>2026-10-06T13:51:27.660Z</time>
      </trkpt>
      <trkpt lat="53.000232" lon="6.180223">
        <ele>3.969388</ele>
        <time>2026-10-06T13:51:30.604Z</time>
      </trkpt>
      <trkpt lat="52.998710" lon="6.180070">
        <ele>3.892728</ele>
        <time>2026-10-06T13:52:01.189Z</time>
      </trkpt>
      <trkpt lat="52.997540" lon="6.180450">
        <ele>3.951457</ele>
        <time>2026-10-06T13:52:26.003Z</time>
      </trkpt>
      <trkpt lat="52.993350" lon="6.180200">
        <ele>3.884761</ele>
        <time>2026-10-06T13:53:50.807Z</time>
      </trkpt>
      <trkpt lat="52.986442" lon="6.179760">
        <ele>2.999164</ele>
        <time>2026-10-06T13:55:28.998Z</time>
      </trkpt>
      <trkpt lat="52.985358" lon="6.179691">
        <ele>3.206436</ele>
        <time>2026-10-06T13:55:46.186Z</time>
      </trkpt>
      <trkpt lat="52.985025" lon="6.179728">
        <ele>3.244381</ele>
        <time>2026-10-06T13:55:51.924Z</time>
      </trkpt>
      <trkpt lat="52.984662" lon="6.179869">
        <ele>3.226516</ele>
        <time>2026-10-06T13:55:58.067Z</time>
      </trkpt>
      <trkpt lat="52.984226" lon="6.180098">
        <ele>3.204603</ele>
        <time>2026-10-06T13:56:05.222Z</time>
      </trkpt>
      <trkpt lat="52.982605" lon="6.181299">
        <ele>2.903380</ele>
        <time>2026-10-06T13:56:28.815Z</time>
      </trkpt>
      <trkpt lat="52.982402" lon="6.181446">
        <ele>2.840418</ele>
        <time>2026-10-06T13:56:31.872Z</time>
      </trkpt>
      <trkpt lat="52.982234" lon="6.181575">
        <ele>2.787796</ele>
        <time>2026-10-06T13:56:34.452Z</time>
      </trkpt>
      <trkpt lat="52.982194" lon="6.181609">
        <ele>2.775021</ele>
        <time>2026-10-06T13:56:35.079Z</time>
      </trkpt>
      <trkpt lat="52.981151" lon="6.182406">
        <ele>2.800029</ele>
        <time>2026-10-06T13:56:52.606Z</time>
      </trkpt>
      <trkpt lat="52.977810" lon="6.184950">
        <ele>3.647081</ele>
        <time>2026-10-06T13:57:51.353Z</time>
      </trkpt>
      <trkpt lat="52.977260" lon="6.185460">
        <ele>3.714947</ele>
        <time>2026-10-06T13:58:00.739Z</time>
      </trkpt>
      <trkpt lat="52.975570" lon="6.187310">
        <ele>3.731624</ele>
        <time>2026-10-06T13:58:30.144Z</time>
      </trkpt>
      <trkpt lat="52.974909" lon="6.188065">
        <ele>3.894204</ele>
        <time>2026-10-06T13:58:42.966Z</time>
      </trkpt>
      <trkpt lat="52.974440" lon="6.188600">
        <ele>4.037867</ele>
        <time>2026-10-06T13:58:52.366Z</time>
      </trkpt>
      <trkpt lat="52.973360" lon="6.189700">
        <ele>4.185862</ele>
        <time>2026-10-06T13:59:12.150Z</time>
      </trkpt>
      <trkpt lat="52.972810" lon="6.190020">
        <ele>4.187770</ele>
        <time>2026-10-06T13:59:20.486Z</time>
      </trkpt>
      <trkpt lat="52.971960" lon="6.190270">
        <ele>4.204146</ele>
        <time>2026-10-06T13:59:32.626Z</time>
      </trkpt>
      <trkpt lat="52.971408" lon="6.190440">
        <ele>4.228549</ele>
        <time>2026-10-06T13:59:40.854Z</time>
      </trkpt>
      <trkpt lat="52.971119" lon="6.190573">
        <ele>4.241585</ele>
        <time>2026-10-06T13:59:45.388Z</time>
      </trkpt>
      <trkpt lat="52.970874" lon="6.190764">
        <ele>4.253349</ele>
        <time>2026-10-06T13:59:49.568Z</time>
      </trkpt>
      <trkpt lat="52.970680" lon="6.190972">
        <ele>4.263387</ele>
        <time>2026-10-06T13:59:53.191Z</time>
      </trkpt>
      <trkpt lat="52.969846" lon="6.192023">
        <ele>4.584405</ele>
        <time>2026-10-06T14:00:10.360Z</time>
      </trkpt>
      <trkpt lat="52.969115" lon="6.190534">
        <ele>4.895333</ele>
        <time>2026-10-06T14:00:29.076Z</time>
      </trkpt>
      <trkpt lat="52.968372" lon="6.188986">
        <ele>5.000090</ele>
        <time>2026-10-06T14:00:47.105Z</time>
      </trkpt>
      <trkpt lat="52.968188" lon="6.188606">
        <ele>5.025894</ele>
        <time>2026-10-06T14:00:51.354Z</time>
      </trkpt>
      <trkpt lat="52.966115" lon="6.184098">
        <ele>4.868448</ele>
        <time>2026-10-06T14:01:41.585Z</time>
      </trkpt>
      <trkpt lat="52.965554" lon="6.183083">
        <ele>4.675929</ele>
        <time>2026-10-06T14:01:53.345Z</time>
      </trkpt>
      <trkpt lat="52.964518" lon="6.181340">
        <ele>4.258555</ele>
        <time>2026-10-06T14:02:13.354Z</time>
      </trkpt>
      <trkpt lat="52.962013" lon="6.176502">
        <ele>3.261920</ele>
        <time>2026-10-06T14:03:07.200Z</time>
      </trkpt>
      <trkpt lat="52.960628" lon="6.173798">
        <ele>2.711879</ele>
        <time>2026-10-06T14:03:36.457Z</time>
      </trkpt>
      <trkpt lat="52.960573" lon="6.173691">
        <ele>2.694632</ele>
        <time>2026-10-06T14:03:37.655Z</time>
      </trkpt>
      <trkpt lat="52.959089" lon="6.170752">
        <ele>2.461486</ele>
        <time>2026-10-06T14:04:11.007Z</time>
      </trkpt>
      <trkpt lat="52.958423" lon="6.169427">
        <ele>2.550437</ele>
        <time>2026-10-06T14:04:26.843Z</time>
      </trkpt>
      <trkpt lat="52.957819" lon="6.168221">
        <ele>2.681295</ele>
        <time>2026-10-06T14:04:41.796Z</time>
      </trkpt>
      <trkpt lat="52.957291" lon="6.167167">
        <ele>2.677779</ele>
        <time>2026-10-06T14:04:54.333Z</time>
      </trkpt>
      <trkpt lat="52.957051" lon="6.166665">
        <ele>2.667354</ele>
        <time>2026-10-06T14:05:00.085Z</time>
      </trkpt>
      <trkpt lat="52.956756" lon="6.166071">
        <ele>2.654830</ele>
        <time>2026-10-06T14:05:06.709Z</time>
      </trkpt>
      <trkpt lat="52.955546" lon="6.163640">
        <ele>2.408884</ele>
        <time>2026-10-06T14:05:33.228Z</time>
      </trkpt>
      <trkpt lat="52.955129" lon="6.162804">
        <ele>2.512952</ele>
        <time>2026-10-06T14:05:43.526Z</time>
      </trkpt>
      <trkpt lat="52.954481" lon="6.161503">
        <ele>2.755379</ele>
        <time>2026-10-06T14:06:00.282Z</time>
      </trkpt>
      <trkpt lat="52.954429" lon="6.161399">
        <ele>2.774789</ele>
        <time>2026-10-06T14:06:01.599Z</time>
      </trkpt>
      <trkpt lat="52.953646" lon="6.159845">
        <ele>2.747261</ele>
        <time>2026-10-06T14:06:19.803Z</time>
      </trkpt>
      <trkpt lat="52.953583" lon="6.159723">
        <ele>2.740654</ele>
        <time>2026-10-06T14:06:21.132Z</time>
      </trkpt>
      <trkpt lat="52.952743" lon="6.158089">
        <ele>2.606054</ele>
        <time>2026-10-06T14:06:38.968Z</time>
      </trkpt>
      <trkpt lat="52.951451" lon="6.155604">
        <ele>2.354304</ele>
        <time>2026-10-06T14:07:07.923Z</time>
      </trkpt>
      <trkpt lat="52.950664" lon="6.154099">
        <ele>2.238335</ele>
        <time>2026-10-06T14:07:25.032Z</time>
      </trkpt>
      <trkpt lat="52.950577" lon="6.153933">
        <ele>2.231773</ele>
        <time>2026-10-06T14:07:26.920Z</time>
      </trkpt>
      <trkpt lat="52.949908" lon="6.152644">
        <ele>2.181028</ele>
        <time>2026-10-06T14:07:42.074Z</time>
      </trkpt>
      <trkpt lat="52.948117" lon="6.149210">
        <ele>2.395870</ele>
        <time>2026-10-06T14:08:23.611Z</time>
      </trkpt>
      <trkpt lat="52.947916" lon="6.148824">
        <ele>2.421821</ele>
        <time>2026-10-06T14:08:28.547Z</time>
      </trkpt>
      <trkpt lat="52.947180" lon="6.147393">
        <ele>2.452157</ele>
        <time>2026-10-06T14:08:46.007Z</time>
      </trkpt>
      <trkpt lat="52.945546" lon="6.144229">
        <ele>1.949534</ele>
        <time>2026-10-06T14:09:19.553Z</time>
      </trkpt>
      <trkpt lat="52.944163" lon="6.141536">
        <ele>2.715659</ele>
        <time>2026-10-06T14:09:55.899Z</time>
      </trkpt>
      <trkpt lat="52.943567" lon="6.140371">
        <ele>3.144799</ele>
        <time>2026-10-06T14:10:12.010Z</time>
      </trkpt>
      <trkpt lat="52.942728" lon="6.138736">
        <ele>3.479712</ele>
        <time>2026-10-06T14:10:32.841Z</time>
      </trkpt>
      <trkpt lat="52.942618" lon="6.138521">
        <ele>3.523698</ele>
        <time>2026-10-06T14:10:35.189Z</time>
      </trkpt>
      <trkpt lat="52.942404" lon="6.138103">
        <ele>3.457694</ele>
        <time>2026-10-06T14:10:39.640Z</time>
      </trkpt>
      <trkpt lat="52.941861" lon="6.137039">
        <ele>3.271034</ele>
        <time>2026-10-06T14:10:50.810Z</time>
      </trkpt>
      <trkpt lat="52.941221" lon="6.135789">
        <ele>3.212531</ele>
        <time>2026-10-06T14:11:05.396Z</time>
      </trkpt>
      <trkpt lat="52.941156" lon="6.135670">
        <ele>3.236206</ele>
        <time>2026-10-06T14:11:06.996Z</time>
      </trkpt>
      <trkpt lat="52.940577" lon="6.134532">
        <ele>3.455747</ele>
        <time>2026-10-06T14:11:21.503Z</time>
      </trkpt>
      <trkpt lat="52.940414" lon="6.134203">
        <ele>3.518530</ele>
        <time>2026-10-06T14:11:25.458Z</time>
      </trkpt>
      <trkpt lat="52.939830" lon="6.133070">
        <ele>4.009516</ele>
        <time>2026-10-06T14:11:40.219Z</time>
      </trkpt>
      <trkpt lat="52.939319" lon="6.132088">
        <ele>4.505476</ele>
        <time>2026-10-06T14:11:54.207Z</time>
      </trkpt>
      <trkpt lat="52.939113" lon="6.131718">
        <ele>4.698036</ele>
        <time>2026-10-06T14:11:59.978Z</time>
      </trkpt>
      <trkpt lat="52.939035" lon="6.131561">
        <ele>4.709918</ele>
        <time>2026-10-06T14:12:02.300Z</time>
      </trkpt>
      <trkpt lat="52.938802" lon="6.131091">
        <ele>4.713257</ele>
        <time>2026-10-06T14:12:08.770Z</time>
      </trkpt>
      <trkpt lat="52.938740" lon="6.130921">
        <ele>4.714347</ele>
        <time>2026-10-06T14:12:10.781Z</time>
      </trkpt>
      <trkpt lat="52.938538" lon="6.130387">
        <ele>4.717806</ele>
        <time>2026-10-06T14:12:16.718Z</time>
      </trkpt>
      <trkpt lat="52.938411" lon="6.130056">
        <ele>4.719959</ele>
        <time>2026-10-06T14:12:20.083Z</time>
      </trkpt>
      <trkpt lat="52.937850" lon="6.128558">
        <ele>4.410808</ele>
        <time>2026-10-06T14:12:33.439Z</time>
      </trkpt>
      <trkpt lat="52.937642" lon="6.127932">
        <ele>4.124120</ele>
        <time>2026-10-06T14:12:38.645Z</time>
      </trkpt>
      <trkpt lat="52.937513" lon="6.127587">
        <ele>3.961289</ele>
        <time>2026-10-06T14:12:41.625Z</time>
      </trkpt>
      <trkpt lat="52.937016" lon="6.126173">
        <ele>3.538523</ele>
        <time>2026-10-06T14:12:55.442Z</time>
      </trkpt>
      <trkpt lat="52.936892" lon="6.125843">
        <ele>3.545568</ele>
        <time>2026-10-06T14:12:59.140Z</time>
      </trkpt>
      <trkpt lat="52.936722" lon="6.125394">
        <ele>3.555174</ele>
        <time>2026-10-06T14:13:04.089Z</time>
      </trkpt>
      <trkpt lat="52.936691" lon="6.125313">
        <ele>3.556913</ele>
        <time>2026-10-06T14:13:04.988Z</time>
      </trkpt>
      <trkpt lat="52.936596" lon="6.125065">
        <ele>3.562236</ele>
        <time>2026-10-06T14:13:07.743Z</time>
      </trkpt>
      <trkpt lat="52.936565" lon="6.124976">
        <ele>3.564098</ele>
        <time>2026-10-06T14:13:08.687Z</time>
      </trkpt>
      <trkpt lat="52.936406" lon="6.124521">
        <ele>3.573626</ele>
        <time>2026-10-06T14:13:13.695Z</time>
      </trkpt>
      <trkpt lat="52.936295" lon="6.124205">
        <ele>3.580252</ele>
        <time>2026-10-06T14:13:17.163Z</time>
      </trkpt>
      <trkpt lat="52.936193" lon="6.123913">
        <ele>3.531897</ele>
        <time>2026-10-06T14:13:20.141Z</time>
      </trkpt>
      <trkpt lat="52.936151" lon="6.123782">
        <ele>3.496851</ele>
        <time>2026-10-06T14:13:21.372Z</time>
      </trkpt>
      <trkpt lat="52.936049" lon="6.123492">
        <ele>3.417545</ele>
        <time>2026-10-06T14:13:24.035Z</time>
      </trkpt>
      <trkpt lat="52.935948" lon="6.123197">
        <ele>3.337412</ele>
        <time>2026-10-06T14:13:26.698Z</time>
      </trkpt>
      <trkpt lat="52.935762" lon="6.122651">
        <ele>3.189278</ele>
        <time>2026-10-06T14:13:31.710Z</time>
      </trkpt>
      <trkpt lat="52.935434" lon="6.121688">
        <ele>2.928017</ele>
        <time>2026-10-06T14:13:40.579Z</time>
      </trkpt>
      <trkpt lat="52.935141" lon="6.120929">
        <ele>2.835534</ele>
        <time>2026-10-06T14:13:47.862Z</time>
      </trkpt>
      <trkpt lat="52.934889" lon="6.120195">
        <ele>2.783849</ele>
        <time>2026-10-06T14:13:55.174Z</time>
      </trkpt>
      <trkpt lat="52.934317" lon="6.118652">
        <ele>2.727784</ele>
        <time>2026-10-06T14:14:11.530Z</time>
      </trkpt>
      <trkpt lat="52.934072" lon="6.117922">
        <ele>2.803780</ele>
        <time>2026-10-06T14:14:19.695Z</time>
      </trkpt>
      <trkpt lat="52.933908" lon="6.117468">
        <ele>2.851921</ele>
        <time>2026-10-06T14:14:24.648Z</time>
      </trkpt>
      <trkpt lat="52.933630" lon="6.116628">
        <ele>2.939083</ele>
        <time>2026-10-06T14:14:33.223Z</time>
      </trkpt>
      <trkpt lat="52.933126" lon="6.115295">
        <ele>3.081249</ele>
        <time>2026-10-06T14:14:47.919Z</time>
      </trkpt>
      <trkpt lat="52.932471" lon="6.113380">
        <ele>3.173982</ele>
        <time>2026-10-06T14:15:08.624Z</time>
      </trkpt>
      <trkpt lat="52.932249" lon="6.112830">
        <ele>3.090756</ele>
        <time>2026-10-06T14:15:14.377Z</time>
      </trkpt>
      <trkpt lat="52.931595" lon="6.111006">
        <ele>2.781991</ele>
        <time>2026-10-06T14:15:31.728Z</time>
      </trkpt>
      <trkpt lat="52.931136" lon="6.109727">
        <ele>2.380091</ele>
        <time>2026-10-06T14:15:43.703Z</time>
      </trkpt>
      <trkpt lat="52.930505" lon="6.107990">
        <ele>1.900466</ele>
        <time>2026-10-06T14:16:00.110Z</time>
      </trkpt>
      <trkpt lat="52.929226" lon="6.104300">
        <ele>1.152285</ele>
        <time>2026-10-06T14:16:35.822Z</time>
      </trkpt>
      <trkpt lat="52.929118" lon="6.103987">
        <ele>1.093237</ele>
        <time>2026-10-06T14:16:38.816Z</time>
      </trkpt>
      <trkpt lat="52.928305" lon="6.101684">
        <ele>0.624786</ele>
        <time>2026-10-06T14:17:01.060Z</time>
      </trkpt>
      <trkpt lat="52.927726" lon="6.100035">
        <ele>0.465575</ele>
        <time>2026-10-06T14:17:17.048Z</time>
      </trkpt>
      <trkpt lat="52.927343" lon="6.098935">
        <ele>0.454935</ele>
        <time>2026-10-06T14:17:28.211Z</time>
      </trkpt>
      <trkpt lat="52.926876" lon="6.097597">
        <ele>0.566091</ele>
        <time>2026-10-06T14:17:43.177Z</time>
      </trkpt>
      <trkpt lat="52.926288" lon="6.095921">
        <ele>0.817614</ele>
        <time>2026-10-06T14:18:02.351Z</time>
      </trkpt>
      <trkpt lat="52.924634" lon="6.091332">
        <ele>0.003568</ele>
        <time>2026-10-06T14:18:46.010Z</time>
      </trkpt>
      <trkpt lat="52.924326" lon="6.090538">
        <ele>-0.061203</ele>
        <time>2026-10-06T14:18:54.573Z</time>
      </trkpt>
      <trkpt lat="52.923561" lon="6.088425">
        <ele>0.448994</ele>
        <time>2026-10-06T14:19:19.403Z</time>
      </trkpt>
      <trkpt lat="52.923427" lon="6.088057">
        <ele>0.530048</ele>
        <time>2026-10-06T14:19:23.503Z</time>
      </trkpt>
      <trkpt lat="52.923062" lon="6.087061">
        <ele>0.667625</ele>
        <time>2026-10-06T14:19:34.186Z</time>
      </trkpt>
      <trkpt lat="52.922730" lon="6.086155">
        <ele>0.792769</ele>
        <time>2026-10-06T14:19:44.211Z</time>
      </trkpt>
      <trkpt lat="52.922155" lon="6.084588">
        <ele>0.869383</ele>
        <time>2026-10-06T14:20:01.591Z</time>
      </trkpt>
      <trkpt lat="52.921564" lon="6.082978">
        <ele>0.863729</ele>
        <time>2026-10-06T14:20:17.839Z</time>
      </trkpt>
      <trkpt lat="52.921221" lon="6.082033">
        <ele>0.829376</ele>
        <time>2026-10-06T14:20:27.234Z</time>
      </trkpt>
      <trkpt lat="52.921022" lon="6.081487">
        <ele>0.809506</ele>
        <time>2026-10-06T14:20:33.007Z</time>
      </trkpt>
      <trkpt lat="52.920823" lon="6.080940">
        <ele>0.789609</ele>
        <time>2026-10-06T14:20:38.966Z</time>
      </trkpt>
      <trkpt lat="52.919069" lon="6.076110">
        <ele>0.623430</ele>
        <time>2026-10-06T14:21:28.590Z</time>
      </trkpt>
      <trkpt lat="52.918362" lon="6.074056">
        <ele>0.696342</ele>
        <time>2026-10-06T14:21:49.720Z</time>
      </trkpt>
      <trkpt lat="52.918193" lon="6.073774">
        <ele>0.721231</ele>
        <time>2026-10-06T14:21:53.314Z</time>
      </trkpt>
      <trkpt lat="52.918036" lon="6.073677">
        <ele>0.738625</ele>
        <time>2026-10-06T14:21:55.861Z</time>
      </trkpt>
      <trkpt lat="52.917823" lon="6.073652">
        <ele>0.760793</ele>
        <time>2026-10-06T14:21:59.114Z</time>
      </trkpt>
      <trkpt lat="52.917626" lon="6.073775">
        <ele>0.782647</ele>
        <time>2026-10-06T14:22:02.385Z</time>
      </trkpt>
      <trkpt lat="52.915380" lon="6.076047">
        <ele>1.676904</ele>
        <time>2026-10-06T14:22:45.560Z</time>
      </trkpt>
      <trkpt lat="52.915361" lon="6.076066">
        <ele>1.682679</ele>
        <time>2026-10-06T14:22:45.910Z</time>
      </trkpt>
      <trkpt lat="52.914074" lon="6.077235">
        <ele>2.048362</ele>
        <time>2026-10-06T14:23:08.724Z</time>
      </trkpt>
      <trkpt lat="52.913430" lon="6.077794">
        <ele>2.211978</ele>
        <time>2026-10-06T14:23:20.113Z</time>
      </trkpt>
      <trkpt lat="52.912990" lon="6.078137">
        <ele>2.321416</ele>
        <time>2026-10-06T14:23:27.847Z</time>
      </trkpt>
      <trkpt lat="52.912783" lon="6.078202">
        <ele>2.360390</ele>
        <time>2026-10-06T14:23:31.207Z</time>
      </trkpt>
      <trkpt lat="52.912703" lon="6.078023">
        <ele>2.377482</ele>
        <time>2026-10-06T14:23:34.090Z</time>
      </trkpt>
      <trkpt lat="52.912598" lon="6.077544">
        <ele>2.416581</ele>
        <time>2026-10-06T14:23:40.645Z</time>
      </trkpt>
      <trkpt lat="52.912385" lon="6.076352">
        <ele>2.511955</ele>
        <time>2026-10-06T14:23:56.376Z</time>
      </trkpt>
      <trkpt lat="52.912374" lon="6.076289">
        <ele>2.516986</ele>
        <time>2026-10-06T14:23:57.191Z</time>
      </trkpt>
      <trkpt lat="52.912317" lon="6.075968">
        <ele>2.542657</ele>
        <time>2026-10-06T14:24:01.332Z</time>
      </trkpt>
      <trkpt lat="52.912196" lon="6.075550">
        <ele>2.578217</ele>
        <time>2026-10-06T14:24:06.921Z</time>
      </trkpt>
      <trkpt lat="52.911800" lon="6.074444">
        <ele>2.413154</ele>
        <time>2026-10-06T14:24:21.983Z</time>
      </trkpt>
      <trkpt lat="52.911645" lon="6.074017">
        <ele>2.349196</ele>
        <time>2026-10-06T14:24:27.764Z</time>
      </trkpt>
      <trkpt lat="52.911500" lon="6.073707">
        <ele>2.298850</ele>
        <time>2026-10-06T14:24:32.273Z</time>
      </trkpt>
      <trkpt lat="52.911240" lon="6.073370">
        <ele>2.228625</ele>
        <time>2026-10-06T14:24:38.571Z</time>
      </trkpt>
      <trkpt lat="52.910804" lon="6.072849">
        <ele>2.140654</ele>
        <time>2026-10-06T14:24:48.910Z</time>
      </trkpt>
      <trkpt lat="52.910384" lon="6.072123">
        <ele>2.053506</ele>
        <time>2026-10-06T14:25:00.896Z</time>
      </trkpt>
      <trkpt lat="52.910233" lon="6.071916">
        <ele>2.025364</ele>
        <time>2026-10-06T14:25:04.788Z</time>
      </trkpt>
      <trkpt lat="52.910030" lon="6.071780">
        <ele>1.993915</ele>
        <time>2026-10-06T14:25:09.125Z</time>
      </trkpt>
      <trkpt lat="52.909770" lon="6.071700">
        <ele>1.955930</ele>
        <time>2026-10-06T14:25:14.377Z</time>
      </trkpt>
      <trkpt lat="52.909470" lon="6.071520">
        <ele>1.958252</ele>
        <time>2026-10-06T14:25:20.779Z</time>
      </trkpt>
      <trkpt lat="52.909355" lon="6.071391">
        <ele>1.973868</ele>
        <time>2026-10-06T14:25:23.579Z</time>
      </trkpt>
      <trkpt lat="52.907761" lon="6.068286">
        <ele>2.339368</ele>
        <time>2026-10-06T14:26:14.975Z</time>
      </trkpt>
      <trkpt lat="52.907463" lon="6.067964">
        <ele>2.411406</ele>
        <time>2026-10-06T14:26:22.609Z</time>
      </trkpt>
      <trkpt lat="52.906933" lon="6.067609">
        <ele>2.486126</ele>
        <time>2026-10-06T14:26:34.725Z</time>
      </trkpt>
      <trkpt lat="52.906722" lon="6.067423">
        <ele>2.449971</ele>
        <time>2026-10-06T14:26:39.693Z</time>
      </trkpt>
      <trkpt lat="52.906501" lon="6.067150">
        <ele>2.408275</ele>
        <time>2026-10-06T14:26:45.319Z</time>
      </trkpt>
      <trkpt lat="52.906333" lon="6.066857">
        <ele>2.371385</ele>
        <time>2026-10-06T14:26:50.217Z</time>
      </trkpt>
      <trkpt lat="52.904955" lon="6.063892">
        <ele>1.783122</ele>
        <time>2026-10-06T14:27:32.737Z</time>
      </trkpt>
      <trkpt lat="52.904609" lon="6.063206">
        <ele>1.625408</ele>
        <time>2026-10-06T14:27:43.115Z</time>
      </trkpt>
      <trkpt lat="52.904288" lon="6.062682">
        <ele>1.617881</ele>
        <time>2026-10-06T14:27:52.007Z</time>
      </trkpt>
      <trkpt lat="52.904098" lon="6.062319">
        <ele>1.613038</ele>
        <time>2026-10-06T14:27:57.787Z</time>
      </trkpt>
      <trkpt lat="52.903955" lon="6.061980">
        <ele>1.608869</ele>
        <time>2026-10-06T14:28:02.745Z</time>
      </trkpt>
      <trkpt lat="52.903648" lon="6.061086">
        <ele>1.598502</ele>
        <time>2026-10-06T14:28:15.358Z</time>
      </trkpt>
      <trkpt lat="52.903237" lon="6.060360">
        <ele>1.745566</ele>
        <time>2026-10-06T14:28:28.165Z</time>
      </trkpt>
      <trkpt lat="52.902263" lon="6.058760">
        <ele>2.148254</ele>
        <time>2026-10-06T14:28:58.229Z</time>
      </trkpt>
      <trkpt lat="52.902197" lon="6.058637">
        <ele>2.149515</ele>
        <time>2026-10-06T14:29:00.343Z</time>
      </trkpt>
      <trkpt lat="52.901917" lon="6.058076">
        <ele>2.155094</ele>
        <time>2026-10-06T14:29:09.422Z</time>
      </trkpt>
      <trkpt lat="52.901483" lon="6.057066">
        <ele>2.164594</ele>
        <time>2026-10-06T14:29:24.007Z</time>
      </trkpt>
      <trkpt lat="52.901380" lon="6.056866">
        <ele>2.166609</ele>
        <time>2026-10-06T14:29:27.094Z</time>
      </trkpt>
      <trkpt lat="52.901223" lon="6.056659">
        <ele>2.169157</ele>
        <time>2026-10-06T14:29:31.043Z</time>
      </trkpt>
      <trkpt lat="52.900911" lon="6.056407">
        <ele>2.223619</ele>
        <time>2026-10-06T14:29:38.045Z</time>
      </trkpt>
      <trkpt lat="52.898640" lon="6.055077">
        <ele>2.582116</ele>
        <time>2026-10-06T14:30:29.483Z</time>
      </trkpt>
      <trkpt lat="52.898222" lon="6.054826">
        <ele>2.599168</ele>
        <time>2026-10-06T14:30:38.271Z</time>
      </trkpt>
      <trkpt lat="52.898179" lon="6.054801">
        <ele>2.600916</ele>
        <time>2026-10-06T14:30:39.160Z</time>
      </trkpt>
      <trkpt lat="52.897519" lon="6.054469">
        <ele>2.612765</ele>
        <time>2026-10-06T14:30:48.825Z</time>
      </trkpt>
      <trkpt lat="52.896880" lon="6.054288">
        <ele>2.598850</ele>
        <time>2026-10-06T14:30:57.884Z</time>
      </trkpt>
      <trkpt lat="52.896705" lon="6.054198">
        <ele>2.594917</ele>
        <time>2026-10-06T14:31:00.614Z</time>
      </trkpt>
      <trkpt lat="52.896395" lon="6.053621">
        <ele>2.584911</ele>
        <time>2026-10-06T14:31:07.886Z</time>
      </trkpt>
      <trkpt lat="52.896342" lon="6.053522">
        <ele>2.583197</ele>
        <time>2026-10-06T14:31:09.188Z</time>
      </trkpt>
      <trkpt lat="52.896248" lon="6.053335">
        <ele>2.580045</ele>
        <time>2026-10-06T14:31:11.516Z</time>
      </trkpt>
      <trkpt lat="52.896218" lon="6.053278">
        <ele>2.581727</ele>
        <time>2026-10-06T14:31:12.212Z</time>
      </trkpt>
      <trkpt lat="52.895598" lon="6.052115">
        <ele>2.723299</ele>
        <time>2026-10-06T14:31:26.983Z</time>
      </trkpt>
      <trkpt lat="52.895453" lon="6.051842">
        <ele>2.756478</ele>
        <time>2026-10-06T14:31:30.400Z</time>
      </trkpt>
      <trkpt lat="52.895308" lon="6.051570">
        <ele>2.789588</ele>
        <time>2026-10-06T14:31:33.748Z</time>
      </trkpt>
      <trkpt lat="52.895115" lon="6.051219">
        <ele>2.832909</ele>
        <time>2026-10-06T14:31:38.021Z</time>
      </trkpt>
      <trkpt lat="52.894898" lon="6.050854">
        <ele>2.857117</ele>
        <time>2026-10-06T14:31:42.496Z</time>
      </trkpt>
      <trkpt lat="52.894561" lon="6.050377">
        <ele>2.870750</ele>
        <time>2026-10-06T14:31:48.888Z</time>
      </trkpt>
      <trkpt lat="52.894209" lon="6.049827">
        <ele>2.885631</ele>
        <time>2026-10-06T14:31:56.054Z</time>
      </trkpt>
      <trkpt lat="52.893945" lon="6.049249">
        <ele>2.899086</ele>
        <time>2026-10-06T14:32:02.634Z</time>
      </trkpt>
      <trkpt lat="52.893392" lon="6.047811">
        <ele>3.082467</ele>
        <time>2026-10-06T14:32:18.880Z</time>
      </trkpt>
      <trkpt lat="52.893228" lon="6.047377">
        <ele>3.151953</ele>
        <time>2026-10-06T14:32:23.829Z</time>
      </trkpt>
      <trkpt lat="52.893123" lon="6.047103">
        <ele>3.195998</ele>
        <time>2026-10-06T14:32:26.926Z</time>
      </trkpt>
      <trkpt lat="52.893048" lon="6.046908">
        <ele>3.227376</ele>
        <time>2026-10-06T14:32:29.115Z</time>
      </trkpt>
      <trkpt lat="52.892991" lon="6.046760">
        <ele>3.251201</ele>
        <time>2026-10-06T14:32:30.753Z</time>
      </trkpt>
      <trkpt lat="52.892767" lon="6.046199">
        <ele>3.336868</ele>
        <time>2026-10-06T14:32:37.077Z</time>
      </trkpt>
      <trkpt lat="52.892604" lon="6.045784">
        <ele>3.391990</ele>
        <time>2026-10-06T14:32:41.760Z</time>
      </trkpt>
      <trkpt lat="52.892343" lon="6.045148">
        <ele>3.477611</ele>
        <time>2026-10-06T14:32:49.023Z</time>
      </trkpt>
      <trkpt lat="52.891768" lon="6.043754">
        <ele>3.635094</ele>
        <time>2026-10-06T14:33:04.770Z</time>
      </trkpt>
      <trkpt lat="52.891650" lon="6.043494">
        <ele>3.622241</ele>
        <time>2026-10-06T14:33:07.823Z</time>
      </trkpt>
      <trkpt lat="52.891520" lon="6.043229">
        <ele>3.608747</ele>
        <time>2026-10-06T14:33:10.979Z</time>
      </trkpt>
      <trkpt lat="52.891305" lon="6.042811">
        <ele>3.587047</ele>
        <time>2026-10-06T14:33:15.937Z</time>
      </trkpt>
      <trkpt lat="52.891255" lon="6.042736">
        <ele>3.582631</ele>
        <time>2026-10-06T14:33:16.918Z</time>
      </trkpt>
      <trkpt lat="52.890833" lon="6.042003">
        <ele>3.542604</ele>
        <time>2026-10-06T14:33:25.634Z</time>
      </trkpt>
      <trkpt lat="52.890585" lon="6.041438">
        <ele>3.476557</ele>
        <time>2026-10-06T14:33:31.553Z</time>
      </trkpt>
      <trkpt lat="52.890398" lon="6.040852">
        <ele>3.352645</ele>
        <time>2026-10-06T14:33:37.036Z</time>
      </trkpt>
      <trkpt lat="52.890147" lon="6.039847">
        <ele>3.149332</ele>
        <time>2026-10-06T14:33:46.071Z</time>
      </trkpt>
      <trkpt lat="52.890131" lon="6.039784">
        <ele>3.136555</ele>
        <time>2026-10-06T14:33:46.639Z</time>
      </trkpt>
      <trkpt lat="52.889945" lon="6.039054">
        <ele>2.988435</ele>
        <time>2026-10-06T14:33:53.195Z</time>
      </trkpt>
      <trkpt lat="52.889843" lon="6.038684">
        <ele>2.838179</ele>
        <time>2026-10-06T14:33:56.531Z</time>
      </trkpt>
      <trkpt lat="52.889829" lon="6.038633">
        <ele>2.813744</ele>
        <time>2026-10-06T14:33:56.998Z</time>
      </trkpt>
      <trkpt lat="52.889695" lon="6.038195">
        <ele>2.599580</ele>
        <time>2026-10-06T14:34:00.985Z</time>
      </trkpt>
      <trkpt lat="52.889664" lon="6.038114">
        <ele>2.557749</ele>
        <time>2026-10-06T14:34:01.761Z</time>
      </trkpt>
      <trkpt lat="52.889306" lon="6.037279">
        <ele>2.111030</ele>
        <time>2026-10-06T14:34:09.452Z</time>
      </trkpt>
      <trkpt lat="52.889272" lon="6.037205">
        <ele>2.070466</ele>
        <time>2026-10-06T14:34:10.116Z</time>
      </trkpt>
      <trkpt lat="52.889276" lon="6.037071">
        <ele>2.011957</ele>
        <time>2026-10-06T14:34:11.103Z</time>
      </trkpt>
      <trkpt lat="52.889177" lon="6.036832">
        <ele>1.885529</ele>
        <time>2026-10-06T14:34:13.224Z</time>
      </trkpt>
      <trkpt lat="52.888683" lon="6.035722">
        <ele>1.404454</ele>
        <time>2026-10-06T14:34:23.620Z</time>
      </trkpt>
      <trkpt lat="52.888592" lon="6.035534">
        <ele>1.332311</ele>
        <time>2026-10-06T14:34:25.479Z</time>
      </trkpt>
      <trkpt lat="52.888447" lon="6.035178">
        <ele>1.203744</ele>
        <time>2026-10-06T14:34:28.831Z</time>
      </trkpt>
      <trkpt lat="52.888216" lon="6.034562">
        <ele>0.986648</ele>
        <time>2026-10-06T14:34:34.819Z</time>
      </trkpt>
      <trkpt lat="52.888048" lon="6.034100">
        <ele>0.825185</ele>
        <time>2026-10-06T14:34:39.615Z</time>
      </trkpt>
      <trkpt lat="52.887632" lon="6.033018">
        <ele>0.651162</ele>
        <time>2026-10-06T14:34:50.684Z</time>
      </trkpt>
      <trkpt lat="52.887329" lon="6.032171">
        <ele>0.541428</ele>
        <time>2026-10-06T14:34:58.904Z</time>
      </trkpt>
      <trkpt lat="52.887149" lon="6.031686">
        <ele>0.477972</ele>
        <time>2026-10-06T14:35:03.720Z</time>
      </trkpt>
      <trkpt lat="52.886748" lon="6.030607">
        <ele>0.455543</ele>
        <time>2026-10-06T14:35:14.989Z</time>
      </trkpt>
      <trkpt lat="52.886683" lon="6.030353">
        <ele>0.459004</ele>
        <time>2026-10-06T14:35:17.563Z</time>
      </trkpt>
      <trkpt lat="52.886224" lon="6.028938">
        <ele>0.479154</ele>
        <time>2026-10-06T14:35:32.411Z</time>
      </trkpt>
      <trkpt lat="52.885873" lon="6.027467">
        <ele>0.496268</ele>
        <time>2026-10-06T14:35:46.374Z</time>
      </trkpt>
      <trkpt lat="52.885688" lon="6.026792">
        <ele>0.504165</ele>
        <time>2026-10-06T14:35:52.702Z</time>
      </trkpt>
      <trkpt lat="52.885294" lon="6.025457">
        <ele>0.628056</ele>
        <time>2026-10-06T14:36:06.530Z</time>
      </trkpt>
      <trkpt lat="52.885124" lon="6.024893">
        <ele>0.733767</ele>
        <time>2026-10-06T14:36:13.151Z</time>
      </trkpt>
      <trkpt lat="52.884690" lon="6.023529">
        <ele>0.992324</ele>
        <time>2026-10-06T14:36:28.106Z</time>
      </trkpt>
      <trkpt lat="52.884213" lon="6.022073">
        <ele>0.884122</ele>
        <time>2026-10-06T14:36:42.572Z</time>
      </trkpt>
      <trkpt lat="52.883930" lon="6.021008">
        <ele>0.786929</ele>
        <time>2026-10-06T14:36:52.049Z</time>
      </trkpt>
      <trkpt lat="52.883837" lon="6.020657">
        <ele>0.767773</ele>
        <time>2026-10-06T14:36:55.353Z</time>
      </trkpt>
      <trkpt lat="52.883488" lon="6.019519">
        <ele>0.820633</ele>
        <time>2026-10-06T14:37:06.971Z</time>
      </trkpt>
      <trkpt lat="52.883254" lon="6.018861">
        <ele>0.852260</ele>
        <time>2026-10-06T14:37:14.204Z</time>
      </trkpt>
      <trkpt lat="52.883228" lon="6.018720">
        <ele>0.858365</ele>
        <time>2026-10-06T14:37:15.584Z</time>
      </trkpt>
      <trkpt lat="52.883234" lon="6.018539">
        <ele>0.865872</ele>
        <time>2026-10-06T14:37:17.279Z</time>
      </trkpt>
      <trkpt lat="52.883229" lon="6.018494">
        <ele>0.867767</ele>
        <time>2026-10-06T14:37:17.706Z</time>
      </trkpt>
      <trkpt lat="52.883190" lon="6.018371">
        <ele>0.873520</ele>
        <time>2026-10-06T14:37:18.996Z</time>
      </trkpt>
      <trkpt lat="52.883176" lon="6.018339">
        <ele>0.875157</ele>
        <time>2026-10-06T14:37:19.360Z</time>
      </trkpt>
      <trkpt lat="52.883145" lon="6.018264">
        <ele>0.878921</ele>
        <time>2026-10-06T14:37:20.216Z</time>
      </trkpt>
      <trkpt lat="52.883132" lon="6.018233">
        <ele>0.880485</ele>
        <time>2026-10-06T14:37:20.567Z</time>
      </trkpt>
      <trkpt lat="52.883085" lon="6.018143">
        <ele>0.885413</ele>
        <time>2026-10-06T14:37:21.681Z</time>
      </trkpt>
      <trkpt lat="52.883002" lon="6.018075">
        <ele>0.894116</ele>
        <time>2026-10-06T14:37:23.107Z</time>
      </trkpt>
      <trkpt lat="52.882873" lon="6.017854">
        <ele>0.913041</ele>
        <time>2026-10-06T14:37:25.979Z</time>
      </trkpt>
      <trkpt lat="52.882654" lon="6.017288">
        <ele>0.954423</ele>
        <time>2026-10-06T14:37:32.267Z</time>
      </trkpt>
      <trkpt lat="52.882495" lon="6.016896">
        <ele>0.983494</ele>
        <time>2026-10-06T14:37:36.694Z</time>
      </trkpt>
      <trkpt lat="52.882403" lon="6.016852">
        <ele>0.993261</ele>
        <time>2026-10-06T14:37:38.205Z</time>
      </trkpt>
      <trkpt lat="52.882280" lon="6.016640">
        <ele>1.011362</ele>
        <time>2026-10-06T14:37:40.972Z</time>
      </trkpt>
      <trkpt lat="52.882088" lon="6.016491">
        <ele>1.032986</ele>
        <time>2026-10-06T14:37:44.172Z</time>
      </trkpt>
      <trkpt lat="52.881876" lon="6.016468">
        <ele>1.054655</ele>
        <time>2026-10-06T14:37:47.301Z</time>
      </trkpt>
      <trkpt lat="52.881696" lon="6.016563">
        <ele>1.062285</ele>
        <time>2026-10-06T14:37:50.140Z</time>
      </trkpt>
      <trkpt lat="52.881141" lon="6.017191">
        <ele>0.905064</ele>
        <time>2026-10-06T14:37:59.792Z</time>
      </trkpt>
      <trkpt lat="52.881024" lon="6.017280">
        <ele>0.874946</ele>
        <time>2026-10-06T14:38:01.609Z</time>
      </trkpt>
      <trkpt lat="52.880769" lon="6.017348">
        <ele>0.814523</ele>
        <time>2026-10-06T14:38:05.222Z</time>
      </trkpt>
      <trkpt lat="52.880622" lon="6.017442">
        <ele>0.777661</ele>
        <time>2026-10-06T14:38:07.379Z</time>
      </trkpt>
      <trkpt lat="52.880584" lon="6.017470">
        <ele>0.767932</ele>
        <time>2026-10-06T14:38:07.936Z</time>
      </trkpt>
      <trkpt lat="52.880491" lon="6.017533">
        <ele>0.744428</ele>
        <time>2026-10-06T14:38:09.863Z</time>
      </trkpt>
      <trkpt lat="52.880525" lon="6.017663">
        <ele>0.724425</ele>
        <time>2026-10-06T14:38:11.487Z</time>
      </trkpt>
      <trkpt lat="52.880576" lon="6.017852">
        <ele>0.695196</ele>
        <time>2026-10-06T14:38:13.161Z</time>
      </trkpt>
      <trkpt lat="52.880665" lon="6.018183">
        <ele>0.640118</ele>
        <time>2026-10-06T14:38:16.066Z</time>
      </trkpt>
      <trkpt lat="52.880578" lon="6.018249">
        <ele>0.601991</ele>
        <time>2026-10-06T14:38:17.297Z</time>
      </trkpt>
      <trkpt lat="52.880517" lon="6.018302">
        <ele>0.574545</ele>
        <time>2026-10-06T14:38:18.209Z</time>
      </trkpt>
      <trkpt lat="52.880031" lon="6.018831">
        <ele>0.342845</ele>
        <time>2026-10-06T14:38:25.810Z</time>
      </trkpt>
      <trkpt lat="52.879706" lon="6.019182">
        <ele>0.188263</ele>
        <time>2026-10-06T14:38:31.033Z</time>
      </trkpt>
      <trkpt lat="52.879499" lon="6.019399">
        <ele>0.090658</ele>
        <time>2026-10-06T14:38:34.372Z</time>
      </trkpt>
      <trkpt lat="52.879424" lon="6.019402">
        <ele>0.060764</ele>
        <time>2026-10-06T14:38:35.406Z</time>
      </trkpt>
      <trkpt lat="52.879303" lon="6.019336">
        <ele>0.010004</ele>
        <time>2026-10-06T14:38:37.161Z</time>
      </trkpt>
      <trkpt lat="52.879142" lon="6.019495">
        <ele>-0.064680</ele>
        <time>2026-10-06T14:38:39.752Z</time>
      </trkpt>
      <trkpt lat="52.877829" lon="6.020964">
        <ele>-0.257265</ele>
        <time>2026-10-06T14:39:02.643Z</time>
      </trkpt>
      <trkpt lat="52.876679" lon="6.022248">
        <ele>-0.225472</ele>
        <time>2026-10-06T14:39:23.205Z</time>
      </trkpt>
      <trkpt lat="52.876392" lon="6.022574">
        <ele>-0.208062</ele>
        <time>2026-10-06T14:39:28.509Z</time>
      </trkpt>
      <trkpt lat="52.875994" lon="6.022868">
        <ele>-0.202653</ele>
        <time>2026-10-06T14:39:35.194Z</time>
      </trkpt>
      <trkpt lat="52.875650" lon="6.023180">
        <ele>-0.225500</ele>
        <time>2026-10-06T14:39:41.199Z</time>
      </trkpt>
      <trkpt lat="52.875410" lon="6.023349">
        <ele>-0.240693</ele>
        <time>2026-10-06T14:39:45.106Z</time>
      </trkpt>
      <trkpt lat="52.875236" lon="6.023400">
        <ele>-0.250988</ele>
        <time>2026-10-06T14:39:47.704Z</time>
      </trkpt>
      <trkpt lat="52.875099" lon="6.023375">
        <ele>-0.259018</ele>
        <time>2026-10-06T14:39:49.697Z</time>
      </trkpt>
      <trkpt lat="52.874980" lon="6.023280">
        <ele>-0.266714</ele>
        <time>2026-10-06T14:39:51.594Z</time>
      </trkpt>
      <trkpt lat="52.874614" lon="6.022676">
        <ele>-0.296810</ele>
        <time>2026-10-06T14:39:58.841Z</time>
      </trkpt>
      <trkpt lat="52.874313" lon="6.022268">
        <ele>-0.250765</ele>
        <time>2026-10-06T14:40:04.334Z</time>
      </trkpt>
      <trkpt lat="52.874217" lon="6.022155">
        <ele>-0.235012</ele>
        <time>2026-10-06T14:40:06.030Z</time>
      </trkpt>
      <trkpt lat="52.874003" lon="6.022014">
        <ele>-0.204205</ele>
        <time>2026-10-06T14:40:09.408Z</time>
      </trkpt>
      <trkpt lat="52.873819" lon="6.022044">
        <ele>-0.179473</ele>
        <time>2026-10-06T14:40:12.212Z</time>
      </trkpt>
      <trkpt lat="52.873702" lon="6.022203">
        <ele>-0.159231</ele>
        <time>2026-10-06T14:40:14.572Z</time>
      </trkpt>
      <trkpt lat="52.873317" lon="6.022913">
        <ele>-0.082170</ele>
        <time>2026-10-06T14:40:23.907Z</time>
      </trkpt>
      <trkpt lat="52.873160" lon="6.023069">
        <ele>-0.057582</ele>
        <time>2026-10-06T14:40:26.909Z</time>
      </trkpt>
      <trkpt lat="52.872912" lon="6.023187">
        <ele>-0.013043</ele>
        <time>2026-10-06T14:40:31.211Z</time>
      </trkpt>
      <trkpt lat="52.872501" lon="6.023101">
        <ele>0.058466</ele>
        <time>2026-10-06T14:40:38.071Z</time>
      </trkpt>
      <trkpt lat="52.871597" lon="6.022602">
        <ele>0.222946</ele>
        <time>2026-10-06T14:40:52.739Z</time>
      </trkpt>
      <trkpt lat="52.871288" lon="6.022790">
        <ele>0.185688</ele>
        <time>2026-10-06T14:40:57.337Z</time>
      </trkpt>
      <trkpt lat="52.870867" lon="6.023137">
        <ele>-0.012710</ele>
        <time>2026-10-06T14:41:03.718Z</time>
      </trkpt>
      <trkpt lat="52.870691" lon="6.023219">
        <ele>-0.089849</ele>
        <time>2026-10-06T14:41:06.161Z</time>
      </trkpt>
      <trkpt lat="52.870592" lon="6.023234">
        <ele>-0.131794</ele>
        <time>2026-10-06T14:41:07.487Z</time>
      </trkpt>
      <trkpt lat="52.870002" lon="6.023168">
        <ele>-0.381296</ele>
        <time>2026-10-06T14:41:15.264Z</time>
      </trkpt>
      <trkpt lat="52.869493" lon="6.023192">
        <ele>-0.560812</ele>
        <time>2026-10-06T14:41:21.885Z</time>
      </trkpt>
      <trkpt lat="52.868687" lon="6.023381">
        <ele>-0.769006</ele>
        <time>2026-10-06T14:41:32.937Z</time>
      </trkpt>
      <trkpt lat="52.868481" lon="6.023511">
        <ele>-0.825385</ele>
        <time>2026-10-06T14:41:36.082Z</time>
      </trkpt>
      <trkpt lat="52.868020" lon="6.023958">
        <ele>-0.962000</ele>
        <time>2026-10-06T14:41:43.941Z</time>
      </trkpt>
      <trkpt lat="52.867313" lon="6.024242">
        <ele>-0.890729</ele>
        <time>2026-10-06T14:41:55.043Z</time>
      </trkpt>
      <trkpt lat="52.864783" lon="6.025272">
        <ele>-0.487401</ele>
        <time>2026-10-06T14:42:35.008Z</time>
      </trkpt>
      <trkpt lat="52.864629" lon="6.025400">
        <ele>-0.454770</ele>
        <time>2026-10-06T14:42:37.762Z</time>
      </trkpt>
      <trkpt lat="52.864402" lon="6.025694">
        <ele>-0.318431</ele>
        <time>2026-10-06T14:42:42.504Z</time>
      </trkpt>
      <trkpt lat="52.864262" lon="6.025777">
        <ele>-0.222173</ele>
        <time>2026-10-06T14:42:45.004Z</time>
      </trkpt>
      <trkpt lat="52.864139" lon="6.025787">
        <ele>-0.142454</ele>
        <time>2026-10-06T14:42:47.105Z</time>
      </trkpt>
      <trkpt lat="52.864060" lon="6.025800">
        <ele>-0.091062</ele>
        <time>2026-10-06T14:42:48.457Z</time>
      </trkpt>
      <trkpt lat="52.863856" lon="6.025997">
        <ele>0.061800</ele>
        <time>2026-10-06T14:42:52.580Z</time>
      </trkpt>
      <trkpt lat="52.863186" lon="6.026446">
        <ele>0.529673</ele>
        <time>2026-10-06T14:43:05.482Z</time>
      </trkpt>
      <trkpt lat="52.863093" lon="6.026531">
        <ele>0.598433</ele>
        <time>2026-10-06T14:43:07.392Z</time>
      </trkpt>
      <trkpt lat="52.863011" lon="6.026673">
        <ele>0.675228</ele>
        <time>2026-10-06T14:43:09.586Z</time>
      </trkpt>
      <trkpt lat="52.862968" lon="6.026892">
        <ele>0.744110</ele>
        <time>2026-10-06T14:43:12.194Z</time>
      </trkpt>
      <trkpt lat="52.862981" lon="6.027085">
        <ele>0.774079</ele>
        <time>2026-10-06T14:43:14.382Z</time>
      </trkpt>
      <trkpt lat="52.863131" lon="6.027638">
        <ele>0.867636</ele>
        <time>2026-10-06T14:43:20.937Z</time>
      </trkpt>
      <trkpt lat="52.863219" lon="6.027878">
        <ele>0.910969</ele>
        <time>2026-10-06T14:43:23.695Z</time>
      </trkpt>
      <trkpt lat="52.863161" lon="6.027929">
        <ele>0.927754</ele>
        <time>2026-10-06T14:43:24.717Z</time>
      </trkpt>
      <trkpt lat="52.862916" lon="6.028103">
        <ele>0.995894</ele>
        <time>2026-10-06T14:43:28.829Z</time>
      </trkpt>
      <trkpt lat="52.862860" lon="6.028138">
        <ele>1.011194</ele>
        <time>2026-10-06T14:43:29.747Z</time>
      </trkpt>
      <trkpt lat="52.862819" lon="6.027862">
        <ele>1.055057</ele>
        <time>2026-10-06T14:43:32.306Z</time>
      </trkpt>
      <trkpt lat="52.862695" lon="6.027394">
        <ele>1.133929</ele>
        <time>2026-10-06T14:43:36.766Z</time>
      </trkpt>
      <trkpt lat="52.862618" lon="6.027208">
        <ele>1.168733</ele>
        <time>2026-10-06T14:43:38.687Z</time>
      </trkpt>
      <trkpt lat="52.862467" lon="6.027077">
        <ele>1.154164</ele>
        <time>2026-10-06T14:43:41.114Z</time>
      </trkpt>
      <trkpt lat="52.862269" lon="6.027030">
        <ele>1.071472</ele>
        <time>2026-10-06T14:43:43.914Z</time>
      </trkpt>
      <trkpt lat="52.862086" lon="6.027100">
        <ele>0.993826</ele>
        <time>2026-10-06T14:43:46.437Z</time>
      </trkpt>
      <trkpt lat="52.861978" lon="6.027205">
        <ele>0.942054</ele>
        <time>2026-10-06T14:43:48.100Z</time>
      </trkpt>
      <trkpt lat="52.860944" lon="6.028649">
        <ele>0.363623</ele>
        <time>2026-10-06T14:44:06.239Z</time>
      </trkpt>
      <trkpt lat="52.860855" lon="6.028729">
        <ele>0.309057</ele>
        <time>2026-10-06T14:44:07.536Z</time>
      </trkpt>
      <trkpt lat="52.860729" lon="6.028768">
        <ele>0.239984</ele>
        <time>2026-10-06T14:44:09.173Z</time>
      </trkpt>
      <trkpt lat="52.860608" lon="6.028735">
        <ele>0.173904</ele>
        <time>2026-10-06T14:44:10.734Z</time>
      </trkpt>
      <trkpt lat="52.860504" lon="6.028633">
        <ele>0.108774</ele>
        <time>2026-10-06T14:44:12.258Z</time>
      </trkpt>
      <trkpt lat="52.859940" lon="6.027875">
        <ele>-0.282614</ele>
        <time>2026-10-06T14:44:21.512Z</time>
      </trkpt>
      <trkpt lat="52.859597" lon="6.027298">
        <ele>-0.517617</ele>
        <time>2026-10-06T14:44:28.029Z</time>
      </trkpt>
      <trkpt lat="52.859474" lon="6.027187">
        <ele>-0.501117</ele>
        <time>2026-10-06T14:44:29.999Z</time>
      </trkpt>
      <trkpt lat="52.859348" lon="6.027206">
        <ele>-0.486213</ele>
        <time>2026-10-06T14:44:31.836Z</time>
      </trkpt>
      <trkpt lat="52.859269" lon="6.027260">
        <ele>-0.476145</ele>
        <time>2026-10-06T14:44:33.106Z</time>
      </trkpt>
      <trkpt lat="52.858167" lon="6.028457">
        <ele>-0.320905</ele>
        <time>2026-10-06T14:44:54.079Z</time>
      </trkpt>
      <trkpt lat="52.857959" lon="6.028586">
        <ele>-0.292005</ele>
        <time>2026-10-06T14:44:57.597Z</time>
      </trkpt>
      <trkpt lat="52.857799" lon="6.028597">
        <ele>-0.269936</ele>
        <time>2026-10-06T14:45:00.107Z</time>
      </trkpt>
      <trkpt lat="52.856383" lon="6.028401">
        <ele>-0.074107</ele>
        <time>2026-10-06T14:45:21.933Z</time>
      </trkpt>
      <trkpt lat="52.856244" lon="6.028326">
        <ele>-0.062224</ele>
        <time>2026-10-06T14:45:24.158Z</time>
      </trkpt>
      <trkpt lat="52.856139" lon="6.028162">
        <ele>-0.060598</ele>
        <time>2026-10-06T14:45:26.344Z</time>
      </trkpt>
      <trkpt lat="52.855882" lon="6.028407">
        <ele>-0.057257</ele>
        <time>2026-10-06T14:45:30.834Z</time>
      </trkpt>
      <trkpt lat="52.855668" lon="6.028558">
        <ele>-0.054636</ele>
        <time>2026-10-06T14:45:34.364Z</time>
      </trkpt>
      <trkpt lat="52.853307" lon="6.029828">
        <ele>-0.127790</ele>
        <time>2026-10-06T14:46:10.675Z</time>
      </trkpt>
      <trkpt lat="52.853285" lon="6.029700">
        <ele>-0.132597</ele>
        <time>2026-10-06T14:46:13.628Z</time>
      </trkpt>
      <trkpt lat="52.853208" lon="6.029406">
        <ele>-0.144173</ele>
        <time>2026-10-06T14:46:17.427Z</time>
      </trkpt>
      <trkpt lat="52.853133" lon="6.029226">
        <ele>-0.151046</ele>
        <time>2026-10-06T14:46:20.027Z</time>
      </trkpt>
      <trkpt lat="52.853066" lon="6.029052">
        <ele>-0.154218</ele>
        <time>2026-10-06T14:46:22.459Z</time>
      </trkpt>
      <trkpt lat="52.853004" lon="6.028942">
        <ele>-0.156530</ele>
        <time>2026-10-06T14:46:24.242Z</time>
      </trkpt>
      <trkpt lat="52.852900" lon="6.028990">
        <ele>-0.159278</ele>
        <time>2026-10-06T14:46:26.392Z</time>
      </trkpt>
      <trkpt lat="52.852862" lon="6.028984">
        <ele>-0.160250</ele>
        <time>2026-10-06T14:46:27.134Z</time>
      </trkpt>
      <trkpt lat="52.852829" lon="6.028922">
        <ele>-0.161520</ele>
        <time>2026-10-06T14:46:28.119Z</time>
      </trkpt>
      <trkpt lat="52.844327" lon="6.003812">
        <ele>-0.632621</ele>
        <time>2026-10-06T14:52:18.236Z</time>
      </trkpt>
      <trkpt lat="52.843010" lon="5.999530">
        <ele>-0.982047</ele>
        <time>2026-10-06T14:53:15.402Z</time>
      </trkpt>
      <trkpt lat="52.840665" lon="5.990147">
        <ele>-1.545652</ele>
        <time>2026-10-06T14:55:17.082Z</time>
      </trkpt>
      <trkpt lat="52.839196" lon="5.984299">
        <ele>-1.175207</ele>
        <time>2026-10-06T14:56:36.113Z</time>
      </trkpt>
      <trkpt lat="52.838131" lon="5.979593">
        <ele>-0.624941</ele>
        <time>2026-10-06T14:57:39.798Z</time>
      </trkpt>
      <trkpt lat="52.837561" lon="5.977268">
        <ele>-0.404389</ele>
        <time>2026-10-06T14:58:11.276Z</time>
      </trkpt>
      <trkpt lat="52.839018" lon="5.976213">
        <ele>-0.504137</ele>
        <time>2026-10-06T14:58:35.366Z</time>
      </trkpt>
      <trkpt lat="52.839225" lon="5.976106">
        <ele>-0.553742</ele>
        <time>2026-10-06T14:58:38.341Z</time>
      </trkpt>
      <trkpt lat="52.838840" lon="5.973950">
        <ele>-0.904851</ele>
        <time>2026-10-06T14:58:56.156Z</time>
      </trkpt>
      <trkpt lat="52.838450" lon="5.971930">
        <ele>-1.242262</ele>
        <time>2026-10-06T14:59:21.201Z</time>
      </trkpt>
      <trkpt lat="52.837942" lon="5.969042">
        <ele>-1.171997</ele>
        <time>2026-10-06T14:59:58.248Z</time>
      </trkpt>
      <trkpt lat="52.837550" lon="5.966120">
        <ele>-0.957722</ele>
        <time>2026-10-06T15:00:36.015Z</time>
      </trkpt>
      <trkpt lat="52.836789" lon="5.962353">
        <ele>-1.037117</ele>
        <time>2026-10-06T15:01:24.194Z</time>
      </trkpt>
      <trkpt lat="52.836743" lon="5.962227">
        <ele>-1.045292</ele>
        <time>2026-10-06T15:01:25.961Z</time>
      </trkpt>
      <trkpt lat="52.836616" lon="5.962137">
        <ele>-1.057991</ele>
        <time>2026-10-06T15:01:28.686Z</time>
      </trkpt>
      <trkpt lat="52.833650" lon="5.963580">
        <ele>-1.388648</ele>
        <time>2026-10-06T15:02:29.574Z</time>
      </trkpt>
      <trkpt lat="52.832740" lon="5.964060">
        <ele>-1.343249</ele>
        <time>2026-10-06T15:02:49.157Z</time>
      </trkpt>
      <trkpt lat="52.832470" lon="5.964260">
        <ele>-1.329188</ele>
        <time>2026-10-06T15:02:55.348Z</time>
      </trkpt>
      <trkpt lat="52.832190" lon="5.964660">
        <ele>-1.275171</ele>
        <time>2026-10-06T15:03:03.141Z</time>
      </trkpt>
      <trkpt lat="52.829234" lon="5.969589">
        <ele>-0.512600</ele>
        <time>2026-10-06T15:04:30.788Z</time>
      </trkpt>
      <trkpt lat="52.829061" lon="5.969824">
        <ele>-0.473109</ele>
        <time>2026-10-06T15:04:35.492Z</time>
      </trkpt>
      <trkpt lat="52.828820" lon="5.970073">
        <ele>-0.422978</ele>
        <time>2026-10-06T15:04:41.484Z</time>
      </trkpt>
      <trkpt lat="52.828741" lon="5.970139">
        <ele>-0.407363</ele>
        <time>2026-10-06T15:04:42.889Z</time>
      </trkpt>
      <trkpt lat="52.828681" lon="5.970178">
        <ele>-0.395989</ele>
        <time>2026-10-06T15:04:43.932Z</time>
      </trkpt>
      <trkpt lat="52.828619" lon="5.970217">
        <ele>-0.384285</ele>
        <time>2026-10-06T15:04:44.967Z</time>
      </trkpt>
      <trkpt lat="52.827708" lon="5.970638">
        <ele>-0.251735</ele>
        <time>2026-10-06T15:04:59.650Z</time>
      </trkpt>
      <trkpt lat="52.827647" lon="5.970667">
        <ele>-0.243402</ele>
        <time>2026-10-06T15:05:00.644Z</time>
      </trkpt>
      <trkpt lat="52.827580" lon="5.970698">
        <ele>-0.234267</ele>
        <time>2026-10-06T15:05:01.705Z</time>
      </trkpt>
      <trkpt lat="52.826427" lon="5.971223">
        <ele>-0.030912</ele>
        <time>2026-10-06T15:05:19.913Z</time>
      </trkpt>
      <trkpt lat="52.826343" lon="5.971251">
        <ele>-0.006012</ele>
        <time>2026-10-06T15:05:21.224Z</time>
      </trkpt>
      <trkpt lat="52.826252" lon="5.971276">
        <ele>0.020795</ele>
        <time>2026-10-06T15:05:22.606Z</time>
      </trkpt>
      <trkpt lat="52.826020" lon="5.971286">
        <ele>0.088237</ele>
        <time>2026-10-06T15:05:26.185Z</time>
      </trkpt>
      <trkpt lat="52.825785" lon="5.971225">
        <ele>0.157363</ele>
        <time>2026-10-06T15:05:29.846Z</time>
      </trkpt>
      <trkpt lat="52.824927" lon="5.970722">
        <ele>0.438973</ele>
        <time>2026-10-06T15:05:45.008Z</time>
      </trkpt>
      <trkpt lat="52.824454" lon="5.970511">
        <ele>0.747528</ele>
        <time>2026-10-06T15:05:53.196Z</time>
      </trkpt>
      <trkpt lat="52.824398" lon="5.970493">
        <ele>0.783459</ele>
        <time>2026-10-06T15:05:54.470Z</time>
      </trkpt>
      <trkpt lat="52.824362" lon="5.970484">
        <ele>0.806391</ele>
        <time>2026-10-06T15:05:55.300Z</time>
      </trkpt>
      <trkpt lat="52.824293" lon="5.970474">
        <ele>0.850017</ele>
        <time>2026-10-06T15:05:56.871Z</time>
      </trkpt>
      <trkpt lat="52.824218" lon="5.970467">
        <ele>0.897332</ele>
        <time>2026-10-06T15:05:58.609Z</time>
      </trkpt>
      <trkpt lat="52.823771" lon="5.970521">
        <ele>1.179626</ele>
        <time>2026-10-06T15:06:06.660Z</time>
      </trkpt>
      <trkpt lat="52.823711" lon="5.970496">
        <ele>1.218597</ele>
        <time>2026-10-06T15:06:08.092Z</time>
      </trkpt>
      <trkpt lat="52.823652" lon="5.970348">
        <ele>1.286079</ele>
        <time>2026-10-06T15:06:10.608Z</time>
      </trkpt>
      <trkpt lat="52.823591" lon="5.970302">
        <ele>1.328302</ele>
        <time>2026-10-06T15:06:12.183Z</time>
      </trkpt>
      <trkpt lat="52.823527" lon="5.970318">
        <ele>1.369070</ele>
        <time>2026-10-06T15:06:13.701Z</time>
      </trkpt>
      <trkpt lat="52.823198" lon="5.970697">
        <ele>1.580381</ele>
        <time>2026-10-06T15:06:22.947Z</time>
      </trkpt>
      <trkpt lat="52.823145" lon="5.970724">
        <ele>1.597649</ele>
        <time>2026-10-06T15:06:24.213Z</time>
      </trkpt>
      <trkpt lat="52.823099" lon="5.970694">
        <ele>1.613045</ele>
        <time>2026-10-06T15:06:25.300Z</time>
      </trkpt>
      <trkpt lat="52.823013" lon="5.970524">
        <ele>1.654763</ele>
        <time>2026-10-06T15:06:28.258Z</time>
      </trkpt>
      <trkpt lat="52.822860" lon="5.970117">
        <ele>1.744958</ele>
        <time>2026-10-06T15:06:34.517Z</time>
      </trkpt>
      <trkpt lat="52.822815" lon="5.969787">
        <ele>1.808615</ele>
        <time>2026-10-06T15:06:38.931Z</time>
      </trkpt>
      <trkpt lat="52.822748" lon="5.969803">
        <ele>1.829694</ele>
        <time>2026-10-06T15:06:40.413Z</time>
      </trkpt>
      <trkpt lat="52.822679" lon="5.969821">
        <ele>1.851445</ele>
        <time>2026-10-06T15:06:41.907Z</time>
      </trkpt>
      <trkpt lat="52.822549" lon="5.969820">
        <ele>1.891927</ele>
        <time>2026-10-06T15:06:44.689Z</time>
      </trkpt>
      <trkpt lat="52.821942" lon="5.969374">
        <ele>2.098735</ele>
        <time>2026-10-06T15:06:58.444Z</time>
      </trkpt>
      <trkpt lat="52.821817" lon="5.969282">
        <ele>2.066357</ele>
        <time>2026-10-06T15:07:01.234Z</time>
      </trkpt>
      <trkpt lat="52.821329" lon="5.968914">
        <ele>1.928941</ele>
        <time>2026-10-06T15:07:11.802Z</time>
      </trkpt>
      <trkpt lat="52.821202" lon="5.968908">
        <ele>1.896385</ele>
        <time>2026-10-06T15:07:14.238Z</time>
      </trkpt>
      <trkpt lat="52.821079" lon="5.968981">
        <ele>1.862902</ele>
        <time>2026-10-06T15:07:16.740Z</time>
      </trkpt>
      <trkpt lat="52.820994" lon="5.969041">
        <ele>1.839223</ele>
        <time>2026-10-06T15:07:18.522Z</time>
      </trkpt>
      <trkpt lat="52.820956" lon="5.968926">
        <ele>1.818928</ele>
        <time>2026-10-06T15:07:20.050Z</time>
      </trkpt>
      <trkpt lat="52.820880" lon="5.968667">
        <ele>1.774344</ele>
        <time>2026-10-06T15:07:23.431Z</time>
      </trkpt>
      <trkpt lat="52.820596" lon="5.967594">
        <ele>1.564151</ele>
        <time>2026-10-06T15:07:36.668Z</time>
      </trkpt>
      <trkpt lat="52.820518" lon="5.967315">
        <ele>1.486979</ele>
        <time>2026-10-06T15:07:40.013Z</time>
      </trkpt>
      <trkpt lat="52.820457" lon="5.967135">
        <ele>1.435171</ele>
        <time>2026-10-06T15:07:41.587Z</time>
      </trkpt>
      <trkpt lat="52.820471" lon="5.967014">
        <ele>1.404243</ele>
        <time>2026-10-06T15:07:42.552Z</time>
      </trkpt>
      <trkpt lat="52.820446" lon="5.966902">
        <ele>1.374269</ele>
        <time>2026-10-06T15:07:43.459Z</time>
      </trkpt>
      <trkpt lat="52.820400" lon="5.966797">
        <ele>1.341712</ele>
        <time>2026-10-06T15:07:44.496Z</time>
      </trkpt>
      <trkpt lat="52.820366" lon="5.966724">
        <ele>1.318574</ele>
        <time>2026-10-06T15:07:45.221Z</time>
      </trkpt>
      <trkpt lat="52.820321" lon="5.966545">
        <ele>1.269904</ele>
        <time>2026-10-06T15:07:46.809Z</time>
      </trkpt>
      <trkpt lat="52.820312" lon="5.966318">
        <ele>1.212795</ele>
        <time>2026-10-06T15:07:48.648Z</time>
      </trkpt>
      <trkpt lat="52.820525" lon="5.965502">
        <ele>0.989651</ele>
        <time>2026-10-06T15:07:55.913Z</time>
      </trkpt>
      <trkpt lat="52.820755" lon="5.966046">
        <ele>0.883608</ele>
        <time>2026-10-06T15:08:01.629Z</time>
      </trkpt>
      <trkpt lat="52.820525" lon="5.965502">
        <ele>0.863056</ele>
        <time>2026-10-06T15:08:07.447Z</time>
      </trkpt>
      <trkpt lat="52.820312" lon="5.966318">
        <ele>0.835540</ele>
        <time>2026-10-06T15:08:15.635Z</time>
      </trkpt>
      <trkpt lat="52.820279" lon="5.966289">
        <ele>0.833626</ele>
        <time>2026-10-06T15:08:16.167Z</time>
      </trkpt>
      <trkpt lat="52.820260" lon="5.966272">
        <ele>0.832519</ele>
        <time>2026-10-06T15:08:16.479Z</time>
      </trkpt>
      <trkpt lat="52.820240" lon="5.966255">
        <ele>0.831368</ele>
        <time>2026-10-06T15:08:16.802Z</time>
      </trkpt>
      <trkpt lat="52.820220" lon="5.966238">
        <ele>0.830216</ele>
        <time>2026-10-06T15:08:17.133Z</time>
      </trkpt>
      <trkpt lat="52.820204" lon="5.966223">
        <ele>0.829274</ele>
        <time>2026-10-06T15:08:17.436Z</time>
      </trkpt>
      <trkpt lat="52.820188" lon="5.966210">
        <ele>0.828361</ele>
        <time>2026-10-06T15:08:17.713Z</time>
      </trkpt>
      <trkpt lat="52.820161" lon="5.966187">
        <ele>0.826805</ele>
        <time>2026-10-06T15:08:18.147Z</time>
      </trkpt>
      <trkpt lat="52.819999" lon="5.966285">
        <ele>0.817970</ele>
        <time>2026-10-06T15:08:20.658Z</time>
      </trkpt>
      <trkpt lat="52.819919" lon="5.966130">
        <ele>0.811660</ele>
        <time>2026-10-06T15:08:22.527Z</time>
      </trkpt>
      <trkpt lat="52.819858" lon="5.966026">
        <ele>0.807173</ele>
        <time>2026-10-06T15:08:23.828Z</time>
      </trkpt>
      <trkpt lat="52.819058" lon="5.964605">
        <ele>0.827276</ele>
        <time>2026-10-06T15:08:41.061Z</time>
      </trkpt>
      <trkpt lat="52.818665" lon="5.963857">
        <ele>0.843083</ele>
        <time>2026-10-06T15:08:49.920Z</time>
      </trkpt>
      <trkpt lat="52.818244" lon="5.962944">
        <ele>0.923165</ele>
        <time>2026-10-06T15:09:00.564Z</time>
      </trkpt>
      <trkpt lat="52.817711" lon="5.961508">
        <ele>1.069180</ele>
        <time>2026-10-06T15:09:16.631Z</time>
      </trkpt>
      <trkpt lat="52.817623" lon="5.961313">
        <ele>1.090267</ele>
        <time>2026-10-06T15:09:18.928Z</time>
      </trkpt>
      <trkpt lat="52.817542" lon="5.961230">
        <ele>1.103927</ele>
        <time>2026-10-06T15:09:20.398Z</time>
      </trkpt>
      <trkpt lat="52.817451" lon="5.961217">
        <ele>1.095859</ele>
        <time>2026-10-06T15:09:21.823Z</time>
      </trkpt>
      <trkpt lat="52.817321" lon="5.961264">
        <ele>1.080387</ele>
        <time>2026-10-06T15:09:23.831Z</time>
      </trkpt>
      <trkpt lat="52.813836" lon="5.963059">
        <ele>0.613688</ele>
        <time>2026-10-06T15:10:15.485Z</time>
      </trkpt>
      <trkpt lat="52.813251" lon="5.963436">
        <ele>0.668766</ele>
        <time>2026-10-06T15:10:25.056Z</time>
      </trkpt>
      <trkpt lat="52.812114" lon="5.964307">
        <ele>0.809914</ele>
        <time>2026-10-06T15:10:44.669Z</time>
      </trkpt>
      <trkpt lat="52.811217" lon="5.964944">
        <ele>0.982794</ele>
        <time>2026-10-06T15:10:59.776Z</time>
      </trkpt>
      <trkpt lat="52.811172" lon="5.964978">
        <ele>0.991555</ele>
        <time>2026-10-06T15:11:00.551Z</time>
      </trkpt>
      <trkpt lat="52.809483" lon="5.966408">
        <ele>1.147563</ele>
        <time>2026-10-06T15:11:29.876Z</time>
      </trkpt>
      <trkpt lat="52.809438" lon="5.966478">
        <ele>1.150957</ele>
        <time>2026-10-06T15:11:30.758Z</time>
      </trkpt>
      <trkpt lat="52.809369" lon="5.966719">
        <ele>1.159814</ele>
        <time>2026-10-06T15:11:33.043Z</time>
      </trkpt>
      <trkpt lat="52.809076" lon="5.966652">
        <ele>1.081149</ele>
        <time>2026-10-06T15:11:37.158Z</time>
      </trkpt>
      <trkpt lat="52.808510" lon="5.966778">
        <ele>0.832788</ele>
        <time>2026-10-06T15:11:44.803Z</time>
      </trkpt>
      <trkpt lat="52.807191" lon="5.967347">
        <ele>0.308434</ele>
        <time>2026-10-06T15:12:02.762Z</time>
      </trkpt>
      <trkpt lat="52.806971" lon="5.967407">
        <ele>0.257800</ele>
        <time>2026-10-06T15:12:05.797Z</time>
      </trkpt>
      <trkpt lat="52.806479" lon="5.967455">
        <ele>0.145879</ele>
        <time>2026-10-06T15:12:12.656Z</time>
      </trkpt>
      <trkpt lat="52.806020" lon="5.967725">
        <ele>0.035252</ele>
        <time>2026-10-06T15:12:19.686Z</time>
      </trkpt>
      <trkpt lat="52.805330" lon="5.968051">
        <ele>-0.010961</ele>
        <time>2026-10-06T15:12:30.493Z</time>
      </trkpt>
      <trkpt lat="52.804559" lon="5.968335">
        <ele>0.014008</ele>
        <time>2026-10-06T15:12:42.587Z</time>
      </trkpt>
      <trkpt lat="52.803941" lon="5.968341">
        <ele>0.014882</ele>
        <time>2026-10-06T15:12:51.802Z</time>
      </trkpt>
      <trkpt lat="52.802423" lon="5.968521">
        <ele>-0.406258</ele>
        <time>2026-10-06T15:13:12.705Z</time>
      </trkpt>
      <trkpt lat="52.802273" lon="5.968560">
        <ele>-0.448276</ele>
        <time>2026-10-06T15:13:14.775Z</time>
      </trkpt>
      <trkpt lat="52.802187" lon="5.968629">
        <ele>-0.472767</ele>
        <time>2026-10-06T15:13:16.070Z</time>
      </trkpt>
      <trkpt lat="52.802034" lon="5.968900">
        <ele>-0.520728</ele>
        <time>2026-10-06T15:13:19.157Z</time>
      </trkpt>
      <trkpt lat="52.801384" lon="5.971069">
        <ele>-0.833859</ele>
        <time>2026-10-06T15:13:39.906Z</time>
      </trkpt>
      <trkpt lat="52.801040" lon="5.972021">
        <ele>-0.941906</ele>
        <time>2026-10-06T15:13:49.266Z</time>
      </trkpt>
      <trkpt lat="52.800793" lon="5.972826">
        <ele>-1.025965</ele>
        <time>2026-10-06T15:13:56.897Z</time>
      </trkpt>
      <trkpt lat="52.800522" lon="5.973534">
        <ele>-1.103992</ele>
        <time>2026-10-06T15:14:04.166Z</time>
      </trkpt>
      <trkpt lat="52.799849" lon="5.975705">
        <ele>-1.026889</ele>
        <time>2026-10-06T15:14:26.831Z</time>
      </trkpt>
      <trkpt lat="52.798302" lon="5.980360">
        <ele>-0.834730</ele>
        <time>2026-10-06T15:15:14.850Z</time>
      </trkpt>
      <trkpt lat="52.797954" lon="5.981606">
        <ele>-0.750897</ele>
        <time>2026-10-06T15:15:27.474Z</time>
      </trkpt>
      <trkpt lat="52.797865" lon="5.982106">
        <ele>-0.672591</ele>
        <time>2026-10-06T15:15:32.363Z</time>
      </trkpt>
      <trkpt lat="52.797821" lon="5.984150">
        <ele>-0.342670</ele>
        <time>2026-10-06T15:15:52.260Z</time>
      </trkpt>
      <trkpt lat="52.797815" lon="5.984618">
        <ele>-0.267426</ele>
        <time>2026-10-06T15:15:58.290Z</time>
      </trkpt>
      <trkpt lat="52.797731" lon="5.984613">
        <ele>-0.261218</ele>
        <time>2026-10-06T15:16:00.091Z</time>
      </trkpt>
      <trkpt lat="52.797671" lon="5.984611">
        <ele>-0.256786</ele>
        <time>2026-10-06T15:16:01.053Z</time>
      </trkpt>
      <trkpt lat="52.797592" lon="5.984608">
        <ele>-0.250951</ele>
        <time>2026-10-06T15:16:02.301Z</time>
      </trkpt>
      <trkpt lat="52.797536" lon="5.984605">
        <ele>-0.246813</ele>
        <time>2026-10-06T15:16:03.194Z</time>
      </trkpt>
      <trkpt lat="52.797511" lon="5.984603">
        <ele>-0.244965</ele>
        <time>2026-10-06T15:16:03.720Z</time>
      </trkpt>
      <trkpt lat="52.797442" lon="5.984592">
        <ele>-0.239845</ele>
        <time>2026-10-06T15:16:04.788Z</time>
      </trkpt>
      <trkpt lat="52.797417" lon="5.984584">
        <ele>-0.237965</ele>
        <time>2026-10-06T15:16:05.196Z</time>
      </trkpt>
      <trkpt lat="52.797390" lon="5.984585">
        <ele>-0.235970</ele>
        <time>2026-10-06T15:16:05.770Z</time>
      </trkpt>
      <trkpt lat="52.797378" lon="5.984586">
        <ele>-0.235083</ele>
        <time>2026-10-06T15:16:06.019Z</time>
      </trkpt>
      <trkpt lat="52.797355" lon="5.984208">
        <ele>-0.218119</ele>
        <time>2026-10-06T15:16:10.788Z</time>
      </trkpt>
      <trkpt lat="52.797381" lon="5.984156">
        <ele>-0.215106</ele>
        <time>2026-10-06T15:16:11.641Z</time>
      </trkpt>
      <trkpt lat="52.797402" lon="5.984149">
        <ele>-0.213524</ele>
        <time>2026-10-06T15:16:11.971Z</time>
      </trkpt>
      <trkpt lat="52.797421" lon="5.984143">
        <ele>-0.212096</ele>
        <time>2026-10-06T15:16:12.256Z</time>
      </trkpt>
      <trkpt lat="52.797461" lon="5.984104">
        <ele>-0.208667</ele>
        <time>2026-10-06T15:16:13.197Z</time>
      </trkpt>
      <trkpt lat="52.797467" lon="5.983841">
        <ele>-0.196915</ele>
        <time>2026-10-06T15:16:16.462Z</time>
      </trkpt>
      <trkpt lat="52.797457" lon="5.983840">
        <ele>-0.196175</ele>
        <time>2026-10-06T15:16:16.679Z</time>
      </trkpt>
      <trkpt lat="52.797437" lon="5.983836">
        <ele>-0.194687</ele>
        <time>2026-10-06T15:16:17.101Z</time>
      </trkpt>
      <trkpt lat="52.797363" lon="5.983750">
        <ele>-0.188008</ele>
        <time>2026-10-06T15:16:18.953Z</time>
      </trkpt>
      <trkpt lat="52.797222" lon="5.983387">
        <ele>-0.168742</ele>
        <time>2026-10-06T15:16:24.256Z</time>
      </trkpt>
      <trkpt lat="52.796976" lon="5.982906">
        <ele>-0.140612</ele>
        <time>2026-10-06T15:16:31.799Z</time>
      </trkpt>
      <trkpt lat="52.796807" lon="5.982699">
        <ele>-0.129797</ele>
        <time>2026-10-06T15:16:35.961Z</time>
      </trkpt>
      <trkpt lat="52.796014" lon="5.981249">
        <ele>-0.085314</ele>
        <time>2026-10-06T15:17:00.093Z</time>
      </trkpt>
      <trkpt lat="52.795008" lon="5.979539">
        <ele>-0.067078</ele>
        <time>2026-10-06T15:17:29.794Z</time>
      </trkpt>
      <trkpt lat="52.794162" lon="5.978038">
        <ele>-0.097097</ele>
        <time>2026-10-06T15:17:54.452Z</time>
      </trkpt>
      <trkpt lat="52.793194" lon="5.976200">
        <ele>-0.209354</ele>
        <time>2026-10-06T15:18:23.822Z</time>
      </trkpt>
      <trkpt lat="52.793064" lon="5.975860">
        <ele>-0.232342</ele>
        <time>2026-10-06T15:18:28.600Z</time>
      </trkpt>
      <trkpt lat="52.792459" lon="5.974689">
        <ele>-0.320358</ele>
        <time>2026-10-06T15:18:46.899Z</time>
      </trkpt>
      <trkpt lat="52.790528" lon="5.971180">
        <ele>-0.277881</ele>
        <time>2026-10-06T15:19:45.281Z</time>
      </trkpt>
      <trkpt lat="52.790461" lon="5.971142">
        <ele>-0.272864</ele>
        <time>2026-10-06T15:19:46.745Z</time>
      </trkpt>
      <trkpt lat="52.790437" lon="5.971153">
        <ele>-0.271101</ele>
        <time>2026-10-06T15:19:47.251Z</time>
      </trkpt>
      <trkpt lat="52.790422" lon="5.971166">
        <ele>-0.269901</ele>
        <time>2026-10-06T15:19:47.496Z</time>
      </trkpt>
      <trkpt lat="52.790130" lon="5.970688">
        <ele>-0.240802</ele>
        <time>2026-10-06T15:19:53.641Z</time>
      </trkpt>
      <trkpt lat="52.790079" lon="5.970648">
        <ele>-0.236805</ele>
        <time>2026-10-06T15:19:54.464Z</time>
      </trkpt>
      <trkpt lat="52.790088" lon="5.970561">
        <ele>-0.233025</ele>
        <time>2026-10-06T15:19:55.273Z</time>
      </trkpt>
      <trkpt lat="52.790057" lon="5.970554">
        <ele>-0.230809</ele>
        <time>2026-10-06T15:19:55.745Z</time>
      </trkpt>
      <trkpt lat="52.789977" lon="5.970531">
        <ele>-0.225058</ele>
        <time>2026-10-06T15:19:57.400Z</time>
      </trkpt>
      <trkpt lat="52.789773" lon="5.970894">
        <ele>-0.203835</ele>
        <time>2026-10-06T15:20:03.548Z</time>
      </trkpt>
      <trkpt lat="52.788418" lon="5.973505">
        <ele>-0.134243</ele>
        <time>2026-10-06T15:20:46.241Z</time>
      </trkpt>
      <trkpt lat="52.788461" lon="5.973571">
        <ele>-0.142282</ele>
        <time>2026-10-06T15:20:47.103Z</time>
      </trkpt>
      <trkpt lat="52.787736" lon="5.974989">
        <ele>-0.296144</ele>
        <time>2026-10-06T15:21:03.195Z</time>
      </trkpt>
      <trkpt lat="52.787167" lon="5.976204">
        <ele>-0.446570</ele>
        <time>2026-10-06T15:21:16.112Z</time>
      </trkpt>
      <trkpt lat="52.786996" lon="5.976471">
        <ele>-0.493824</ele>
        <time>2026-10-06T15:21:19.389Z</time>
      </trkpt>
      <trkpt lat="52.786766" lon="5.976697">
        <ele>-0.547579</ele>
        <time>2026-10-06T15:21:23.113Z</time>
      </trkpt>
      <trkpt lat="52.785570" lon="5.977347">
        <ele>-0.764714</ele>
        <time>2026-10-06T15:21:41.009Z</time>
      </trkpt>
      <trkpt lat="52.785311" lon="5.977488">
        <ele>-0.789397</ele>
        <time>2026-10-06T15:21:44.942Z</time>
      </trkpt>
      <trkpt lat="52.785201" lon="5.977584">
        <ele>-0.800656</ele>
        <time>2026-10-06T15:21:46.732Z</time>
      </trkpt>
      <trkpt lat="52.785143" lon="5.977634">
        <ele>-0.806578</ele>
        <time>2026-10-06T15:21:47.665Z</time>
      </trkpt>
      <trkpt lat="52.784935" lon="5.977824">
        <ele>-0.828089</ele>
        <time>2026-10-06T15:21:51.110Z</time>
      </trkpt>
      <trkpt lat="52.784819" lon="5.977972">
        <ele>-0.841352</ele>
        <time>2026-10-06T15:21:53.238Z</time>
      </trkpt>
      <trkpt lat="52.784698" lon="5.978194">
        <ele>-0.857713</ele>
        <time>2026-10-06T15:21:55.906Z</time>
      </trkpt>
      <trkpt lat="52.784625" lon="5.978388">
        <ele>-0.870223</ele>
        <time>2026-10-06T15:21:57.978Z</time>
      </trkpt>
      <trkpt lat="52.784561" lon="5.978616">
        <ele>-0.883984</ele>
        <time>2026-10-06T15:22:00.258Z</time>
      </trkpt>
      <trkpt lat="52.784515" lon="5.978914">
        <ele>-0.897095</ele>
        <time>2026-10-06T15:22:03.030Z</time>
      </trkpt>
      <trkpt lat="52.784527" lon="5.979560">
        <ele>-0.882799</ele>
        <time>2026-10-06T15:22:08.818Z</time>
      </trkpt>
      <trkpt lat="52.784557" lon="5.979986">
        <ele>-0.873313</ele>
        <time>2026-10-06T15:22:12.679Z</time>
      </trkpt>
      <trkpt lat="52.784549" lon="5.980184">
        <ele>-0.868923</ele>
        <time>2026-10-06T15:22:14.474Z</time>
      </trkpt>
      <trkpt lat="52.784491" lon="5.980449">
        <ele>-0.862690</ele>
        <time>2026-10-06T15:22:17.003Z</time>
      </trkpt>
      <trkpt lat="52.784434" lon="5.980585">
        <ele>-0.859030</ele>
        <time>2026-10-06T15:22:18.483Z</time>
      </trkpt>
      <trkpt lat="52.783750" lon="5.981510">
        <ele>-0.814287</ele>
        <time>2026-10-06T15:22:31.715Z</time>
      </trkpt>
      <trkpt lat="52.783312" lon="5.982178">
        <ele>-0.744779</ele>
        <time>2026-10-06T15:22:40.813Z</time>
      </trkpt>
      <trkpt lat="52.783055" lon="5.982606">
        <ele>-0.702230</ele>
        <time>2026-10-06T15:22:48.485Z</time>
      </trkpt>
      <trkpt lat="52.782966" lon="5.982655">
        <ele>-0.691288</ele>
        <time>2026-10-06T15:22:50.479Z</time>
      </trkpt>
      <trkpt lat="52.782912" lon="5.982625">
        <ele>-0.684643</ele>
        <time>2026-10-06T15:22:51.685Z</time>
      </trkpt>
      <trkpt lat="52.782846" lon="5.982583">
        <ele>-0.676393</ele>
        <time>2026-10-06T15:22:52.810Z</time>
      </trkpt>
      <trkpt lat="52.781607" lon="5.981824">
        <ele>-0.905441</ele>
        <time>2026-10-06T15:23:12.688Z</time>
      </trkpt>
      <trkpt lat="52.781450" lon="5.982141">
        <ele>-0.986949</ele>
        <time>2026-10-06T15:23:15.922Z</time>
      </trkpt>
      <trkpt lat="52.781352" lon="5.982264">
        <ele>-1.027418</ele>
        <time>2026-10-06T15:23:17.511Z</time>
      </trkpt>
      <trkpt lat="52.781265" lon="5.982379">
        <ele>-1.064055</ele>
        <time>2026-10-06T15:23:18.943Z</time>
      </trkpt>
      <trkpt lat="52.781210" lon="5.982529">
        <ele>-1.098951</ele>
        <time>2026-10-06T15:23:20.862Z</time>
      </trkpt>
      <trkpt lat="52.781177" lon="5.982826">
        <ele>-1.159026</ele>
        <time>2026-10-06T15:23:24.142Z</time>
      </trkpt>
      <trkpt lat="52.781236" lon="5.983168">
        <ele>-1.236586</ele>
        <time>2026-10-06T15:23:27.973Z</time>
      </trkpt>
      <trkpt lat="52.781278" lon="5.983405">
        <ele>-1.307147</ele>
        <time>2026-10-06T15:23:30.637Z</time>
      </trkpt>
      <trkpt lat="52.781285" lon="5.983604">
        <ele>-1.364100</ele>
        <time>2026-10-06T15:23:32.775Z</time>
      </trkpt>
      <trkpt lat="52.781208" lon="5.984206">
        <ele>-1.539904</ele>
        <time>2026-10-06T15:23:39.361Z</time>
      </trkpt>
      <trkpt lat="52.781022" lon="5.984157">
        <ele>-1.628873</ele>
        <time>2026-10-06T15:23:42.774Z</time>
      </trkpt>
      <trkpt lat="52.780864" lon="5.984193">
        <ele>-1.704212</ele>
        <time>2026-10-06T15:23:45.776Z</time>
      </trkpt>
      <trkpt lat="52.778637" lon="5.985034">
        <ele>-2.147960</ele>
        <time>2026-10-06T15:24:31.115Z</time>
      </trkpt>
      <trkpt lat="52.775911" lon="5.986136">
        <ele>-1.966348</ele>
        <time>2026-10-06T15:25:28.396Z</time>
      </trkpt>
      <trkpt lat="52.775855" lon="5.986125">
        <ele>-1.959700</ele>
        <time>2026-10-06T15:25:29.570Z</time>
      </trkpt>
      <trkpt lat="52.775809" lon="5.986044">
        <ele>-1.951777</ele>
        <time>2026-10-06T15:25:30.953Z</time>
      </trkpt>
      <trkpt lat="52.775486" lon="5.984899">
        <ele>-1.861678</ele>
        <time>2026-10-06T15:25:46.896Z</time>
      </trkpt>
      <trkpt lat="52.775423" lon="5.984787">
        <ele>-1.850771</ele>
        <time>2026-10-06T15:25:48.837Z</time>
      </trkpt>
      <trkpt lat="52.775358" lon="5.984780">
        <ele>-1.843092</ele>
        <time>2026-10-06T15:25:50.226Z</time>
      </trkpt>
      <trkpt lat="52.774502" lon="5.985250">
        <ele>-1.734959</ele>
        <time>2026-10-06T15:26:09.486Z</time>
      </trkpt>
      <trkpt lat="52.774365" lon="5.985207">
        <ele>-1.718234</ele>
        <time>2026-10-06T15:26:12.341Z</time>
      </trkpt>
      <trkpt lat="52.774317" lon="5.985144">
        <ele>-1.710884</ele>
        <time>2026-10-06T15:26:13.578Z</time>
      </trkpt>
      <trkpt lat="52.774180" lon="5.984964">
        <ele>-1.689895</ele>
        <time>2026-10-06T15:26:17.117Z</time>
      </trkpt>
      <trkpt lat="52.774071" lon="5.984951">
        <ele>-1.676789</ele>
        <time>2026-10-06T15:26:19.330Z</time>
      </trkpt>
      <trkpt lat="52.773997" lon="5.984996">
        <ele>-1.667333</ele>
        <time>2026-10-06T15:26:20.923Z</time>
      </trkpt>
      <trkpt lat="52.773944" lon="5.985043">
        <ele>-1.660119</ele>
        <time>2026-10-06T15:26:22.122Z</time>
      </trkpt>
      <trkpt lat="52.773872" lon="5.985125">
        <ele>-1.649633</ele>
        <time>2026-10-06T15:26:23.878Z</time>
      </trkpt>
      <trkpt lat="52.773828" lon="5.985258">
        <ele>-1.638635</ele>
        <time>2026-10-06T15:26:25.706Z</time>
      </trkpt>
      <trkpt lat="52.773818" lon="5.985378">
        <ele>-1.629846</ele>
        <time>2026-10-06T15:26:27.184Z</time>
      </trkpt>
      <trkpt lat="52.773839" lon="5.985566">
        <ele>-1.638088</ele>
        <time>2026-10-06T15:26:29.497Z</time>
      </trkpt>
      <trkpt lat="52.773813" lon="5.985754">
        <ele>-1.658727</ele>
        <time>2026-10-06T15:26:31.830Z</time>
      </trkpt>
      <trkpt lat="52.773761" lon="5.985874">
        <ele>-1.674524</ele>
        <time>2026-10-06T15:26:33.607Z</time>
      </trkpt>
      <trkpt lat="52.773683" lon="5.985960">
        <ele>-1.691110</ele>
        <time>2026-10-06T15:26:35.465Z</time>
      </trkpt>
      <trkpt lat="52.773394" lon="5.986204">
        <ele>-1.748517</ele>
        <time>2026-10-06T15:26:41.719Z</time>
      </trkpt>
      <trkpt lat="52.772959" lon="5.986508">
        <ele>-1.832065</ele>
        <time>2026-10-06T15:26:50.707Z</time>
      </trkpt>
      <trkpt lat="52.771755" lon="5.987201">
        <ele>-1.976661</ele>
        <time>2026-10-06T15:27:15.886Z</time>
      </trkpt>
      <trkpt lat="52.771067" lon="5.987727">
        <ele>-2.015971</ele>
        <time>2026-10-06T15:27:31.115Z</time>
      </trkpt>
      <trkpt lat="52.770520" lon="5.988257">
        <ele>-2.007709</ele>
        <time>2026-10-06T15:27:44.000Z</time>
      </trkpt>
      <trkpt lat="52.769934" lon="5.988913">
        <ele>-1.923446</ele>
        <time>2026-10-06T15:27:58.636Z</time>
      </trkpt>
      <trkpt lat="52.768317" lon="5.990607">
        <ele>-1.581417</ele>
        <time>2026-10-06T15:28:38.620Z</time>
      </trkpt>
      <trkpt lat="52.768193" lon="5.990683">
        <ele>-1.551493</ele>
        <time>2026-10-06T15:28:41.463Z</time>
      </trkpt>
      <trkpt lat="52.767990" lon="5.990711">
        <ele>-1.505402</ele>
        <time>2026-10-06T15:28:45.853Z</time>
      </trkpt>
      <trkpt lat="52.767976" lon="5.990713">
        <ele>-1.502222</ele>
        <time>2026-10-06T15:28:46.149Z</time>
      </trkpt>
      <trkpt lat="52.767961" lon="5.990715">
        <ele>-1.498817</ele>
        <time>2026-10-06T15:28:46.480Z</time>
      </trkpt>
      <trkpt lat="52.767891" lon="5.990723">
        <ele>-1.482941</ele>
        <time>2026-10-06T15:28:47.964Z</time>
      </trkpt>
      <trkpt lat="52.767661" lon="5.990753">
        <ele>-1.430738</ele>
        <time>2026-10-06T15:28:51.660Z</time>
      </trkpt>
      <trkpt lat="52.767364" lon="5.990809">
        <ele>-1.376188</ele>
        <time>2026-10-06T15:28:58.050Z</time>
      </trkpt>
      <trkpt lat="52.766653" lon="5.991308">
        <ele>-1.245262</ele>
        <time>2026-10-06T15:29:14.776Z</time>
      </trkpt>
      <trkpt lat="52.765464" lon="5.992013">
        <ele>-1.149005</ele>
        <time>2026-10-06T15:29:40.304Z</time>
      </trkpt>
      <trkpt lat="52.764379" lon="5.992485">
        <ele>-1.241652</ele>
        <time>2026-10-06T15:30:02.126Z</time>
      </trkpt>
      <trkpt lat="52.764039" lon="5.992679">
        <ele>-1.241140</ele>
        <time>2026-10-06T15:30:09.301Z</time>
      </trkpt>
      <trkpt lat="52.763239" lon="5.993331">
        <ele>-1.135775</ele>
        <time>2026-10-06T15:30:27.785Z</time>
      </trkpt>
      <trkpt lat="52.762290" lon="5.993994">
        <ele>-1.010412</ele>
        <time>2026-10-06T15:30:49.531Z</time>
      </trkpt>
      <trkpt lat="52.761981" lon="5.994283">
        <ele>-0.963737</ele>
        <time>2026-10-06T15:30:56.973Z</time>
      </trkpt>
      <trkpt lat="52.761307" lon="5.995026">
        <ele>-0.857228</ele>
        <time>2026-10-06T15:31:13.978Z</time>
      </trkpt>
      <trkpt lat="52.760789" lon="5.995413">
        <ele>-0.841331</ele>
        <time>2026-10-06T15:31:25.541Z</time>
      </trkpt>
      <trkpt lat="52.760135" lon="5.995764">
        <ele>-0.944228</ele>
        <time>2026-10-06T15:31:39.093Z</time>
      </trkpt>
      <trkpt lat="52.759376" lon="5.996084">
        <ele>-1.061443</ele>
        <time>2026-10-06T15:31:54.084Z</time>
      </trkpt>
      <trkpt lat="52.758949" lon="5.996215">
        <ele>-1.080746</ele>
        <time>2026-10-06T15:32:02.535Z</time>
      </trkpt>
      <trkpt lat="52.758469" lon="5.996314">
        <ele>-1.083174</ele>
        <time>2026-10-06T15:32:12.253Z</time>
      </trkpt>
      <trkpt lat="52.757816" lon="5.996365">
        <ele>-1.086456</ele>
        <time>2026-10-06T15:32:25.730Z</time>
      </trkpt>
      <trkpt lat="52.757338" lon="5.996344">
        <ele>-1.062904</ele>
        <time>2026-10-06T15:32:35.683Z</time>
      </trkpt>
      <trkpt lat="52.756674" lon="5.996244">
        <ele>-0.936030</ele>
        <time>2026-10-06T15:32:49.544Z</time>
      </trkpt>
      <trkpt lat="52.755624" lon="5.996085">
        <ele>-0.753069</ele>
        <time>2026-10-06T15:33:11.706Z</time>
      </trkpt>
      <trkpt lat="52.755391" lon="5.996166">
        <ele>-0.783759</ele>
        <time>2026-10-06T15:33:16.736Z</time>
      </trkpt>
      <trkpt lat="52.755140" lon="5.996333">
        <ele>-0.818635</ele>
        <time>2026-10-06T15:33:22.402Z</time>
      </trkpt>
      <trkpt lat="52.755109" lon="5.996387">
        <ele>-0.824441</ele>
        <time>2026-10-06T15:33:23.322Z</time>
      </trkpt>
      <trkpt lat="52.755015" lon="5.996224">
        <ele>-0.842004</ele>
        <time>2026-10-06T15:33:26.132Z</time>
      </trkpt>
      <trkpt lat="52.755002" lon="5.995919">
        <ele>-0.865856</ele>
        <time>2026-10-06T15:33:28.901Z</time>
      </trkpt>
      <trkpt lat="52.754994" lon="5.995669">
        <ele>-0.885385</ele>
        <time>2026-10-06T15:33:31.107Z</time>
      </trkpt>
      <trkpt lat="52.754985" lon="5.995352">
        <ele>-0.910141</ele>
        <time>2026-10-06T15:33:33.854Z</time>
      </trkpt>
      <trkpt lat="52.754978" lon="5.995108">
        <ele>-0.929197</ele>
        <time>2026-10-06T15:33:35.909Z</time>
      </trkpt>
      <trkpt lat="52.754969" lon="5.994889">
        <ele>-0.946320</ele>
        <time>2026-10-06T15:33:37.708Z</time>
      </trkpt>
      <trkpt lat="52.754960" lon="5.994658">
        <ele>-0.964377</ele>
        <time>2026-10-06T15:33:39.539Z</time>
      </trkpt>
      <trkpt lat="52.754951" lon="5.994357">
        <ele>-1.014400</ele>
        <time>2026-10-06T15:33:42.831Z</time>
      </trkpt>
      <trkpt lat="52.754888" lon="5.992373">
        <ele>-1.575195</ele>
        <time>2026-10-06T15:34:04.445Z</time>
      </trkpt>
      <trkpt lat="52.754758" lon="5.988145">
        <ele>-1.967132</ele>
        <time>2026-10-06T15:34:55.731Z</time>
      </trkpt>
      <trkpt lat="52.754478" lon="5.979326">
        <ele>-1.900760</ele>
        <time>2026-10-06T15:36:44.110Z</time>
      </trkpt>
      <trkpt lat="52.754502" lon="5.978816">
        <ele>-1.892074</ele>
        <time>2026-10-06T15:36:50.403Z</time>
      </trkpt>
      <trkpt lat="52.754564" lon="5.978527">
        <ele>-1.886868</ele>
        <time>2026-10-06T15:36:54.169Z</time>
      </trkpt>
      <trkpt lat="52.754635" lon="5.978329">
        <ele>-1.882960</ele>
        <time>2026-10-06T15:36:57.001Z</time>
      </trkpt>
      <trkpt lat="52.754787" lon="5.978052">
        <ele>-1.876611</ele>
        <time>2026-10-06T15:37:01.582Z</time>
      </trkpt>
      <trkpt lat="52.754959" lon="5.977851">
        <ele>-1.870700</ele>
        <time>2026-10-06T15:37:05.836Z</time>
      </trkpt>
      <trkpt lat="52.756108" lon="5.976949">
        <ele>-1.801554</ele>
        <time>2026-10-06T15:37:31.751Z</time>
      </trkpt>
      <trkpt lat="52.756167" lon="5.976788">
        <ele>-1.793207</ele>
        <time>2026-10-06T15:37:34.080Z</time>
      </trkpt>
      <trkpt lat="52.756168" lon="5.976672">
        <ele>-1.788061</ele>
        <time>2026-10-06T15:37:35.543Z</time>
      </trkpt>
      <trkpt lat="52.756141" lon="5.976551">
        <ele>-1.782341</ele>
        <time>2026-10-06T15:37:37.120Z</time>
      </trkpt>
      <trkpt lat="52.754800" lon="5.971833">
        <ele>-1.418889</ele>
        <time>2026-10-06T15:38:25.253Z</time>
      </trkpt>
      <trkpt lat="52.754681" lon="5.971325">
        <ele>-1.343666</ele>
        <time>2026-10-06T15:38:30.398Z</time>
      </trkpt>
      <trkpt lat="52.754592" lon="5.970739">
        <ele>-1.260232</ele>
        <time>2026-10-06T15:38:36.125Z</time>
      </trkpt>
      <trkpt lat="52.754551" lon="5.970072">
        <ele>-1.167649</ele>
        <time>2026-10-06T15:38:42.598Z</time>
      </trkpt>
      <trkpt lat="52.754563" lon="5.969589">
        <ele>-1.083879</ele>
        <time>2026-10-06T15:38:47.340Z</time>
      </trkpt>
      <trkpt lat="52.754665" lon="5.968754">
        <ele>-0.909381</ele>
        <time>2026-10-06T15:38:55.684Z</time>
      </trkpt>
      <trkpt lat="52.754686" lon="5.968630">
        <ele>-0.883004</ele>
        <time>2026-10-06T15:38:57.363Z</time>
      </trkpt>
      <trkpt lat="52.754712" lon="5.968506">
        <ele>-0.856122</ele>
        <time>2026-10-06T15:38:58.671Z</time>
      </trkpt>
      <trkpt lat="52.754782" lon="5.968228">
        <ele>-0.794442</ele>
        <time>2026-10-06T15:39:01.653Z</time>
      </trkpt>
      <trkpt lat="52.754813" lon="5.968113">
        <ele>-0.768654</ele>
        <time>2026-10-06T15:39:02.905Z</time>
      </trkpt>
      <trkpt lat="52.755476" lon="5.965746">
        <ele>-0.442859</ele>
        <time>2026-10-06T15:39:28.454Z</time>
      </trkpt>
      <trkpt lat="52.755571" lon="5.964342">
        <ele>-0.359428</ele>
        <time>2026-10-06T15:39:40.773Z</time>
      </trkpt>
      <trkpt lat="52.755672" lon="5.964044">
        <ele>-0.377106</ele>
        <time>2026-10-06T15:39:43.647Z</time>
      </trkpt>
      <trkpt lat="52.755823" lon="5.963799">
        <ele>-0.418749</ele>
        <time>2026-10-06T15:39:46.577Z</time>
      </trkpt>
      <trkpt lat="52.755988" lon="5.963570">
        <ele>-0.461151</ele>
        <time>2026-10-06T15:39:49.599Z</time>
      </trkpt>
      <trkpt lat="52.756140" lon="5.963337">
        <ele>-0.501950</ele>
        <time>2026-10-06T15:39:52.521Z</time>
      </trkpt>
      <trkpt lat="52.756173" lon="5.963143">
        <ele>-0.525948</ele>
        <time>2026-10-06T15:39:54.261Z</time>
      </trkpt>
      <trkpt lat="52.756141" lon="5.962894">
        <ele>-0.556263</ele>
        <time>2026-10-06T15:39:56.447Z</time>
      </trkpt>
      <trkpt lat="52.756114" lon="5.962700">
        <ele>-0.579969</ele>
        <time>2026-10-06T15:39:58.154Z</time>
      </trkpt>
      <trkpt lat="52.756072" lon="5.962580">
        <ele>-0.596477</ele>
        <time>2026-10-06T15:39:59.336Z</time>
      </trkpt>
      <trkpt lat="52.756009" lon="5.962573">
        <ele>-0.608902</ele>
        <time>2026-10-06T15:40:00.244Z</time>
      </trkpt>
      <trkpt lat="52.755536" lon="5.963070">
        <ele>-0.721085</ele>
        <time>2026-10-06T15:40:08.325Z</time>
      </trkpt>
      <trkpt lat="52.754526" lon="5.965156">
        <ele>-1.083694</ele>
        <time>2026-10-06T15:40:30.949Z</time>
      </trkpt>
      <trkpt lat="52.754439" lon="5.965243">
        <ele>-1.106502</ele>
        <time>2026-10-06T15:40:32.334Z</time>
      </trkpt>
      <trkpt lat="52.754359" lon="5.965262">
        <ele>-1.120874</ele>
        <time>2026-10-06T15:40:33.460Z</time>
      </trkpt>
      <trkpt lat="52.754283" lon="5.965240">
        <ele>-1.133988</ele>
        <time>2026-10-06T15:40:34.508Z</time>
      </trkpt>
      <trkpt lat="52.754183" lon="5.965151">
        <ele>-1.153292</ele>
        <time>2026-10-06T15:40:36.083Z</time>
      </trkpt>
      <trkpt lat="52.754119" lon="5.965070">
        <ele>-1.166994</ele>
        <time>2026-10-06T15:40:37.634Z</time>
      </trkpt>
      <trkpt lat="52.754103" lon="5.965048">
        <ele>-1.170532</ele>
        <time>2026-10-06T15:40:37.932Z</time>
      </trkpt>
      <trkpt lat="52.753145" lon="5.963727">
        <ele>-1.382604</ele>
        <time>2026-10-06T15:40:55.618Z</time>
      </trkpt>
      <trkpt lat="52.751042" lon="5.961054">
        <ele>-1.498994</ele>
        <time>2026-10-06T15:41:33.739Z</time>
      </trkpt>
      <trkpt lat="52.749282" lon="5.958741">
        <ele>-1.063522</ele>
        <time>2026-10-06T15:42:10.337Z</time>
      </trkpt>
      <trkpt lat="52.749078" lon="5.958550">
        <ele>-1.014486</ele>
        <time>2026-10-06T15:42:13.986Z</time>
      </trkpt>
      <trkpt lat="52.748918" lon="5.958500">
        <ele>-0.980433</ele>
        <time>2026-10-06T15:42:16.468Z</time>
      </trkpt>
      <trkpt lat="52.748797" lon="5.958535">
        <ele>-0.954744</ele>
        <time>2026-10-06T15:42:18.304Z</time>
      </trkpt>
      <trkpt lat="52.748654" lon="5.958648">
        <ele>-0.921595</ele>
        <time>2026-10-06T15:42:20.642Z</time>
      </trkpt>
      <trkpt lat="52.748257" lon="5.959254">
        <ele>-1.004848</ele>
        <time>2026-10-06T15:42:28.393Z</time>
      </trkpt>
      <trkpt lat="52.747765" lon="5.958462">
        <ele>-1.112768</ele>
        <time>2026-10-06T15:42:37.804Z</time>
      </trkpt>
      <trkpt lat="52.741829" lon="5.950635">
        <ele>-1.356452</ele>
        <time>2026-10-06T15:44:29.560Z</time>
      </trkpt>
      <trkpt lat="52.741352" lon="5.951520">
        <ele>-1.275149</ele>
        <time>2026-10-06T15:44:40.532Z</time>
      </trkpt>
      <trkpt lat="52.740979" lon="5.952038">
        <ele>-1.202159</ele>
        <time>2026-10-06T15:44:47.853Z</time>
      </trkpt>
      <trkpt lat="52.740681" lon="5.952383">
        <ele>-1.147653</ele>
        <time>2026-10-06T15:44:53.389Z</time>
      </trkpt>
      <trkpt lat="52.740495" lon="5.952507">
        <ele>-1.117611</ele>
        <time>2026-10-06T15:44:56.500Z</time>
      </trkpt>
      <trkpt lat="52.740261" lon="5.952579">
        <ele>-1.064579</ele>
        <time>2026-10-06T15:45:00.336Z</time>
      </trkpt>
      <trkpt lat="52.740089" lon="5.952592">
        <ele>-0.949287</ele>
        <time>2026-10-06T15:45:03.159Z</time>
      </trkpt>
      <trkpt lat="52.739906" lon="5.952534">
        <ele>-0.824515</ele>
        <time>2026-10-06T15:45:06.284Z</time>
      </trkpt>
      <trkpt lat="52.739737" lon="5.952399">
        <ele>-0.698812</ele>
        <time>2026-10-06T15:45:09.498Z</time>
      </trkpt>
      <trkpt lat="52.739503" lon="5.952099">
        <ele>-0.500463</ele>
        <time>2026-10-06T15:45:14.739Z</time>
      </trkpt>
      <trkpt lat="52.739384" lon="5.951901">
        <ele>-0.387358</ele>
        <time>2026-10-06T15:45:17.815Z</time>
      </trkpt>
      <trkpt lat="52.738955" lon="5.950520">
        <ele>0.193912</ele>
        <time>2026-10-06T15:45:35.152Z</time>
      </trkpt>
      <trkpt lat="52.738788" lon="5.950158">
        <ele>0.307293</ele>
        <time>2026-10-06T15:45:40.059Z</time>
      </trkpt>
      <trkpt lat="52.738566" lon="5.949837">
        <ele>0.428701</ele>
        <time>2026-10-06T15:45:45.137Z</time>
      </trkpt>
      <trkpt lat="52.738031" lon="5.949276">
        <ele>0.689461</ele>
        <time>2026-10-06T15:45:55.264Z</time>
      </trkpt>
      <trkpt lat="52.737715" lon="5.948829">
        <ele>0.856000</ele>
        <time>2026-10-06T15:46:01.527Z</time>
      </trkpt>
      <trkpt lat="52.737659" lon="5.948749">
        <ele>0.841360</ele>
        <time>2026-10-06T15:46:02.596Z</time>
      </trkpt>
      <trkpt lat="52.737568" lon="5.948718">
        <ele>0.822987</ele>
        <time>2026-10-06T15:46:03.952Z</time>
      </trkpt>
      <trkpt lat="52.737428" lon="5.948714">
        <ele>0.795299</ele>
        <time>2026-10-06T15:46:06.702Z</time>
      </trkpt>
      <trkpt lat="52.737308" lon="5.948789">
        <ele>0.769929</ele>
        <time>2026-10-06T15:46:09.174Z</time>
      </trkpt>
      <trkpt lat="52.736867" lon="5.949311">
        <ele>0.662644</ele>
        <time>2026-10-06T15:46:19.556Z</time>
      </trkpt>
      <trkpt lat="52.736753" lon="5.949369">
        <ele>0.639057</ele>
        <time>2026-10-06T15:46:21.189Z</time>
      </trkpt>
      <trkpt lat="52.736720" lon="5.949405">
        <ele>0.631237</ele>
        <time>2026-10-06T15:46:21.719Z</time>
      </trkpt>
      <trkpt lat="52.736588" lon="5.949527">
        <ele>0.601326</ele>
        <time>2026-10-06T15:46:23.809Z</time>
      </trkpt>
      <trkpt lat="52.736423" lon="5.949620">
        <ele>0.566852</ele>
        <time>2026-10-06T15:46:26.235Z</time>
      </trkpt>
      <trkpt lat="52.735210" lon="5.950020">
        <ele>0.450423</ele>
        <time>2026-10-06T15:46:44.023Z</time>
      </trkpt>
      <trkpt lat="52.734530" lon="5.950460">
        <ele>0.409067</ele>
        <time>2026-10-06T15:46:55.003Z</time>
      </trkpt>
      <trkpt lat="52.732676" lon="5.951994">
        <ele>0.400000</ele>
        <time>2026-10-06T15:47:25.615Z</time>
      </trkpt>
      <trkpt lat="52.732363" lon="5.952286">
        <ele>0.400000</ele>
        <time>2026-10-06T15:47:30.997Z</time>
      </trkpt>
      <trkpt lat="52.731398" lon="5.953143">
        <ele>0.400000</ele>
        <time>2026-10-06T15:47:47.328Z</time>
      </trkpt>
      <trkpt lat="52.731242" lon="5.953339">
        <ele>0.400000</ele>
        <time>2026-10-06T15:47:50.226Z</time>
      </trkpt>
      <trkpt lat="52.731121" lon="5.953595">
        <ele>0.400000</ele>
        <time>2026-10-06T15:47:53.143Z</time>
      </trkpt>
      <trkpt lat="52.730925" lon="5.954374">
        <ele>0.400000</ele>
        <time>2026-10-06T15:48:00.643Z</time>
      </trkpt>
      <trkpt lat="52.730824" lon="5.954684">
        <ele>0.400000</ele>
        <time>2026-10-06T15:48:03.732Z</time>
      </trkpt>
      <trkpt lat="52.730639" lon="5.955033">
        <ele>0.400000</ele>
        <time>2026-10-06T15:48:07.808Z</time>
      </trkpt>
      <trkpt lat="52.730448" lon="5.955261">
        <ele>0.400000</ele>
        <time>2026-10-06T15:48:11.267Z</time>
      </trkpt>
      <trkpt lat="52.730208" lon="5.955500">
        <ele>0.400000</ele>
        <time>2026-10-06T15:48:15.441Z</time>
      </trkpt>
      <trkpt lat="52.729354" lon="5.956248">
        <ele>0.645330</ele>
        <time>2026-10-06T15:48:29.861Z</time>
      </trkpt>
      <trkpt lat="52.729151" lon="5.956422">
        <ele>0.711110</ele>
        <time>2026-10-06T15:48:33.463Z</time>
      </trkpt>
      <trkpt lat="52.729118" lon="5.956400">
        <ele>0.721345</ele>
        <time>2026-10-06T15:48:34.051Z</time>
      </trkpt>
      <trkpt lat="52.728680" lon="5.956355">
        <ele>0.847559</ele>
        <time>2026-10-06T15:48:41.464Z</time>
      </trkpt>
      <trkpt lat="52.728505" lon="5.956411">
        <ele>0.898826</ele>
        <time>2026-10-06T15:48:44.566Z</time>
      </trkpt>
      <trkpt lat="52.728436" lon="5.956508">
        <ele>0.932698</ele>
        <time>2026-10-06T15:48:46.195Z</time>
      </trkpt>
      <trkpt lat="52.728262" lon="5.956626">
        <ele>1.042441</ele>
        <time>2026-10-06T15:48:49.638Z</time>
      </trkpt>
      <trkpt lat="52.728244" lon="5.956746">
        <ele>1.086121</ele>
        <time>2026-10-06T15:48:51.031Z</time>
      </trkpt>
      <trkpt lat="52.728235" lon="5.956796">
        <ele>1.104550</ele>
        <time>2026-10-06T15:48:51.620Z</time>
      </trkpt>
      <trkpt lat="52.728227" lon="5.956846">
        <ele>1.122822</ele>
        <time>2026-10-06T15:48:52.184Z</time>
      </trkpt>
      <trkpt lat="52.728200" lon="5.957008">
        <ele>1.182188</ele>
        <time>2026-10-06T15:48:54.028Z</time>
      </trkpt>
      <trkpt lat="52.728338" lon="5.957193">
        <ele>1.285892</ele>
        <time>2026-10-06T15:48:57.246Z</time>
      </trkpt>
      <trkpt lat="52.728368" lon="5.957219">
        <ele>1.305659</ele>
        <time>2026-10-06T15:48:57.848Z</time>
      </trkpt>
      <trkpt lat="52.728333" lon="5.957289">
        <ele>1.337732</ele>
        <time>2026-10-06T15:48:59.148Z</time>
      </trkpt>
      <trkpt lat="52.728234" lon="5.957482">
        <ele>1.427096</ele>
        <time>2026-10-06T15:49:02.812Z</time>
      </trkpt>
      <trkpt lat="52.728065" lon="5.957811">
        <ele>1.579522</ele>
        <time>2026-10-06T15:49:08.853Z</time>
      </trkpt>
      <trkpt lat="52.728000" lon="5.957932">
        <ele>1.636669</ele>
        <time>2026-10-06T15:49:11.045Z</time>
      </trkpt>
      <trkpt lat="52.727963" lon="5.958012">
        <ele>1.672235</ele>
        <time>2026-10-06T15:49:12.419Z</time>
      </trkpt>
      <trkpt lat="52.727804" lon="5.958329">
        <ele>1.817665</ele>
        <time>2026-10-06T15:49:17.967Z</time>
      </trkpt>
      <trkpt lat="52.727624" lon="5.958597">
        <ele>1.959067</ele>
        <time>2026-10-06T15:49:23.118Z</time>
      </trkpt>
      <trkpt lat="52.727492" lon="5.958779">
        <ele>1.928506</ele>
        <time>2026-10-06T15:49:26.663Z</time>
      </trkpt>
      <trkpt lat="52.727392" lon="5.958995">
        <ele>1.888983</ele>
        <time>2026-10-06T15:49:30.047Z</time>
      </trkpt>
      <trkpt lat="52.727372" lon="5.959228">
        <ele>1.854774</ele>
        <time>2026-10-06T15:49:32.815Z</time>
      </trkpt>
      <trkpt lat="52.727328" lon="5.959529">
        <ele>1.809763</ele>
        <time>2026-10-06T15:49:36.305Z</time>
      </trkpt>
      <trkpt lat="52.727274" lon="5.959779">
        <ele>1.771179</ele>
        <time>2026-10-06T15:49:39.189Z</time>
      </trkpt>
      <trkpt lat="52.727219" lon="5.959940">
        <ele>1.744308</ele>
        <time>2026-10-06T15:49:41.134Z</time>
      </trkpt>
      <trkpt lat="52.727185" lon="5.959993">
        <ele>1.733084</ele>
        <time>2026-10-06T15:49:41.978Z</time>
      </trkpt>
      <trkpt lat="52.727115" lon="5.960018">
        <ele>1.715894</ele>
        <time>2026-10-06T15:49:43.272Z</time>
      </trkpt>
      <trkpt lat="52.726954" lon="5.960062">
        <ele>1.676722</ele>
        <time>2026-10-06T15:49:46.250Z</time>
      </trkpt>
      <trkpt lat="52.726905" lon="5.960162">
        <ele>1.658023</ele>
        <time>2026-10-06T15:49:47.722Z</time>
      </trkpt>
      <trkpt lat="52.726611" lon="5.961083">
        <ele>1.528564</ele>
        <time>2026-10-06T15:50:00.234Z</time>
      </trkpt>
      <trkpt lat="52.726524" lon="5.961218">
        <ele>1.522111</ele>
        <time>2026-10-06T15:50:01.969Z</time>
      </trkpt>
      <trkpt lat="52.726503" lon="5.961246">
        <ele>1.520652</ele>
        <time>2026-10-06T15:50:02.391Z</time>
      </trkpt>
      <trkpt lat="52.726438" lon="5.961310">
        <ele>1.516561</ele>
        <time>2026-10-06T15:50:03.482Z</time>
      </trkpt>
      <trkpt lat="52.726377" lon="5.961348">
        <ele>1.513037</ele>
        <time>2026-10-06T15:50:04.429Z</time>
      </trkpt>
      <trkpt lat="52.726227" lon="5.961315">
        <ele>1.504857</ele>
        <time>2026-10-06T15:50:06.679Z</time>
      </trkpt>
      <trkpt lat="52.726126" lon="5.961212">
        <ele>1.498440</ele>
        <time>2026-10-06T15:50:09.062Z</time>
      </trkpt>
      <trkpt lat="52.725596" lon="5.960890">
        <ele>1.467914</ele>
        <time>2026-10-06T15:50:20.717Z</time>
      </trkpt>
      <trkpt lat="52.725400" lon="5.960765">
        <ele>1.456556</ele>
        <time>2026-10-06T15:50:25.091Z</time>
      </trkpt>
      <trkpt lat="52.725184" lon="5.960679">
        <ele>1.444546</ele>
        <time>2026-10-06T15:50:29.540Z</time>
      </trkpt>
      <trkpt lat="52.724999" lon="5.960672">
        <ele>1.414729</ele>
        <time>2026-10-06T15:50:33.138Z</time>
      </trkpt>
      <trkpt lat="52.724926" lon="5.960666">
        <ele>1.385986</ele>
        <time>2026-10-06T15:50:34.541Z</time>
      </trkpt>
      <trkpt lat="52.724854" lon="5.960660">
        <ele>1.357635</ele>
        <time>2026-10-06T15:50:35.934Z</time>
      </trkpt>
      <trkpt lat="52.724509" lon="5.960624">
        <ele>1.221692</ele>
        <time>2026-10-06T15:50:42.430Z</time>
      </trkpt>
      <trkpt lat="52.724325" lon="5.960632">
        <ele>1.149308</ele>
        <time>2026-10-06T15:50:45.819Z</time>
      </trkpt>
      <trkpt lat="52.724243" lon="5.960663">
        <ele>1.116226</ele>
        <time>2026-10-06T15:50:47.357Z</time>
      </trkpt>
      <trkpt lat="52.724143" lon="5.960694">
        <ele>1.076213</ele>
        <time>2026-10-06T15:50:49.204Z</time>
      </trkpt>
      <trkpt lat="52.724008" lon="5.960754">
        <ele>1.021234</ele>
        <time>2026-10-06T15:50:51.726Z</time>
      </trkpt>
      <trkpt lat="52.723715" lon="5.961008">
        <ele>0.891094</ele>
        <time>2026-10-06T15:50:56.017Z</time>
      </trkpt>
      <trkpt lat="52.723388" lon="5.961305">
        <ele>0.744327</ele>
        <time>2026-10-06T15:51:01.133Z</time>
      </trkpt>
      <trkpt lat="52.722944" lon="5.961714">
        <ele>0.646559</ele>
        <time>2026-10-06T15:51:08.260Z</time>
      </trkpt>
      <trkpt lat="52.722511" lon="5.962026">
        <ele>0.562834</ele>
        <time>2026-10-06T15:51:14.867Z</time>
      </trkpt>
      <trkpt lat="52.722213" lon="5.962225">
        <ele>0.505867</ele>
        <time>2026-10-06T15:51:19.489Z</time>
      </trkpt>
      <trkpt lat="52.721277" lon="5.962969">
        <ele>0.403109</ele>
        <time>2026-10-06T15:51:34.912Z</time>
      </trkpt>
      <trkpt lat="52.721112" lon="5.963156">
        <ele>0.399749</ele>
        <time>2026-10-06T15:51:37.913Z</time>
      </trkpt>
      <trkpt lat="52.720855" lon="5.963526">
        <ele>0.394024</ele>
        <time>2026-10-06T15:51:42.994Z</time>
      </trkpt>
      <trkpt lat="52.720647" lon="5.963748">
        <ele>0.389866</ele>
        <time>2026-10-06T15:51:46.673Z</time>
      </trkpt>
      <trkpt lat="52.720411" lon="5.963898">
        <ele>0.385620</ele>
        <time>2026-10-06T15:51:50.400Z</time>
      </trkpt>
      <trkpt lat="52.719760" lon="5.964101">
        <ele>0.326887</ele>
        <time>2026-10-06T15:52:00.078Z</time>
      </trkpt>
      <trkpt lat="52.719058" lon="5.964266">
        <ele>0.233157</ele>
        <time>2026-10-06T15:52:10.015Z</time>
      </trkpt>
      <trkpt lat="52.718766" lon="5.964400">
        <ele>0.193096</ele>
        <time>2026-10-06T15:52:14.305Z</time>
      </trkpt>
      <trkpt lat="52.718411" lon="5.964627">
        <ele>0.143710</ele>
        <time>2026-10-06T15:52:19.772Z</time>
      </trkpt>
      <trkpt lat="52.718226" lon="5.964815">
        <ele>0.144966</ele>
        <time>2026-10-06T15:52:22.932Z</time>
      </trkpt>
      <trkpt lat="52.718090" lon="5.965032">
        <ele>0.146060</ele>
        <time>2026-10-06T15:52:25.715Z</time>
      </trkpt>
      <trkpt lat="52.717771" lon="5.965688">
        <ele>0.149008</ele>
        <time>2026-10-06T15:52:33.273Z</time>
      </trkpt>
      <trkpt lat="52.717512" lon="5.966098">
        <ele>0.151083</ele>
        <time>2026-10-06T15:52:38.672Z</time>
      </trkpt>
      <trkpt lat="52.716779" lon="5.967005">
        <ele>0.183599</ele>
        <time>2026-10-06T15:52:52.623Z</time>
      </trkpt>
      <trkpt lat="52.716606" lon="5.967163">
        <ele>0.198230</ele>
        <time>2026-10-06T15:52:55.600Z</time>
      </trkpt>
      <trkpt lat="52.716451" lon="5.967226">
        <ele>0.210042</ele>
        <time>2026-10-06T15:52:58.002Z</time>
      </trkpt>
      <trkpt lat="52.715733" lon="5.967168">
        <ele>0.263239</ele>
        <time>2026-10-06T15:53:08.749Z</time>
      </trkpt>
      <trkpt lat="52.715264" lon="5.967317">
        <ele>0.292492</ele>
        <time>2026-10-06T15:53:15.943Z</time>
      </trkpt>
      <trkpt lat="52.714902" lon="5.967555">
        <ele>0.305930</ele>
        <time>2026-10-06T15:53:21.761Z</time>
      </trkpt>
      <trkpt lat="52.714433" lon="5.968002">
        <ele>0.324607</ele>
        <time>2026-10-06T15:53:29.753Z</time>
      </trkpt>
      <trkpt lat="52.714287" lon="5.968100">
        <ele>0.330042</ele>
        <time>2026-10-06T15:53:32.099Z</time>
      </trkpt>
      <trkpt lat="52.713995" lon="5.968113">
        <ele>0.340116</ele>
        <time>2026-10-06T15:53:36.476Z</time>
      </trkpt>
      <trkpt lat="52.713395" lon="5.967928">
        <ele>0.399851</ele>
        <time>2026-10-06T15:53:45.835Z</time>
      </trkpt>
      <trkpt lat="52.713182" lon="5.968009">
        <ele>0.431772</ele>
        <time>2026-10-06T15:53:49.195Z</time>
      </trkpt>
      <trkpt lat="52.713011" lon="5.968210">
        <ele>0.462428</ele>
        <time>2026-10-06T15:53:52.427Z</time>
      </trkpt>
      <trkpt lat="52.712639" lon="5.968907">
        <ele>0.544609</ele>
        <time>2026-10-06T15:54:01.254Z</time>
      </trkpt>
      <trkpt lat="52.712464" lon="5.969141">
        <ele>0.577499</ele>
        <time>2026-10-06T15:54:04.773Z</time>
      </trkpt>
      <trkpt lat="52.712023" lon="5.969583">
        <ele>0.578892</ele>
        <time>2026-10-06T15:54:12.602Z</time>
      </trkpt>
      <trkpt lat="52.711480" lon="5.969991">
        <ele>0.508750</ele>
        <time>2026-10-06T15:54:21.169Z</time>
      </trkpt>
      <trkpt lat="52.710774" lon="5.970310">
        <ele>0.422695</ele>
        <time>2026-10-06T15:54:31.394Z</time>
      </trkpt>
      <trkpt lat="52.710625" lon="5.970337">
        <ele>0.405073</ele>
        <time>2026-10-06T15:54:33.489Z</time>
      </trkpt>
      <trkpt lat="52.710101" lon="5.970326">
        <ele>0.376644</ele>
        <time>2026-10-06T15:54:40.938Z</time>
      </trkpt>
      <trkpt lat="52.709727" lon="5.970417">
        <ele>0.358093</ele>
        <time>2026-10-06T15:54:46.429Z</time>
      </trkpt>
      <trkpt lat="52.709567" lon="5.970525">
        <ele>0.349611</ele>
        <time>2026-10-06T15:54:48.989Z</time>
      </trkpt>
      <trkpt lat="52.709442" lon="5.970701">
        <ele>0.341549</ele>
        <time>2026-10-06T15:54:51.426Z</time>
      </trkpt>
      <trkpt lat="52.709176" lon="5.971206">
        <ele>0.321654</ele>
        <time>2026-10-06T15:54:57.495Z</time>
      </trkpt>
      <trkpt lat="52.708976" lon="5.971423">
        <ele>0.314382</ele>
        <time>2026-10-06T15:55:01.108Z</time>
      </trkpt>
      <trkpt lat="52.708045" lon="5.971739">
        <ele>0.360658</ele>
        <time>2026-10-06T15:55:15.559Z</time>
      </trkpt>
      <trkpt lat="52.707016" lon="5.972175">
        <ele>0.388661</ele>
        <time>2026-10-06T15:55:31.546Z</time>
      </trkpt>
      <trkpt lat="52.706467" lon="5.972272">
        <ele>0.365160</ele>
        <time>2026-10-06T15:55:39.711Z</time>
      </trkpt>
      <trkpt lat="52.705760" lon="5.972144">
        <ele>0.334887</ele>
        <time>2026-10-06T15:55:49.992Z</time>
      </trkpt>
      <trkpt lat="52.705222" lon="5.971929">
        <ele>0.315152</ele>
        <time>2026-10-06T15:55:57.832Z</time>
      </trkpt>
      <trkpt lat="52.704965" lon="5.971772">
        <ele>0.307257</ele>
        <time>2026-10-06T15:56:01.779Z</time>
      </trkpt>
      <trkpt lat="52.704664" lon="5.971504">
        <ele>0.297403</ele>
        <time>2026-10-06T15:56:06.902Z</time>
      </trkpt>
      <trkpt lat="52.704495" lon="5.971349">
        <ele>0.291832</ele>
        <time>2026-10-06T15:56:09.777Z</time>
      </trkpt>
      <trkpt lat="52.704328" lon="5.971296">
        <ele>0.286933</ele>
        <time>2026-10-06T15:56:12.329Z</time>
      </trkpt>
      <trkpt lat="52.704015" lon="5.971255">
        <ele>0.277887</ele>
        <time>2026-10-06T15:56:17.051Z</time>
      </trkpt>
      <trkpt lat="52.703868" lon="5.971300">
        <ele>0.273579</ele>
        <time>2026-10-06T15:56:19.287Z</time>
      </trkpt>
      <trkpt lat="52.703784" lon="5.971244">
        <ele>0.271158</ele>
        <time>2026-10-06T15:56:20.637Z</time>
      </trkpt>
      <trkpt lat="52.702948" lon="5.971282">
        <ele>0.259082</ele>
        <time>2026-10-06T15:56:33.312Z</time>
      </trkpt>
      <trkpt lat="52.702755" lon="5.971277">
        <ele>0.256294</ele>
        <time>2026-10-06T15:56:36.181Z</time>
      </trkpt>
      <trkpt lat="52.698590" lon="5.970616">
        <ele>0.004824</ele>
        <time>2026-10-06T15:57:36.912Z</time>
      </trkpt>
      <trkpt lat="52.698366" lon="5.970504">
        <ele>-0.007414</ele>
        <time>2026-10-06T15:57:40.289Z</time>
      </trkpt>
      <trkpt lat="52.698220" lon="5.970361">
        <ele>-0.009001</ele>
        <time>2026-10-06T15:57:42.749Z</time>
      </trkpt>
      <trkpt lat="52.697711" lon="5.969557">
        <ele>-0.015586</ele>
        <time>2026-10-06T15:57:53.084Z</time>
      </trkpt>
      <trkpt lat="52.697626" lon="5.969481">
        <ele>-0.016490</ele>
        <time>2026-10-06T15:57:54.509Z</time>
      </trkpt>
      <trkpt lat="52.697545" lon="5.969466">
        <ele>-0.017251</ele>
        <time>2026-10-06T15:57:55.715Z</time>
      </trkpt>
      <trkpt lat="52.697414" lon="5.969547">
        <ele>-0.018559</ele>
        <time>2026-10-06T15:57:57.817Z</time>
      </trkpt>
      <trkpt lat="52.696821" lon="5.970765">
        <ele>0.004251</ele>
        <time>2026-10-06T15:58:12.220Z</time>
      </trkpt>
      <trkpt lat="52.696668" lon="5.970911">
        <ele>0.016398</ele>
        <time>2026-10-06T15:58:14.926Z</time>
      </trkpt>
      <trkpt lat="52.696477" lon="5.970911">
        <ele>0.029525</ele>
        <time>2026-10-06T15:58:17.856Z</time>
      </trkpt>
      <trkpt lat="52.694292" lon="5.969795">
        <ele>0.100000</ele>
        <time>2026-10-06T15:58:51.987Z</time>
      </trkpt>
      <trkpt lat="52.692447" lon="5.968625">
        <ele>0.100815</ele>
        <time>2026-10-06T15:59:21.069Z</time>
      </trkpt>
      <trkpt lat="52.691445" lon="5.967733">
        <ele>0.187671</ele>
        <time>2026-10-06T15:59:38.160Z</time>
      </trkpt>
      <trkpt lat="52.691114" lon="5.967391">
        <ele>0.231074</ele>
        <time>2026-10-06T15:59:44.219Z</time>
      </trkpt>
      <trkpt lat="52.690310" lon="5.966441">
        <ele>0.242348</ele>
        <time>2026-10-06T15:59:59.801Z</time>
      </trkpt>
      <trkpt lat="52.689518" lon="5.965664">
        <ele>0.092689</ele>
        <time>2026-10-06T16:00:13.039Z</time>
      </trkpt>
      <trkpt lat="52.689526" lon="5.965643">
        <ele>0.090247</ele>
        <time>2026-10-06T16:00:13.236Z</time>
      </trkpt>
      <trkpt lat="52.689583" lon="5.965547">
        <ele>0.077017</ele>
        <time>2026-10-06T16:00:14.770Z</time>
      </trkpt>
      <trkpt lat="52.689716" lon="5.965353">
        <ele>0.048184</ele>
        <time>2026-10-06T16:00:18.179Z</time>
      </trkpt>
      <trkpt lat="52.689826" lon="5.965100">
        <ele>0.017532</ele>
        <time>2026-10-06T16:00:21.773Z</time>
      </trkpt>
      <trkpt lat="52.689889" lon="5.964825">
        <ele>-0.032947</ele>
        <time>2026-10-06T16:00:24.960Z</time>
      </trkpt>
      <trkpt lat="52.689900" lon="5.964636">
        <ele>-0.071581</ele>
        <time>2026-10-06T16:00:26.917Z</time>
      </trkpt>
      <trkpt lat="52.689908" lon="5.964505">
        <ele>-0.098371</ele>
        <time>2026-10-06T16:00:28.298Z</time>
      </trkpt>
      <trkpt lat="52.689880" lon="5.964234">
        <ele>-0.154308</ele>
        <time>2026-10-06T16:00:31.242Z</time>
      </trkpt>
      <trkpt lat="52.689828" lon="5.964018">
        <ele>-0.201598</ele>
        <time>2026-10-06T16:00:33.759Z</time>
      </trkpt>
      <trkpt lat="52.689575" lon="5.963485">
        <ele>-0.339349</ele>
        <time>2026-10-06T16:00:41.594Z</time>
      </trkpt>
      <trkpt lat="52.689469" lon="5.963104">
        <ele>-0.424650</ele>
        <time>2026-10-06T16:00:46.610Z</time>
      </trkpt>
      <trkpt lat="52.689461" lon="5.963065">
        <ele>-0.433027</ele>
        <time>2026-10-06T16:00:47.069Z</time>
      </trkpt>
      <trkpt lat="52.689376" lon="5.962637">
        <ele>-0.524671</ele>
        <time>2026-10-06T16:00:52.481Z</time>
      </trkpt>
      <trkpt lat="52.689366" lon="5.961893">
        <ele>-0.527166</ele>
        <time>2026-10-06T16:01:01.417Z</time>
      </trkpt>
      <trkpt lat="52.689291" lon="5.961400">
        <ele>-0.440611</ele>
        <time>2026-10-06T16:01:07.958Z</time>
      </trkpt>
      <trkpt lat="52.689324" lon="5.961138">
        <ele>-0.395042</ele>
        <time>2026-10-06T16:01:11.728Z</time>
      </trkpt>
      <trkpt lat="52.689421" lon="5.960798">
        <ele>-0.331052</ele>
        <time>2026-10-06T16:01:16.944Z</time>
      </trkpt>
      <trkpt lat="52.689411" lon="5.960530">
        <ele>-0.285329</ele>
        <time>2026-10-06T16:01:20.559Z</time>
      </trkpt>
      <trkpt lat="52.689403" lon="5.960497">
        <ele>-0.279276</ele>
        <time>2026-10-06T16:01:21.050Z</time>
      </trkpt>
      <trkpt lat="52.689335" lon="5.960351">
        <ele>-0.247922</ele>
        <time>2026-10-06T16:01:23.497Z</time>
      </trkpt>
      <trkpt lat="52.689133" lon="5.960164">
        <ele>-0.182849</ele>
        <time>2026-10-06T16:01:28.442Z</time>
      </trkpt>
      <trkpt lat="52.688642" lon="5.959238">
        <ele>-0.069050</ele>
        <time>2026-10-06T16:01:43.866Z</time>
      </trkpt>
      <trkpt lat="52.688629" lon="5.959212">
        <ele>-0.068031</ele>
        <time>2026-10-06T16:01:44.307Z</time>
      </trkpt>
      <trkpt lat="52.688481" lon="5.958981">
        <ele>-0.057869</ele>
        <time>2026-10-06T16:01:48.512Z</time>
      </trkpt>
      <trkpt lat="52.687628" lon="5.958309">
        <ele>-0.010723</ele>
        <time>2026-10-06T16:02:07.533Z</time>
      </trkpt>
      <trkpt lat="52.687116" lon="5.957455">
        <ele>-0.014875</ele>
        <time>2026-10-06T16:02:22.416Z</time>
      </trkpt>
      <trkpt lat="52.686845" lon="5.957367">
        <ele>-0.022883</ele>
        <time>2026-10-06T16:02:28.072Z</time>
      </trkpt>
      <trkpt lat="52.686567" lon="5.957483">
        <ele>-0.031196</ele>
        <time>2026-10-06T16:02:33.946Z</time>
      </trkpt>
      <trkpt lat="52.686553" lon="5.957461">
        <ele>-0.031757</ele>
        <time>2026-10-06T16:02:34.332Z</time>
      </trkpt>
      <trkpt lat="52.686485" lon="5.957330">
        <ele>-0.034788</ele>
        <time>2026-10-06T16:02:36.464Z</time>
      </trkpt>
      <trkpt lat="52.686472" lon="5.957305">
        <ele>-0.035367</ele>
        <time>2026-10-06T16:02:36.872Z</time>
      </trkpt>
      <trkpt lat="52.685776" lon="5.955942">
        <ele>-0.011083</ele>
        <time>2026-10-06T16:02:58.336Z</time>
      </trkpt>
      <trkpt lat="52.685762" lon="5.955912">
        <ele>-0.009204</ele>
        <time>2026-10-06T16:02:58.794Z</time>
      </trkpt>
      <trkpt lat="52.685188" lon="5.954525">
        <ele>0.074143</ele>
        <time>2026-10-06T16:03:19.234Z</time>
      </trkpt>
      <trkpt lat="52.685163" lon="5.954410">
        <ele>0.080206</ele>
        <time>2026-10-06T16:03:20.808Z</time>
      </trkpt>
      <trkpt lat="52.685112" lon="5.953702">
        <ele>0.284786</ele>
        <time>2026-10-06T16:03:30.304Z</time>
      </trkpt>
      <trkpt lat="52.685068" lon="5.953587">
        <ele>0.347289</ele>
        <time>2026-10-06T16:03:32.164Z</time>
      </trkpt>
      <trkpt lat="52.684990" lon="5.953585">
        <ele>0.406436</ele>
        <time>2026-10-06T16:03:33.948Z</time>
      </trkpt>
      <trkpt lat="52.683614" lon="5.954214">
        <ele>1.473678</ele>
        <time>2026-10-06T16:04:08.180Z</time>
      </trkpt>
      <trkpt lat="52.683598" lon="5.954224">
        <ele>1.480055</ele>
        <time>2026-10-06T16:04:08.586Z</time>
      </trkpt>
      <trkpt lat="52.683306" lon="5.953009">
        <ele>1.775363</ele>
        <time>2026-10-06T16:04:26.326Z</time>
      </trkpt>
      <trkpt lat="52.683278" lon="5.952816">
        <ele>1.820202</ele>
        <time>2026-10-06T16:04:28.883Z</time>
      </trkpt>
      <trkpt lat="52.683445" lon="5.951200">
        <ele>2.086216</ele>
        <time>2026-10-06T16:04:49.711Z</time>
      </trkpt>
      <trkpt lat="52.683473" lon="5.950414">
        <ele>1.961622</ele>
        <time>2026-10-06T16:04:59.144Z</time>
      </trkpt>
      <trkpt lat="52.683508" lon="5.950028">
        <ele>1.899860</ele>
        <time>2026-10-06T16:05:02.567Z</time>
      </trkpt>
      <trkpt lat="52.683516" lon="5.949946">
        <ele>1.886717</ele>
        <time>2026-10-06T16:05:03.280Z</time>
      </trkpt>
      <trkpt lat="52.683559" lon="5.949645">
        <ele>1.837781</ele>
        <time>2026-10-06T16:05:05.924Z</time>
      </trkpt>
      <trkpt lat="52.683662" lon="5.949309">
        <ele>1.778200</ele>
        <time>2026-10-06T16:05:09.044Z</time>
      </trkpt>
      <trkpt lat="52.683671" lon="5.949119">
        <ele>1.748042</ele>
        <time>2026-10-06T16:05:10.575Z</time>
      </trkpt>
      <trkpt lat="52.683615" lon="5.948974">
        <ele>1.720836</ele>
        <time>2026-10-06T16:05:11.940Z</time>
      </trkpt>
      <trkpt lat="52.683608" lon="5.948929">
        <ele>1.713484</ele>
        <time>2026-10-06T16:05:12.300Z</time>
      </trkpt>
      <trkpt lat="52.683523" lon="5.948779">
        <ele>1.680992</ele>
        <time>2026-10-06T16:05:13.896Z</time>
      </trkpt>
      <trkpt lat="52.683511" lon="5.948687">
        <ele>1.666100</ele>
        <time>2026-10-06T16:05:14.618Z</time>
      </trkpt>
      <trkpt lat="52.683444" lon="5.948644">
        <ele>1.628324</ele>
        <time>2026-10-06T16:05:15.531Z</time>
      </trkpt>
      <trkpt lat="52.683421" lon="5.948634">
        <ele>1.612571</ele>
        <time>2026-10-06T16:05:15.825Z</time>
      </trkpt>
      <trkpt lat="52.683403" lon="5.948626">
        <ele>1.600225</ele>
        <time>2026-10-06T16:05:16.047Z</time>
      </trkpt>
      <trkpt lat="52.683380" lon="5.948616">
        <ele>1.584472</ele>
        <time>2026-10-06T16:05:16.343Z</time>
      </trkpt>
      <trkpt lat="52.683364" lon="5.948609">
        <ele>1.573509</ele>
        <time>2026-10-06T16:05:16.552Z</time>
      </trkpt>
      <trkpt lat="52.683343" lon="5.948600">
        <ele>1.559139</ele>
        <time>2026-10-06T16:05:16.831Z</time>
      </trkpt>
      <trkpt lat="52.683323" lon="5.948590">
        <ele>1.545298</ele>
        <time>2026-10-06T16:05:17.095Z</time>
      </trkpt>
      <trkpt lat="52.683462" lon="5.947983">
        <ele>1.284783</ele>
        <time>2026-10-06T16:05:22.011Z</time>
      </trkpt>
      <trkpt lat="52.683603" lon="5.947520">
        <ele>1.076754</ele>
        <time>2026-10-06T16:05:25.972Z</time>
      </trkpt>
      <trkpt lat="52.683943" lon="5.946750">
        <ele>0.694290</ele>
        <time>2026-10-06T16:05:33.471Z</time>
      </trkpt>
      <trkpt lat="52.684004" lon="5.946644">
        <ele>0.635610</ele>
        <time>2026-10-06T16:05:34.642Z</time>
      </trkpt>
      <trkpt lat="52.684318" lon="5.946134">
        <ele>0.286907</ele>
        <time>2026-10-06T16:05:40.513Z</time>
      </trkpt>
      <trkpt lat="52.684600" lon="5.945687">
        <ele>-0.090203</ele>
        <time>2026-10-06T16:05:45.621Z</time>
      </trkpt>
      <trkpt lat="52.684639" lon="5.945622">
        <ele>-0.143662</ele>
        <time>2026-10-06T16:05:46.330Z</time>
      </trkpt>
      <trkpt lat="52.685113" lon="5.944832">
        <ele>-0.793386</ele>
        <time>2026-10-06T16:05:54.757Z</time>
      </trkpt>
      <trkpt lat="52.685502" lon="5.944027">
        <ele>-1.306780</ele>
        <time>2026-10-06T16:06:01.756Z</time>
      </trkpt>
      <trkpt lat="52.685728" lon="5.943427">
        <ele>-1.437421</ele>
        <time>2026-10-06T16:06:06.613Z</time>
      </trkpt>
      <trkpt lat="52.685742" lon="5.943245">
        <ele>-1.471350</ele>
        <time>2026-10-06T16:06:07.985Z</time>
      </trkpt>
      <trkpt lat="52.685696" lon="5.943079">
        <ele>-1.505105</ele>
        <time>2026-10-06T16:06:09.458Z</time>
      </trkpt>
      <trkpt lat="52.685536" lon="5.942915">
        <ele>-1.562574</ele>
        <time>2026-10-06T16:06:11.967Z</time>
      </trkpt>
      <trkpt lat="52.685203" lon="5.942681">
        <ele>-1.673001</ele>
        <time>2026-10-06T16:06:19.362Z</time>
      </trkpt>
      <trkpt lat="52.684840" lon="5.942514">
        <ele>-1.787973</ele>
        <time>2026-10-06T16:06:27.943Z</time>
      </trkpt>
      <trkpt lat="52.684595" lon="5.942468">
        <ele>-1.553542</ele>
        <time>2026-10-06T16:06:34.030Z</time>
      </trkpt>
      <trkpt lat="52.683665" lon="5.942402">
        <ele>-0.027188</ele>
        <time>2026-10-06T16:07:02.410Z</time>
      </trkpt>
      <trkpt lat="52.683388" lon="5.942340">
        <ele>0.431177</ele>
        <time>2026-10-06T16:07:10.036Z</time>
      </trkpt>
      <trkpt lat="52.683099" lon="5.942224">
        <ele>0.918885</ele>
        <time>2026-10-06T16:07:17.525Z</time>
      </trkpt>
      <trkpt lat="52.682702" lon="5.941969">
        <ele>1.080498</ele>
        <time>2026-10-06T16:07:27.295Z</time>
      </trkpt>
      <trkpt lat="52.681945" lon="5.941223">
        <ele>0.918314</ele>
        <time>2026-10-06T16:07:43.891Z</time>
      </trkpt>
      <trkpt lat="52.681680" lon="5.940909">
        <ele>0.858303</ele>
        <time>2026-10-06T16:07:49.625Z</time>
      </trkpt>
      <trkpt lat="52.681405" lon="5.940465">
        <ele>0.784842</ele>
        <time>2026-10-06T16:07:56.670Z</time>
      </trkpt>
      <trkpt lat="52.681121" lon="5.939992">
        <ele>0.698396</ele>
        <time>2026-10-06T16:08:04.279Z</time>
      </trkpt>
      <trkpt lat="52.680774" lon="5.939418">
        <ele>0.593134</ele>
        <time>2026-10-06T16:08:13.910Z</time>
      </trkpt>
      <trkpt lat="52.679966" lon="5.938074">
        <ele>0.421184</ele>
        <time>2026-10-06T16:08:36.935Z</time>
      </trkpt>
      <trkpt lat="52.679559" lon="5.937637">
        <ele>0.424982</ele>
        <time>2026-10-06T16:08:46.388Z</time>
      </trkpt>
      <trkpt lat="52.679474" lon="5.937509">
        <ele>0.425882</ele>
        <time>2026-10-06T16:08:48.684Z</time>
      </trkpt>
      <trkpt lat="52.679379" lon="5.937338">
        <ele>0.426982</ele>
        <time>2026-10-06T16:08:51.523Z</time>
      </trkpt>
      <trkpt lat="52.679195" lon="5.936845">
        <ele>0.429726</ele>
        <time>2026-10-06T16:08:58.727Z</time>
      </trkpt>
      <trkpt lat="52.679102" lon="5.936654">
        <ele>0.430888</ele>
        <time>2026-10-06T16:09:01.844Z</time>
      </trkpt>
      <trkpt lat="52.677600" lon="5.934162">
        <ele>0.830229</ele>
        <time>2026-10-06T16:09:46.599Z</time>
      </trkpt>
      <trkpt lat="52.676443" lon="5.932241">
        <ele>1.289775</ele>
        <time>2026-10-06T16:10:21.854Z</time>
      </trkpt>
      <trkpt lat="52.676105" lon="5.931527">
        <ele>1.195357</ele>
        <time>2026-10-06T16:10:33.836Z</time>
      </trkpt>
      <trkpt lat="52.675477" lon="5.930519">
        <ele>1.004766</ele>
        <time>2026-10-06T16:10:50.711Z</time>
      </trkpt>
      <trkpt lat="52.675023" lon="5.929963">
        <ele>0.845360</ele>
        <time>2026-10-06T16:11:00.710Z</time>
      </trkpt>
      <trkpt lat="52.674626" lon="5.929574">
        <ele>0.626532</ele>
        <time>2026-10-06T16:11:09.007Z</time>
      </trkpt>
      <trkpt lat="52.674552" lon="5.929512">
        <ele>0.587199</ele>
        <time>2026-10-06T16:11:10.462Z</time>
      </trkpt>
      <trkpt lat="52.674232" lon="5.929266">
        <ele>0.419893</ele>
        <time>2026-10-06T16:11:16.640Z</time>
      </trkpt>
      <trkpt lat="52.673998" lon="5.929110">
        <ele>0.300288</ele>
        <time>2026-10-06T16:11:21.215Z</time>
      </trkpt>
      <trkpt lat="52.673474" lon="5.928875">
        <ele>0.092845</ele>
        <time>2026-10-06T16:11:31.903Z</time>
      </trkpt>
      <trkpt lat="52.673243" lon="5.928812">
        <ele>0.300479</ele>
        <time>2026-10-06T16:11:37.456Z</time>
      </trkpt>
      <trkpt lat="52.672623" lon="5.928762">
        <ele>0.850953</ele>
        <time>2026-10-06T16:11:52.445Z</time>
      </trkpt>
      <trkpt lat="52.672269" lon="5.928777">
        <ele>1.164985</ele>
        <time>2026-10-06T16:12:01.515Z</time>
      </trkpt>
      <trkpt lat="52.671729" lon="5.928896">
        <ele>1.648114</ele>
        <time>2026-10-06T16:12:15.852Z</time>
      </trkpt>
      <trkpt lat="52.669900" lon="5.929739">
        <ele>1.916118</ele>
        <time>2026-10-06T16:12:54.940Z</time>
      </trkpt>
      <trkpt lat="52.669413" lon="5.929963">
        <ele>1.713697</ele>
        <time>2026-10-06T16:13:03.787Z</time>
      </trkpt>
      <trkpt lat="52.669147" lon="5.930029">
        <ele>1.606001</ele>
        <time>2026-10-06T16:13:08.983Z</time>
      </trkpt>
      <trkpt lat="52.669120" lon="5.930035">
        <ele>1.595094</ele>
        <time>2026-10-06T16:13:09.488Z</time>
      </trkpt>
      <trkpt lat="52.668960" lon="5.930106">
        <ele>1.528756</ele>
        <time>2026-10-06T16:13:12.597Z</time>
      </trkpt>
      <trkpt lat="52.668830" lon="5.930163">
        <ele>1.474900</ele>
        <time>2026-10-06T16:13:17.267Z</time>
      </trkpt>
      <trkpt lat="52.668556" lon="5.930242">
        <ele>1.363536</ele>
        <time>2026-10-06T16:13:22.234Z</time>
      </trkpt>
      <trkpt lat="52.668478" lon="5.930280">
        <ele>1.330973</ele>
        <time>2026-10-06T16:13:25.096Z</time>
      </trkpt>
      <trkpt lat="52.668472" lon="5.930282">
        <ele>1.328522</ele>
        <time>2026-10-06T16:13:25.202Z</time>
      </trkpt>
      <trkpt lat="52.668354" lon="5.930342">
        <ele>1.279084</ele>
        <time>2026-10-06T16:13:27.378Z</time>
      </trkpt>
      <trkpt lat="52.668182" lon="5.930487">
        <ele>1.203875</ele>
        <time>2026-10-06T16:13:30.960Z</time>
      </trkpt>
      <trkpt lat="52.667723" lon="5.930702">
        <ele>1.025883</ele>
        <time>2026-10-06T16:13:41.880Z</time>
      </trkpt>
      <trkpt lat="52.667231" lon="5.930906">
        <ele>0.836643</ele>
        <time>2026-10-06T16:13:52.354Z</time>
      </trkpt>
      <trkpt lat="52.667182" lon="5.930904">
        <ele>0.818359</ele>
        <time>2026-10-06T16:13:53.225Z</time>
      </trkpt>
      <trkpt lat="52.667139" lon="5.930874">
        <ele>0.800942</ele>
        <time>2026-10-06T16:13:53.821Z</time>
      </trkpt>
      <trkpt lat="52.667124" lon="5.930856">
        <ele>0.794022</ele>
        <time>2026-10-06T16:13:54.037Z</time>
      </trkpt>
      <trkpt lat="52.667089" lon="5.930815">
        <ele>0.778007</ele>
        <time>2026-10-06T16:13:54.547Z</time>
      </trkpt>
      <trkpt lat="52.667048" lon="5.930863">
        <ele>0.759250</ele>
        <time>2026-10-06T16:13:55.165Z</time>
      </trkpt>
      <trkpt lat="52.667034" lon="5.930912">
        <ele>0.746997</ele>
        <time>2026-10-06T16:13:55.565Z</time>
      </trkpt>
      <trkpt lat="52.666883" lon="5.930992">
        <ele>0.687835</ele>
        <time>2026-10-06T16:13:57.478Z</time>
      </trkpt>
      <trkpt lat="52.666739" lon="5.931055">
        <ele>0.632261</ele>
        <time>2026-10-06T16:13:59.267Z</time>
      </trkpt>
      <trkpt lat="52.666683" lon="5.931081">
        <ele>0.610559</ele>
        <time>2026-10-06T16:13:59.960Z</time>
      </trkpt>
      <trkpt lat="52.665058" lon="5.931840">
        <ele>-1.044541</ele>
        <time>2026-10-06T16:14:20.578Z</time>
      </trkpt>
      <trkpt lat="52.664777" lon="5.932023">
        <ele>-1.333517</ele>
        <time>2026-10-06T16:14:24.145Z</time>
      </trkpt>
      <trkpt lat="52.664373" lon="5.932354">
        <ele>-1.636107</ele>
        <time>2026-10-06T16:14:29.639Z</time>
      </trkpt>
      <trkpt lat="52.663929" lon="5.932813">
        <ele>-1.987612</ele>
        <time>2026-10-06T16:14:36.358Z</time>
      </trkpt>
      <trkpt lat="52.663591" lon="5.933257">
        <ele>-2.277476</ele>
        <time>2026-10-06T16:14:42.165Z</time>
      </trkpt>
      <trkpt lat="52.663155" lon="5.933997">
        <ele>-2.589142</ele>
        <time>2026-10-06T16:14:50.726Z</time>
      </trkpt>
      <trkpt lat="52.662841" lon="5.934654">
        <ele>-2.744681</ele>
        <time>2026-10-06T16:14:57.785Z</time>
      </trkpt>
      <trkpt lat="52.662813" lon="5.934723">
        <ele>-2.760118</ele>
        <time>2026-10-06T16:14:58.477Z</time>
      </trkpt>
      <trkpt lat="52.662791" lon="5.934775">
        <ele>-2.771907</ele>
        <time>2026-10-06T16:14:59.013Z</time>
      </trkpt>
      <trkpt lat="52.662708" lon="5.934688">
        <ele>-2.802061</ele>
        <time>2026-10-06T16:15:00.904Z</time>
      </trkpt>
      <trkpt lat="52.662594" lon="5.934568">
        <ele>-2.843528</ele>
        <time>2026-10-06T16:15:02.769Z</time>
      </trkpt>
      <trkpt lat="52.662567" lon="5.934537">
        <ele>-2.853615</ele>
        <time>2026-10-06T16:15:03.393Z</time>
      </trkpt>
      <trkpt lat="52.662452" lon="5.934544">
        <ele>-2.888897</ele>
        <time>2026-10-06T16:15:04.983Z</time>
      </trkpt>
      <trkpt lat="52.661554" lon="5.934159">
        <ele>-3.053105</ele>
        <time>2026-10-06T16:15:17.892Z</time>
      </trkpt>
      <trkpt lat="52.661440" lon="5.934175">
        <ele>-3.054090</ele>
        <time>2026-10-06T16:15:19.501Z</time>
      </trkpt>
      <trkpt lat="52.656639" lon="5.937282">
        <ele>-3.001188</ele>
        <time>2026-10-06T16:16:36.729Z</time>
      </trkpt>
      <trkpt lat="52.653990" lon="5.938997">
        <ele>-2.868881</ele>
        <time>2026-10-06T16:17:19.327Z</time>
      </trkpt>
      <trkpt lat="52.653945" lon="5.939004">
        <ele>-2.866233</ele>
        <time>2026-10-06T16:17:19.986Z</time>
      </trkpt>
      <trkpt lat="52.653906" lon="5.938961">
        <ele>-2.863484</ele>
        <time>2026-10-06T16:17:20.678Z</time>
      </trkpt>
      <trkpt lat="52.653746" lon="5.938310">
        <ele>-2.833409</ele>
        <time>2026-10-06T16:17:27.118Z</time>
      </trkpt>
      <trkpt lat="52.653708" lon="5.938273">
        <ele>-2.825983</ele>
        <time>2026-10-06T16:17:27.796Z</time>
      </trkpt>
      <trkpt lat="52.653660" lon="5.938283">
        <ele>-2.817843</ele>
        <time>2026-10-06T16:17:28.536Z</time>
      </trkpt>
      <trkpt lat="52.653474" lon="5.938408">
        <ele>-2.784047</ele>
        <time>2026-10-06T16:17:31.695Z</time>
      </trkpt>
      <trkpt lat="52.653414" lon="5.938508">
        <ele>-2.769691</ele>
        <time>2026-10-06T16:17:33.029Z</time>
      </trkpt>
      <trkpt lat="52.653088" lon="5.940252">
        <ele>-2.583423</ele>
        <time>2026-10-06T16:17:50.459Z</time>
      </trkpt>
      <trkpt lat="52.653012" lon="5.940298">
        <ele>-2.569801</ele>
        <time>2026-10-06T16:17:51.762Z</time>
      </trkpt>
      <trkpt lat="52.652551" lon="5.940119">
        <ele>-2.552531</ele>
        <time>2026-10-06T16:17:58.814Z</time>
      </trkpt>
      <trkpt lat="52.652440" lon="5.940149">
        <ele>-2.557958</ele>
        <time>2026-10-06T16:18:00.416Z</time>
      </trkpt>
      <trkpt lat="52.652354" lon="5.940308">
        <ele>-2.564193</ele>
        <time>2026-10-06T16:18:02.265Z</time>
      </trkpt>
      <trkpt lat="52.652223" lon="5.941017">
        <ele>-2.585886</ele>
        <time>2026-10-06T16:18:08.549Z</time>
      </trkpt>
      <trkpt lat="52.652035" lon="5.941020">
        <ele>-2.594957</ele>
        <time>2026-10-06T16:18:11.135Z</time>
      </trkpt>
      <trkpt lat="52.646270" lon="5.944072">
        <ele>-2.070494</ele>
        <time>2026-10-06T16:19:43.490Z</time>
      </trkpt>
      <trkpt lat="52.646190" lon="5.944140">
        <ele>-2.061409</ele>
        <time>2026-10-06T16:19:44.844Z</time>
      </trkpt>
      <trkpt lat="52.646089" lon="5.944384">
        <ele>-2.043320</ele>
        <time>2026-10-06T16:19:47.523Z</time>
      </trkpt>
      <trkpt lat="52.645907" lon="5.944499">
        <ele>-2.023647</ele>
        <time>2026-10-06T16:19:50.406Z</time>
      </trkpt>
      <trkpt lat="52.643645" lon="5.933089">
        <ele>-1.396349</ele>
        <time>2026-10-06T16:21:41.515Z</time>
      </trkpt>
      <trkpt lat="52.638388" lon="5.911096">
        <ele>-2.269517</ele>
        <time>2026-10-06T16:25:10.107Z</time>
      </trkpt>
      <trkpt lat="52.633165" lon="5.889327">
        <ele>-2.458419</ele>
        <time>2026-10-06T16:28:39.920Z</time>
      </trkpt>
      <trkpt lat="52.633111" lon="5.889100">
        <ele>-2.444312</ele>
        <time>2026-10-06T16:28:42.256Z</time>
      </trkpt>
      <trkpt lat="52.633058" lon="5.888877">
        <ele>-2.430455</ele>
        <time>2026-10-06T16:28:44.542Z</time>
      </trkpt>
      <trkpt lat="52.629157" lon="5.872619">
        <ele>-1.254709</ele>
        <time>2026-10-06T16:31:26.014Z</time>
      </trkpt>
      <trkpt lat="52.629104" lon="5.872424">
        <ele>-1.214304</ele>
        <time>2026-10-06T16:31:28.478Z</time>
      </trkpt>
      <trkpt lat="52.629037" lon="5.872228">
        <ele>-1.171763</ele>
        <time>2026-10-06T16:31:31.078Z</time>
      </trkpt>
      <trkpt lat="52.628866" lon="5.871770">
        <ele>-1.070074</ele>
        <time>2026-10-06T16:31:37.191Z</time>
      </trkpt>
      <trkpt lat="52.621588" lon="5.852597">
        <ele>-1.387106</ele>
        <time>2026-10-06T16:34:58.276Z</time>
      </trkpt>
      <trkpt lat="52.621513" lon="5.852382">
        <ele>-1.381222</ele>
        <time>2026-10-06T16:35:00.422Z</time>
      </trkpt>
      <trkpt lat="52.621438" lon="5.852172">
        <ele>-1.375440</ele>
        <time>2026-10-06T16:35:02.536Z</time>
      </trkpt>
      <trkpt lat="52.619091" lon="5.845126">
        <ele>-1.096817</ele>
        <time>2026-10-06T16:36:16.374Z</time>
      </trkpt>
      <trkpt lat="52.618212" lon="5.842516">
        <ele>-0.997734</ele>
        <time>2026-10-06T16:36:44.023Z</time>
      </trkpt>
      <trkpt lat="52.618176" lon="5.842409">
        <ele>-1.007609</ele>
        <time>2026-10-06T16:36:45.023Z</time>
      </trkpt>
      <trkpt lat="52.617875" lon="5.841513">
        <ele>-1.090279</ele>
        <time>2026-10-06T16:36:53.676Z</time>
      </trkpt>
      <trkpt lat="52.617716" lon="5.841010">
        <ele>-1.136061</ele>
        <time>2026-10-06T16:36:58.424Z</time>
      </trkpt>
      <trkpt lat="52.617715" lon="5.840867">
        <ele>-1.147607</ele>
        <time>2026-10-06T16:36:59.585Z</time>
      </trkpt>
      <trkpt lat="52.617761" lon="5.840743">
        <ele>-1.159338</ele>
        <time>2026-10-06T16:37:00.822Z</time>
      </trkpt>
      <trkpt lat="52.619969" lon="5.838518">
        <ele>-1.167615</ele>
        <time>2026-10-06T16:37:40.228Z</time>
      </trkpt>
      <trkpt lat="52.620043" lon="5.838444">
        <ele>-1.187668</ele>
        <time>2026-10-06T16:37:41.443Z</time>
      </trkpt>
      <trkpt lat="52.620027" lon="5.838399">
        <ele>-1.195002</ele>
        <time>2026-10-06T16:37:42.038Z</time>
      </trkpt>
      <trkpt lat="52.619980" lon="5.838278">
        <ele>-1.215204</ele>
        <time>2026-10-06T16:37:43.235Z</time>
      </trkpt>
      <trkpt lat="52.619854" lon="5.837966">
        <ele>-1.267902</ele>
        <time>2026-10-06T16:37:47.599Z</time>
      </trkpt>
      <trkpt lat="52.619819" lon="5.837928">
        <ele>-1.277612</ele>
        <time>2026-10-06T16:37:48.397Z</time>
      </trkpt>
      <trkpt lat="52.619752" lon="5.837926">
        <ele>-1.293135</ele>
        <time>2026-10-06T16:37:49.701Z</time>
      </trkpt>
      <trkpt lat="52.618710" lon="5.838767">
        <ele>-1.585474</ele>
        <time>2026-10-06T16:38:11.703Z</time>
      </trkpt>
      <trkpt lat="52.617790" lon="5.839388">
        <ele>-1.893815</ele>
        <time>2026-10-06T16:38:30.646Z</time>
      </trkpt>
      <trkpt lat="52.616532" lon="5.840087">
        <ele>-1.794679</ele>
        <time>2026-10-06T16:38:56.113Z</time>
      </trkpt>
      <trkpt lat="52.616154" lon="5.840270">
        <ele>-1.672387</ele>
        <time>2026-10-06T16:39:05.136Z</time>
      </trkpt>
      <trkpt lat="52.615699" lon="5.840430">
        <ele>-1.527976</ele>
        <time>2026-10-06T16:39:16.226Z</time>
      </trkpt>
      <trkpt lat="52.615340" lon="5.840585">
        <ele>-1.334190</ele>
        <time>2026-10-06T16:39:25.193Z</time>
      </trkpt>
      <trkpt lat="52.615192" lon="5.840661">
        <ele>-1.238300</ele>
        <time>2026-10-06T16:39:28.095Z</time>
      </trkpt>
      <trkpt lat="52.613426" lon="5.841603">
        <ele>-0.296555</ele>
        <time>2026-10-06T16:39:59.494Z</time>
      </trkpt>
      <trkpt lat="52.613222" lon="5.841714">
        <ele>-0.258500</ele>
        <time>2026-10-06T16:40:02.723Z</time>
      </trkpt>
      <trkpt lat="52.610513" lon="5.843161">
        <ele>0.062481</ele>
        <time>2026-10-06T16:40:45.301Z</time>
      </trkpt>
      <trkpt lat="52.610107" lon="5.843451">
        <ele>0.165046</ele>
        <time>2026-10-06T16:40:52.256Z</time>
      </trkpt>
      <trkpt lat="52.609703" lon="5.843830">
        <ele>0.286072</ele>
        <time>2026-10-06T16:40:59.858Z</time>
      </trkpt>
      <trkpt lat="52.609375" lon="5.844280">
        <ele>0.397197</ele>
        <time>2026-10-06T16:41:06.609Z</time>
      </trkpt>
      <trkpt lat="52.609150" lon="5.844718">
        <ele>0.487879</ele>
        <time>2026-10-06T16:41:12.225Z</time>
      </trkpt>
      <trkpt lat="52.608983" lon="5.845159">
        <ele>0.533922</ele>
        <time>2026-10-06T16:41:17.322Z</time>
      </trkpt>
      <trkpt lat="52.608683" lon="5.846182">
        <ele>0.526159</ele>
        <time>2026-10-06T16:41:28.021Z</time>
      </trkpt>
      <trkpt lat="52.608469" lon="5.846756">
        <ele>0.521557</ele>
        <time>2026-10-06T16:41:33.825Z</time>
      </trkpt>
      <trkpt lat="52.608314" lon="5.847100">
        <ele>0.518630</ele>
        <time>2026-10-06T16:41:37.607Z</time>
      </trkpt>
      <trkpt lat="52.607434" lon="5.848706">
        <ele>0.323758</ele>
        <time>2026-10-06T16:41:56.164Z</time>
      </trkpt>
      <trkpt lat="52.607128" lon="5.849399">
        <ele>0.224842</ele>
        <time>2026-10-06T16:42:03.382Z</time>
      </trkpt>
      <trkpt lat="52.606807" lon="5.850267">
        <ele>0.169250</ele>
        <time>2026-10-06T16:42:12.134Z</time>
      </trkpt>
      <trkpt lat="52.606519" lon="5.851085">
        <ele>0.162606</ele>
        <time>2026-10-06T16:42:20.541Z</time>
      </trkpt>
      <trkpt lat="52.603976" lon="5.858226">
        <ele>0.272616</ele>
        <time>2026-10-06T16:43:36.595Z</time>
      </trkpt>
      <trkpt lat="52.603432" lon="5.859618">
        <ele>0.122333</ele>
        <time>2026-10-06T16:43:50.226Z</time>
      </trkpt>
      <trkpt lat="52.601950" lon="5.863751">
        <ele>-0.332283</ele>
        <time>2026-10-06T16:44:31.938Z</time>
      </trkpt>
      <trkpt lat="52.601666" lon="5.864381">
        <ele>-0.415257</ele>
        <time>2026-10-06T16:44:38.761Z</time>
      </trkpt>
      <trkpt lat="52.601382" lon="5.864895">
        <ele>-0.488745</ele>
        <time>2026-10-06T16:44:44.736Z</time>
      </trkpt>
      <trkpt lat="52.600936" lon="5.865534">
        <ele>-0.533557</ele>
        <time>2026-10-06T16:44:53.055Z</time>
      </trkpt>
      <trkpt lat="52.600569" lon="5.865948">
        <ele>-0.565289</ele>
        <time>2026-10-06T16:44:59.424Z</time>
      </trkpt>
      <trkpt lat="52.600292" lon="5.866212">
        <ele>-0.588119</ele>
        <time>2026-10-06T16:45:04.054Z</time>
      </trkpt>
      <trkpt lat="52.599676" lon="5.866659">
        <ele>-0.591079</ele>
        <time>2026-10-06T16:45:14.290Z</time>
      </trkpt>
      <trkpt lat="52.599039" lon="5.866937">
        <ele>-0.493241</ele>
        <time>2026-10-06T16:45:24.629Z</time>
      </trkpt>
      <trkpt lat="52.598745" lon="5.867033">
        <ele>-0.448742</ele>
        <time>2026-10-06T16:45:29.303Z</time>
      </trkpt>
      <trkpt lat="52.598352" lon="5.867102">
        <ele>-0.390064</ele>
        <time>2026-10-06T16:45:35.403Z</time>
      </trkpt>
      <trkpt lat="52.596966" lon="5.867187">
        <ele>-0.085344</ele>
        <time>2026-10-06T16:45:56.813Z</time>
      </trkpt>
      <trkpt lat="52.595250" lon="5.867592">
        <ele>0.248945</ele>
        <time>2026-10-06T16:46:25.069Z</time>
      </trkpt>
      <trkpt lat="52.594974" lon="5.867658">
        <ele>0.295717</ele>
        <time>2026-10-06T16:46:29.162Z</time>
      </trkpt>
      <trkpt lat="52.594614" lon="5.867839">
        <ele>0.358844</ele>
        <time>2026-10-06T16:46:34.514Z</time>
      </trkpt>
      <trkpt lat="52.592760" lon="5.869185">
        <ele>-0.013552</ele>
        <time>2026-10-06T16:47:02.772Z</time>
      </trkpt>
      <trkpt lat="52.589526" lon="5.871938">
        <ele>0.078226</ele>
        <time>2026-10-06T16:47:57.748Z</time>
      </trkpt>
      <trkpt lat="52.588897" lon="5.872687">
        <ele>0.067211</ele>
        <time>2026-10-06T16:48:13.409Z</time>
      </trkpt>
      <trkpt lat="52.588011" lon="5.873550">
        <ele>0.005606</ele>
        <time>2026-10-06T16:48:33.920Z</time>
      </trkpt>
      <trkpt lat="52.587548" lon="5.874124">
        <ele>-0.128007</ele>
        <time>2026-10-06T16:48:45.158Z</time>
      </trkpt>
      <trkpt lat="52.587238" lon="5.874585">
        <ele>-0.224312</ele>
        <time>2026-10-06T16:48:53.293Z</time>
      </trkpt>
      <trkpt lat="52.586744" lon="5.875457">
        <ele>-0.456810</ele>
        <time>2026-10-06T16:49:03.360Z</time>
      </trkpt>
      <trkpt lat="52.586372" lon="5.876291">
        <ele>-0.895049</ele>
        <time>2026-10-06T16:49:11.520Z</time>
      </trkpt>
      <trkpt lat="52.585837" lon="5.877854">
        <ele>-1.633413</ele>
        <time>2026-10-06T16:49:24.991Z</time>
      </trkpt>
      <trkpt lat="52.585680" lon="5.878464">
        <ele>-1.770422</ele>
        <time>2026-10-06T16:49:30.053Z</time>
      </trkpt>
      <trkpt lat="52.585081" lon="5.881236">
        <ele>-2.106128</ele>
        <time>2026-10-06T16:49:55.739Z</time>
      </trkpt>
      <trkpt lat="52.583818" lon="5.888541">
        <ele>-0.688164</ele>
        <time>2026-10-06T16:51:10.205Z</time>
      </trkpt>
      <trkpt lat="52.583515" lon="5.890228">
        <ele>-0.259015</ele>
        <time>2026-10-06T16:51:34.516Z</time>
      </trkpt>
      <trkpt lat="52.583262" lon="5.891275">
        <ele>0.015958</ele>
        <time>2026-10-06T16:51:49.423Z</time>
      </trkpt>
      <trkpt lat="52.582912" lon="5.892254">
        <ele>0.157121</ele>
        <time>2026-10-06T16:52:03.482Z</time>
      </trkpt>
      <trkpt lat="52.582564" lon="5.892981">
        <ele>0.140506</ele>
        <time>2026-10-06T16:52:14.676Z</time>
      </trkpt>
      <trkpt lat="52.582240" lon="5.893521">
        <ele>0.126882</ele>
        <time>2026-10-06T16:52:23.871Z</time>
      </trkpt>
      <trkpt lat="52.581561" lon="5.894488">
        <ele>0.123449</ele>
        <time>2026-10-06T16:52:42.051Z</time>
      </trkpt>
      <trkpt lat="52.576128" lon="5.902193">
        <ele>0.377432</ele>
        <time>2026-10-06T16:55:07.576Z</time>
      </trkpt>
      <trkpt lat="52.575852" lon="5.902597">
        <ele>0.457324</ele>
        <time>2026-10-06T16:55:15.302Z</time>
      </trkpt>
      <trkpt lat="52.571621" lon="5.908611">
        <ele>1.620502</ele>
        <time>2026-10-06T16:57:14.022Z</time>
      </trkpt>
      <trkpt lat="52.570738" lon="5.910169">
        <ele>1.783824</ele>
        <time>2026-10-06T16:57:40.588Z</time>
      </trkpt>
      <trkpt lat="52.570133" lon="5.911244">
        <ele>1.830134</ele>
        <time>2026-10-06T16:57:58.443Z</time>
      </trkpt>
      <trkpt lat="52.570064" lon="5.911366">
        <ele>1.835401</ele>
        <time>2026-10-06T16:58:00.520Z</time>
      </trkpt>
      <trkpt lat="52.569550" lon="5.912302">
        <ele>1.874428</ele>
        <time>2026-10-06T16:58:16.374Z</time>
      </trkpt>
      <trkpt lat="52.569513" lon="5.912407">
        <ele>1.878121</ele>
        <time>2026-10-06T16:58:17.917Z</time>
      </trkpt>
      <trkpt lat="52.569496" lon="5.912465">
        <ele>1.880081</ele>
        <time>2026-10-06T16:58:18.504Z</time>
      </trkpt>
      <trkpt lat="52.569440" lon="5.912563">
        <ele>1.884174</ele>
        <time>2026-10-06T16:58:19.760Z</time>
      </trkpt>
      <trkpt lat="52.569388" lon="5.912654">
        <ele>1.887975</ele>
        <time>2026-10-06T16:58:20.918Z</time>
      </trkpt>
      <trkpt lat="52.569342" lon="5.912720">
        <ele>1.891030</ele>
        <time>2026-10-06T16:58:21.866Z</time>
      </trkpt>
      <trkpt lat="52.569287" lon="5.912774">
        <ele>1.894237</ele>
        <time>2026-10-06T16:58:23.215Z</time>
      </trkpt>
      <trkpt lat="52.568840" lon="5.913541">
        <ele>1.926572</ele>
        <time>2026-10-06T16:58:36.633Z</time>
      </trkpt>
      <trkpt lat="52.568476" lon="5.913934">
        <ele>1.914132</ele>
        <time>2026-10-06T16:58:45.244Z</time>
      </trkpt>
      <trkpt lat="52.568202" lon="5.914273">
        <ele>1.828794</ele>
        <time>2026-10-06T16:58:51.733Z</time>
      </trkpt>
      <trkpt lat="52.568071" lon="5.914491">
        <ele>1.782412</ele>
        <time>2026-10-06T16:58:55.395Z</time>
      </trkpt>
      <trkpt lat="52.567777" lon="5.915094">
        <ele>1.665453</ele>
        <time>2026-10-06T16:59:04.471Z</time>
      </trkpt>
      <trkpt lat="52.567675" lon="5.915447">
        <ele>1.606316</ele>
        <time>2026-10-06T16:59:08.954Z</time>
      </trkpt>
      <trkpt lat="52.567647" lon="5.915552">
        <ele>1.588967</ele>
        <time>2026-10-06T16:59:09.883Z</time>
      </trkpt>
      <trkpt lat="52.567594" lon="5.915783">
        <ele>1.551610</ele>
        <time>2026-10-06T16:59:11.929Z</time>
      </trkpt>
      <trkpt lat="52.567577" lon="5.915876">
        <ele>1.536916</ele>
        <time>2026-10-06T16:59:12.748Z</time>
      </trkpt>
      <trkpt lat="52.567055" lon="5.918114">
        <ele>1.243277</ele>
        <time>2026-10-06T16:59:41.016Z</time>
      </trkpt>
      <trkpt lat="52.567022" lon="5.918246">
        <ele>1.226331</ele>
        <time>2026-10-06T16:59:42.251Z</time>
      </trkpt>
      <trkpt lat="52.566984" lon="5.918421">
        <ele>1.204269</ele>
        <time>2026-10-06T16:59:43.880Z</time>
      </trkpt>
      <trkpt lat="52.566894" lon="5.918821">
        <ele>1.153630</ele>
        <time>2026-10-06T16:59:49.014Z</time>
      </trkpt>
      <trkpt lat="52.566784" lon="5.919184">
        <ele>1.098289</ele>
        <time>2026-10-06T16:59:53.891Z</time>
      </trkpt>
      <trkpt lat="52.566629" lon="5.919571">
        <ele>1.032895</ele>
        <time>2026-10-06T16:59:59.358Z</time>
      </trkpt>
      <trkpt lat="52.566475" lon="5.919871">
        <ele>0.977488</ele>
        <time>2026-10-06T17:00:03.932Z</time>
      </trkpt>
      <trkpt lat="52.566139" lon="5.920298">
        <ele>0.878930</ele>
        <time>2026-10-06T17:00:12.044Z</time>
      </trkpt>
      <trkpt lat="52.566111" lon="5.920342">
        <ele>0.869942</ele>
        <time>2026-10-06T17:00:12.562Z</time>
      </trkpt>
      <trkpt lat="52.566068" lon="5.920294">
        <ele>0.857879</ele>
        <time>2026-10-06T17:00:13.278Z</time>
      </trkpt>
      <trkpt lat="52.566047" lon="5.920273">
        <ele>0.852174</ele>
        <time>2026-10-06T17:00:13.625Z</time>
      </trkpt>
      <trkpt lat="52.566029" lon="5.920256">
        <ele>0.847356</ele>
        <time>2026-10-06T17:00:13.912Z</time>
      </trkpt>
      <trkpt lat="52.566007" lon="5.920235">
        <ele>0.841452</ele>
        <time>2026-10-06T17:00:14.266Z</time>
      </trkpt>
      <trkpt lat="52.565990" lon="5.920219">
        <ele>0.836905</ele>
        <time>2026-10-06T17:00:14.529Z</time>
      </trkpt>
      <trkpt lat="52.565967" lon="5.920197">
        <ele>0.830729</ele>
        <time>2026-10-06T17:00:14.895Z</time>
      </trkpt>
      <trkpt lat="52.565893" lon="5.920146">
        <ele>0.812105</ele>
        <time>2026-10-06T17:00:15.999Z</time>
      </trkpt>
      <trkpt lat="52.565775" lon="5.920107">
        <ele>0.784165</ele>
        <time>2026-10-06T17:00:17.655Z</time>
      </trkpt>
      <trkpt lat="52.565518" lon="5.920196">
        <ele>0.727816</ele>
        <time>2026-10-06T17:00:21.259Z</time>
      </trkpt>
      <trkpt lat="52.565191" lon="5.920230">
        <ele>0.774299</ele>
        <time>2026-10-06T17:00:25.791Z</time>
      </trkpt>
      <trkpt lat="52.564052" lon="5.920213">
        <ele>0.935893</ele>
        <time>2026-10-06T17:00:43.766Z</time>
      </trkpt>
      <trkpt lat="52.563701" lon="5.920083">
        <ele>0.989126</ele>
        <time>2026-10-06T17:00:49.856Z</time>
      </trkpt>
      <trkpt lat="52.563468" lon="5.920210">
        <ele>1.037333</ele>
        <time>2026-10-06T17:00:53.967Z</time>
      </trkpt>
      <trkpt lat="52.562973" lon="5.920190">
        <ele>1.134579</ele>
        <time>2026-10-06T17:01:02.038Z</time>
      </trkpt>
      <trkpt lat="52.562314" lon="5.919269">
        <ele>1.304408</ele>
        <time>2026-10-06T17:01:15.025Z</time>
      </trkpt>
      <trkpt lat="52.562208" lon="5.919144">
        <ele>1.330023</ele>
        <time>2026-10-06T17:01:16.927Z</time>
      </trkpt>
      <trkpt lat="52.562080" lon="5.919097">
        <ele>1.325612</ele>
        <time>2026-10-06T17:01:18.844Z</time>
      </trkpt>
      <trkpt lat="52.561648" lon="5.919216">
        <ele>1.289777</ele>
        <time>2026-10-06T17:01:25.291Z</time>
      </trkpt>
      <trkpt lat="52.561265" lon="5.919306">
        <ele>1.258124</ele>
        <time>2026-10-06T17:01:30.936Z</time>
      </trkpt>
      <trkpt lat="52.561174" lon="5.919417">
        <ele>1.248856</ele>
        <time>2026-10-06T17:01:32.573Z</time>
      </trkpt>
      <trkpt lat="52.561093" lon="5.919559">
        <ele>1.239171</ele>
        <time>2026-10-06T17:01:34.372Z</time>
      </trkpt>
      <trkpt lat="52.560965" lon="5.919685">
        <ele>1.226968</ele>
        <time>2026-10-06T17:01:36.559Z</time>
      </trkpt>
      <trkpt lat="52.560328" lon="5.920308">
        <ele>1.197597</ele>
        <time>2026-10-06T17:01:46.908Z</time>
      </trkpt>
      <trkpt lat="52.560232" lon="5.920436">
        <ele>1.202541</ele>
        <time>2026-10-06T17:01:48.691Z</time>
      </trkpt>
      <trkpt lat="52.560166" lon="5.920529">
        <ele>1.206017</ele>
        <time>2026-10-06T17:01:49.971Z</time>
      </trkpt>
      <trkpt lat="52.560071" lon="5.920538">
        <ele>1.209823</ele>
        <time>2026-10-06T17:01:51.305Z</time>
      </trkpt>
      <trkpt lat="52.560017" lon="5.920610">
        <ele>1.212604</ele>
        <time>2026-10-06T17:01:52.354Z</time>
      </trkpt>
      <trkpt lat="52.559773" lon="5.920999">
        <ele>1.226196</ele>
        <time>2026-10-06T17:01:57.335Z</time>
      </trkpt>
      <trkpt lat="52.558875" lon="5.923013">
        <ele>1.222850</ele>
        <time>2026-10-06T17:02:21.051Z</time>
      </trkpt>
      <trkpt lat="52.558186" lon="5.924586">
        <ele>1.145419</ele>
        <time>2026-10-06T17:02:37.700Z</time>
      </trkpt>
      <trkpt lat="52.558081" lon="5.924864">
        <ele>1.092210</ele>
        <time>2026-10-06T17:02:40.427Z</time>
      </trkpt>
      <trkpt lat="52.557922" lon="5.925144">
        <ele>1.029919</ele>
        <time>2026-10-06T17:02:43.647Z</time>
      </trkpt>
      <trkpt lat="52.557607" lon="5.925545">
        <ele>0.923401</ele>
        <time>2026-10-06T17:02:49.157Z</time>
      </trkpt>
      <trkpt lat="52.557298" lon="5.925997">
        <ele>0.812820</ele>
        <time>2026-10-06T17:02:54.955Z</time>
      </trkpt>
      <trkpt lat="52.555017" lon="5.928955">
        <ele>0.237611</ele>
        <time>2026-10-06T17:03:35.478Z</time>
      </trkpt>
      <trkpt lat="52.554778" lon="5.929377">
        <ele>0.227732</ele>
        <time>2026-10-06T17:03:40.668Z</time>
      </trkpt>
      <trkpt lat="52.554529" lon="5.929956">
        <ele>0.215584</ele>
        <time>2026-10-06T17:03:47.202Z</time>
      </trkpt>
      <trkpt lat="52.554436" lon="5.930125">
        <ele>0.211680</ele>
        <time>2026-10-06T17:03:50.079Z</time>
      </trkpt>
      <trkpt lat="52.554240" lon="5.930375">
        <ele>0.204692</ele>
        <time>2026-10-06T17:03:55.339Z</time>
      </trkpt>
      <trkpt lat="52.553810" lon="5.930774">
        <ele>0.299624</ele>
        <time>2026-10-06T17:04:05.814Z</time>
      </trkpt>
      <trkpt lat="52.553003" lon="5.931461">
        <ele>0.477515</ele>
        <time>2026-10-06T17:04:24.901Z</time>
      </trkpt>
      <trkpt lat="52.550620" lon="5.933320">
        <ele>0.778352</ele>
        <time>2026-10-06T17:05:19.725Z</time>
      </trkpt>
      <trkpt lat="52.547807" lon="5.934464">
        <ele>0.476552</ele>
        <time>2026-10-06T17:06:01.023Z</time>
      </trkpt>
      <trkpt lat="52.547515" lon="5.934507">
        <ele>0.449733</ele>
        <time>2026-10-06T17:06:05.268Z</time>
      </trkpt>
      <trkpt lat="52.547301" lon="5.934483">
        <ele>0.492060</ele>
        <time>2026-10-06T17:06:08.450Z</time>
      </trkpt>
      <trkpt lat="52.546884" lon="5.934384">
        <ele>0.575200</ele>
        <time>2026-10-06T17:06:14.900Z</time>
      </trkpt>
      <trkpt lat="52.546650" lon="5.934560">
        <ele>0.625976</ele>
        <time>2026-10-06T17:06:20.356Z</time>
      </trkpt>
      <trkpt lat="52.544732" lon="5.935765">
        <ele>0.900793</ele>
        <time>2026-10-06T17:07:04.577Z</time>
      </trkpt>
      <trkpt lat="52.544523" lon="5.935933">
        <ele>0.920920</ele>
        <time>2026-10-06T17:07:09.179Z</time>
      </trkpt>
      <trkpt lat="52.544285" lon="5.936201">
        <ele>0.945877</ele>
        <time>2026-10-06T17:07:14.677Z</time>
      </trkpt>
      <trkpt lat="52.544149" lon="5.936282">
        <ele>0.939296</ele>
        <time>2026-10-06T17:07:17.366Z</time>
      </trkpt>
      <trkpt lat="52.544246" lon="5.936775">
        <ele>0.827803</ele>
        <time>2026-10-06T17:07:21.487Z</time>
      </trkpt>
      <trkpt lat="52.544754" lon="5.937614">
        <ele>0.573057</ele>
        <time>2026-10-06T17:07:30.841Z</time>
      </trkpt>
      <trkpt lat="52.544826" lon="5.937772">
        <ele>0.530575</ele>
        <time>2026-10-06T17:07:32.464Z</time>
      </trkpt>
      <trkpt lat="52.545412" lon="5.940143">
        <ele>0.604568</ele>
        <time>2026-10-06T17:07:55.310Z</time>
      </trkpt>
      <trkpt lat="52.545453" lon="5.940203">
        <ele>0.620999</ele>
        <time>2026-10-06T17:07:56.273Z</time>
      </trkpt>
      <trkpt lat="52.545498" lon="5.940212">
        <ele>0.634571</ele>
        <time>2026-10-06T17:07:57.049Z</time>
      </trkpt>
      <trkpt lat="52.545783" lon="5.940035">
        <ele>0.725778</ele>
        <time>2026-10-06T17:08:02.423Z</time>
      </trkpt>
      <trkpt lat="52.546471" lon="5.939573">
        <ele>0.999236</ele>
        <time>2026-10-06T17:08:15.768Z</time>
      </trkpt>
      <trkpt lat="52.545062" lon="5.937342">
        <ele>1.826961</ele>
        <time>2026-10-06T17:08:47.901Z</time>
      </trkpt>
      <trkpt lat="52.544489" lon="5.936284">
        <ele>2.072281</ele>
        <time>2026-10-06T17:09:00.807Z</time>
      </trkpt>
      <trkpt lat="52.540430" lon="5.929800">
        <ele>4.356939</ele>
        <time>2026-10-06T17:11:04.778Z</time>
      </trkpt>
      <trkpt lat="52.540197" lon="5.929440">
        <ele>4.421798</ele>
        <time>2026-10-06T17:11:10.380Z</time>
      </trkpt>
      <trkpt lat="52.539937" lon="5.929112">
        <ele>4.336488</ele>
        <time>2026-10-06T17:11:15.917Z</time>
      </trkpt>
      <trkpt lat="52.539743" lon="5.928809">
        <ele>4.266833</ele>
        <time>2026-10-06T17:11:20.197Z</time>
      </trkpt>
      <trkpt lat="52.538390" lon="5.926666">
        <ele>3.050647</ele>
        <time>2026-10-06T17:11:44.093Z</time>
      </trkpt>
      <trkpt lat="52.538071" lon="5.926055">
        <ele>2.469090</ele>
        <time>2026-10-06T17:11:49.678Z</time>
      </trkpt>
      <trkpt lat="52.537848" lon="5.925542">
        <ele>2.013689</ele>
        <time>2026-10-06T17:11:54.010Z</time>
      </trkpt>
      <trkpt lat="52.537520" lon="5.924433">
        <ele>1.287639</ele>
        <time>2026-10-06T17:12:02.713Z</time>
      </trkpt>
      <trkpt lat="52.537377" lon="5.923993">
        <ele>1.009337</ele>
        <time>2026-10-06T17:12:06.440Z</time>
      </trkpt>
      <trkpt lat="52.537184" lon="5.923685">
        <ele>0.762645</ele>
        <time>2026-10-06T17:12:09.825Z</time>
      </trkpt>
      <trkpt lat="52.536944" lon="5.923508">
        <ele>0.521391</ele>
        <time>2026-10-06T17:12:13.212Z</time>
      </trkpt>
      <trkpt lat="52.536698" lon="5.923414">
        <ele>0.289753</ele>
        <time>2026-10-06T17:12:16.616Z</time>
      </trkpt>
      <trkpt lat="52.536532" lon="5.923273">
        <ele>0.188997</ele>
        <time>2026-10-06T17:12:19.270Z</time>
      </trkpt>
      <trkpt lat="52.536379" lon="5.923049">
        <ele>0.170869</ele>
        <time>2026-10-06T17:12:22.221Z</time>
      </trkpt>
      <trkpt lat="52.536322" lon="5.922939">
        <ele>0.163092</ele>
        <time>2026-10-06T17:12:23.483Z</time>
      </trkpt>
      <trkpt lat="52.536175" lon="5.922629">
        <ele>0.141937</ele>
        <time>2026-10-06T17:12:26.966Z</time>
      </trkpt>
      <trkpt lat="52.536147" lon="5.922517">
        <ele>0.135420</ele>
        <time>2026-10-06T17:12:28.027Z</time>
      </trkpt>
      <trkpt lat="52.536139" lon="5.922476">
        <ele>0.133102</ele>
        <time>2026-10-06T17:12:28.415Z</time>
      </trkpt>
      <trkpt lat="52.536122" lon="5.922008">
        <ele>0.107869</ele>
        <time>2026-10-06T17:12:32.560Z</time>
      </trkpt>
      <trkpt lat="52.536011" lon="5.921505">
        <ele>0.079071</ele>
        <time>2026-10-06T17:12:37.263Z</time>
      </trkpt>
      <trkpt lat="52.535853" lon="5.921251">
        <ele>0.059518</ele>
        <time>2026-10-06T17:12:40.475Z</time>
      </trkpt>
      <trkpt lat="52.535513" lon="5.920904">
        <ele>0.039955</ele>
        <time>2026-10-06T17:12:46.581Z</time>
      </trkpt>
      <trkpt lat="52.535337" lon="5.920784">
        <ele>0.043213</ele>
        <time>2026-10-06T17:12:49.490Z</time>
      </trkpt>
      <trkpt lat="52.534803" lon="5.920742">
        <ele>0.052355</ele>
        <time>2026-10-06T17:12:57.556Z</time>
      </trkpt>
      <trkpt lat="52.534320" lon="5.920552">
        <ele>0.060848</ele>
        <time>2026-10-06T17:13:04.860Z</time>
      </trkpt>
      <trkpt lat="52.533420" lon="5.920130">
        <ele>0.087309</ele>
        <time>2026-10-06T17:13:18.647Z</time>
      </trkpt>
      <trkpt lat="52.533222" lon="5.920015">
        <ele>0.095213</ele>
        <time>2026-10-06T17:13:21.784Z</time>
      </trkpt>
      <trkpt lat="52.532968" lon="5.919808">
        <ele>0.105884</ele>
        <time>2026-10-06T17:13:26.015Z</time>
      </trkpt>
      <trkpt lat="52.532675" lon="5.919489">
        <ele>0.119112</ele>
        <time>2026-10-06T17:13:31.199Z</time>
      </trkpt>
      <trkpt lat="52.532630" lon="5.919409">
        <ele>0.121607</ele>
        <time>2026-10-06T17:13:32.195Z</time>
      </trkpt>
      <trkpt lat="52.532575" lon="5.919275">
        <ele>0.125309</ele>
        <time>2026-10-06T17:13:33.677Z</time>
      </trkpt>
      <trkpt lat="52.532437" lon="5.918713">
        <ele>0.139011</ele>
        <time>2026-10-06T17:13:39.322Z</time>
      </trkpt>
      <trkpt lat="52.532195" lon="5.918340">
        <ele>0.150843</ele>
        <time>2026-10-06T17:13:44.482Z</time>
      </trkpt>
      <trkpt lat="52.531306" lon="5.917054">
        <ele>0.193080</ele>
        <time>2026-10-06T17:14:02.228Z</time>
      </trkpt>
      <trkpt lat="52.530979" lon="5.916513">
        <ele>0.197067</ele>
        <time>2026-10-06T17:14:09.213Z</time>
      </trkpt>
      <trkpt lat="52.530719" lon="5.916385">
        <ele>0.194118</ele>
        <time>2026-10-06T17:14:13.211Z</time>
      </trkpt>
      <trkpt lat="52.530698" lon="5.916366">
        <ele>0.193857</ele>
        <time>2026-10-06T17:14:13.687Z</time>
      </trkpt>
      <trkpt lat="52.530659" lon="5.916316">
        <ele>0.193320</ele>
        <time>2026-10-06T17:14:14.681Z</time>
      </trkpt>
      <trkpt lat="52.530600" lon="5.916184">
        <ele>0.192237</ele>
        <time>2026-10-06T17:14:16.656Z</time>
      </trkpt>
      <trkpt lat="52.530518" lon="5.915786">
        <ele>0.189459</ele>
        <time>2026-10-06T17:14:21.693Z</time>
      </trkpt>
      <trkpt lat="52.530416" lon="5.915511">
        <ele>0.187330</ele>
        <time>2026-10-06T17:14:25.548Z</time>
      </trkpt>
      <trkpt lat="52.529842" lon="5.914486">
        <ele>0.121448</ele>
        <time>2026-10-06T17:14:42.740Z</time>
      </trkpt>
      <trkpt lat="52.529685" lon="5.914283">
        <ele>0.066585</ele>
        <time>2026-10-06T17:14:46.739Z</time>
      </trkpt>
      <trkpt lat="52.529387" lon="5.914025">
        <ele>-0.025922</ele>
        <time>2026-10-06T17:14:53.345Z</time>
      </trkpt>
      <trkpt lat="52.528917" lon="5.913357">
        <ele>-0.196574</ele>
        <time>2026-10-06T17:15:05.170Z</time>
      </trkpt>
      <trkpt lat="52.528797" lon="5.913509">
        <ele>-0.238183</ele>
        <time>2026-10-06T17:15:07.997Z</time>
      </trkpt>
      <trkpt lat="52.528477" lon="5.913767">
        <ele>-0.341378</ele>
        <time>2026-10-06T17:15:14.626Z</time>
      </trkpt>
      <trkpt lat="52.528393" lon="5.913800">
        <ele>-0.370682</ele>
        <time>2026-10-06T17:15:16.219Z</time>
      </trkpt>
      <trkpt lat="52.528169" lon="5.913775">
        <ele>-0.446862</ele>
        <time>2026-10-06T17:15:20.371Z</time>
      </trkpt>
      <trkpt lat="52.527966" lon="5.913597">
        <ele>-0.524928</ele>
        <time>2026-10-06T17:15:24.606Z</time>
      </trkpt>
      <trkpt lat="52.527511" lon="5.912802">
        <ele>-0.750241</ele>
        <time>2026-10-06T17:15:37.046Z</time>
      </trkpt>
      <trkpt lat="52.527392" lon="5.912515">
        <ele>-0.821937</ele>
        <time>2026-10-06T17:15:41.139Z</time>
      </trkpt>
      <trkpt lat="52.527281" lon="5.912144">
        <ele>-0.907281</ele>
        <time>2026-10-06T17:15:46.104Z</time>
      </trkpt>
      <trkpt lat="52.527157" lon="5.911466">
        <ele>-0.795429</ele>
        <time>2026-10-06T17:15:54.949Z</time>
      </trkpt>
      <trkpt lat="52.527133" lon="5.911050">
        <ele>-0.709946</ele>
        <time>2026-10-06T17:16:00.363Z</time>
      </trkpt>
      <trkpt lat="52.527140" lon="5.910661">
        <ele>-0.630333</ele>
        <time>2026-10-06T17:16:05.507Z</time>
      </trkpt>
      <trkpt lat="52.527322" lon="5.908149">
        <ele>-0.145394</ele>
        <time>2026-10-06T17:16:39.906Z</time>
      </trkpt>
      <trkpt lat="52.527341" lon="5.907885">
        <ele>-0.099601</ele>
        <time>2026-10-06T17:16:43.402Z</time>
      </trkpt>
      <trkpt lat="52.527299" lon="5.907864">
        <ele>-0.087171</ele>
        <time>2026-10-06T17:16:44.098Z</time>
      </trkpt>
      <trkpt lat="52.524286" lon="5.905828">
        <ele>0.422888</ele>
        <time>2026-10-06T17:17:33.502Z</time>
      </trkpt>
      <trkpt lat="52.524178" lon="5.905751">
        <ele>0.438307</ele>
        <time>2026-10-06T17:17:35.423Z</time>
      </trkpt>
      <trkpt lat="52.523623" lon="5.905476">
        <ele>0.514232</ele>
        <time>2026-10-06T17:17:44.853Z</time>
      </trkpt>
      <trkpt lat="52.523322" lon="5.905247">
        <ele>0.557676</ele>
        <time>2026-10-06T17:17:49.939Z</time>
      </trkpt>
      <trkpt lat="52.523228" lon="5.905134">
        <ele>0.572929</ele>
        <time>2026-10-06T17:17:51.659Z</time>
      </trkpt>
      <trkpt lat="52.523212" lon="5.905036">
        <ele>0.581016</ele>
        <time>2026-10-06T17:17:52.556Z</time>
      </trkpt>
      <trkpt lat="52.523085" lon="5.905028">
        <ele>0.591636</ele>
        <time>2026-10-06T17:17:54.463Z</time>
      </trkpt>
      <trkpt lat="52.522722" lon="5.904651">
        <ele>0.476254</ele>
        <time>2026-10-06T17:18:00.574Z</time>
      </trkpt>
      <trkpt lat="52.522381" lon="5.904137">
        <ele>0.351925</ele>
        <time>2026-10-06T17:18:06.732Z</time>
      </trkpt>
      <trkpt lat="52.521127" lon="5.901880">
        <ele>-0.075812</ele>
        <time>2026-10-06T17:18:32.245Z</time>
      </trkpt>
      <trkpt lat="52.519667" lon="5.899155">
        <ele>-0.285232</ele>
        <time>2026-10-06T17:19:04.630Z</time>
      </trkpt>
      <trkpt lat="52.519504" lon="5.898824">
        <ele>-0.294254</ele>
        <time>2026-10-06T17:19:08.636Z</time>
      </trkpt>
      <trkpt lat="52.519110" lon="5.897860">
        <ele>-0.398469</ele>
        <time>2026-10-06T17:19:19.271Z</time>
      </trkpt>
      <trkpt lat="52.519018" lon="5.897621">
        <ele>-0.429555</ele>
        <time>2026-10-06T17:19:21.817Z</time>
      </trkpt>
      <trkpt lat="52.518105" lon="5.895331">
        <ele>-0.776578</ele>
        <time>2026-10-06T17:19:44.765Z</time>
      </trkpt>
      <trkpt lat="52.517263" lon="5.893777">
        <ele>-1.086916</ele>
        <time>2026-10-06T17:20:02.221Z</time>
      </trkpt>
      <trkpt lat="52.515884" lon="5.891276">
        <ele>-0.918227</ele>
        <time>2026-10-06T17:20:33.567Z</time>
      </trkpt>
      <trkpt lat="52.515470" lon="5.890590">
        <ele>-0.871597</ele>
        <time>2026-10-06T17:20:42.778Z</time>
      </trkpt>
      <trkpt lat="52.514784" lon="5.889873">
        <ele>-0.807116</ele>
        <time>2026-10-06T17:20:54.688Z</time>
      </trkpt>
      <trkpt lat="52.514646" lon="5.889733">
        <ele>-0.804485</ele>
        <time>2026-10-06T17:20:57.105Z</time>
      </trkpt>
      <trkpt lat="52.514576" lon="5.889655">
        <ele>-0.809719</ele>
        <time>2026-10-06T17:20:58.371Z</time>
      </trkpt>
      <trkpt lat="52.514446" lon="5.889563">
        <ele>-0.818479</ele>
        <time>2026-10-06T17:21:00.514Z</time>
      </trkpt>
      <trkpt lat="52.513949" lon="5.888979">
        <ele>-0.856295</ele>
        <time>2026-10-06T17:21:09.490Z</time>
      </trkpt>
      <trkpt lat="52.513811" lon="5.888687">
        <ele>-0.870220</ele>
        <time>2026-10-06T17:21:12.696Z</time>
      </trkpt>
      <trkpt lat="52.512080" lon="5.883231">
        <ele>-0.828577</ele>
        <time>2026-10-06T17:22:07.804Z</time>
      </trkpt>
      <trkpt lat="52.510652" lon="5.878962">
        <ele>0.081305</ele>
        <time>2026-10-06T17:22:56.410Z</time>
      </trkpt>
      <trkpt lat="52.510794" lon="5.878870">
        <ele>0.116631</ele>
        <time>2026-10-06T17:22:58.839Z</time>
      </trkpt>
      <trkpt lat="52.511080" lon="5.878710">
        <ele>0.186553</ele>
        <time>2026-10-06T17:23:03.586Z</time>
      </trkpt>
      <trkpt lat="52.511603" lon="5.878259">
        <ele>0.323250</ele>
        <time>2026-10-06T17:23:12.592Z</time>
      </trkpt>
      <trkpt lat="52.512608" lon="5.877550">
        <ele>0.455697</ele>
        <time>2026-10-06T17:23:29.387Z</time>
      </trkpt>
      <trkpt lat="52.512860" lon="5.877420">
        <ele>0.484621</ele>
        <time>2026-10-06T17:23:33.488Z</time>
      </trkpt>
      <trkpt lat="52.513095" lon="5.877466">
        <ele>0.510537</ele>
        <time>2026-10-06T17:23:37.072Z</time>
      </trkpt>
      <trkpt lat="52.513599" lon="5.877749">
        <ele>0.540832</ele>
        <time>2026-10-06T17:23:44.946Z</time>
      </trkpt>
      <trkpt lat="52.513669" lon="5.877743">
        <ele>0.539756</ele>
        <time>2026-10-06T17:23:46.001Z</time>
      </trkpt>
      <trkpt lat="52.513810" lon="5.877600">
        <ele>0.537211</ele>
        <time>2026-10-06T17:23:48.421Z</time>
      </trkpt>
      <trkpt lat="52.513911" lon="5.877447">
        <ele>0.535102</ele>
        <time>2026-10-06T17:23:50.401Z</time>
      </trkpt>
      <trkpt lat="52.514012" lon="5.877165">
        <ele>0.532045</ele>
        <time>2026-10-06T17:23:53.226Z</time>
      </trkpt>
      <trkpt lat="52.513992" lon="5.876793">
        <ele>0.528555</ele>
        <time>2026-10-06T17:23:56.519Z</time>
      </trkpt>
      <trkpt lat="52.513913" lon="5.876268">
        <ele>0.523502</ele>
        <time>2026-10-06T17:24:01.576Z</time>
      </trkpt>
      <trkpt lat="52.513753" lon="5.875364">
        <ele>0.518807</ele>
        <time>2026-10-06T17:24:10.064Z</time>
      </trkpt>
      <trkpt lat="52.513737" lon="5.874652">
        <ele>0.526103</ele>
        <time>2026-10-06T17:24:16.594Z</time>
      </trkpt>
      <trkpt lat="52.513714" lon="5.874531">
        <ele>0.527401</ele>
        <time>2026-10-06T17:24:17.766Z</time>
      </trkpt>
      <trkpt lat="52.513520" lon="5.874120">
        <ele>0.532727</ele>
        <time>2026-10-06T17:24:22.513Z</time>
      </trkpt>
      <trkpt lat="52.513394" lon="5.873385">
        <ele>0.540547</ele>
        <time>2026-10-06T17:24:29.613Z</time>
      </trkpt>
      <trkpt lat="52.513019" lon="5.872517">
        <ele>0.523775</ele>
        <time>2026-10-06T17:24:38.771Z</time>
      </trkpt>
      <trkpt lat="52.512464" lon="5.870946">
        <ele>0.428497</ele>
        <time>2026-10-06T17:24:55.129Z</time>
      </trkpt>
      <trkpt lat="52.512133" lon="5.870094">
        <ele>0.316952</ele>
        <time>2026-10-06T17:25:03.945Z</time>
      </trkpt>
      <trkpt lat="52.511897" lon="5.869268">
        <ele>0.098609</ele>
        <time>2026-10-06T17:25:11.466Z</time>
      </trkpt>
      <trkpt lat="52.511753" lon="5.869095">
        <ele>0.028474</ele>
        <time>2026-10-06T17:25:13.867Z</time>
      </trkpt>
      <trkpt lat="52.511428" lon="5.868978">
        <ele>-0.102337</ele>
        <time>2026-10-06T17:25:18.277Z</time>
      </trkpt>
      <trkpt lat="52.511274" lon="5.868804">
        <ele>-0.175819</ele>
        <time>2026-10-06T17:25:20.730Z</time>
      </trkpt>
      <trkpt lat="52.511227" lon="5.868577">
        <ele>-0.233194</ele>
        <time>2026-10-06T17:25:23.427Z</time>
      </trkpt>
      <trkpt lat="52.510859" lon="5.867742">
        <ele>-0.408275</ele>
        <time>2026-10-06T17:25:35.015Z</time>
      </trkpt>
      <trkpt lat="52.509907" lon="5.865915">
        <ele>-0.689442</ele>
        <time>2026-10-06T17:26:03.591Z</time>
      </trkpt>
      <trkpt lat="52.509542" lon="5.865447">
        <ele>-0.549341</ele>
        <time>2026-10-06T17:26:13.498Z</time>
      </trkpt>
      <trkpt lat="52.508396" lon="5.864455">
        <ele>-0.172212</ele>
        <time>2026-10-06T17:26:42.138Z</time>
      </trkpt>
      <trkpt lat="52.508268" lon="5.864405">
        <ele>-0.177243</ele>
        <time>2026-10-06T17:26:44.924Z</time>
      </trkpt>
      <trkpt lat="52.507411" lon="5.864478">
        <ele>-0.210061</ele>
        <time>2026-10-06T17:27:02.285Z</time>
      </trkpt>
      <trkpt lat="52.506536" lon="5.864190">
        <ele>-0.269305</ele>
        <time>2026-10-06T17:27:19.446Z</time>
      </trkpt>
      <trkpt lat="52.502556" lon="5.862348">
        <ele>-1.206766</ele>
        <time>2026-10-06T17:28:39.797Z</time>
      </trkpt>
      <trkpt lat="52.500953" lon="5.861473">
        <ele>-1.513259</ele>
        <time>2026-10-06T17:29:12.298Z</time>
      </trkpt>
      <trkpt lat="52.500785" lon="5.861392">
        <ele>-1.528592</ele>
        <time>2026-10-06T17:29:15.777Z</time>
      </trkpt>
      <trkpt lat="52.500607" lon="5.861229">
        <ele>-1.546439</ele>
        <time>2026-10-06T17:29:19.849Z</time>
      </trkpt>
      <trkpt lat="52.499996" lon="5.860562">
        <ele>-1.610687</ele>
        <time>2026-10-06T17:29:34.841Z</time>
      </trkpt>
      <trkpt lat="52.499641" lon="5.860041">
        <ele>-1.624592</ele>
        <time>2026-10-06T17:29:44.619Z</time>
      </trkpt>
      <trkpt lat="52.498537" lon="5.858794">
        <ele>-1.634037</ele>
        <time>2026-10-06T17:30:11.487Z</time>
      </trkpt>
      <trkpt lat="52.497887" lon="5.858117">
        <ele>-1.639144</ele>
        <time>2026-10-06T17:30:26.711Z</time>
      </trkpt>
      <trkpt lat="52.497747" lon="5.857971">
        <ele>-1.640232</ele>
        <time>2026-10-06T17:30:29.999Z</time>
      </trkpt>
      <trkpt lat="52.496266" lon="5.856190">
        <ele>-1.460817</ele>
        <time>2026-10-06T17:31:07.489Z</time>
      </trkpt>
      <trkpt lat="52.495779" lon="5.855647">
        <ele>-1.333419</ele>
        <time>2026-10-06T17:31:20.407Z</time>
      </trkpt>
      <trkpt lat="52.495578" lon="5.855299">
        <ele>-1.270209</ele>
        <time>2026-10-06T17:31:25.288Z</time>
      </trkpt>
      <trkpt lat="52.495495" lon="5.855045">
        <ele>-1.245834</ele>
        <time>2026-10-06T17:31:28.152Z</time>
      </trkpt>
      <trkpt lat="52.495323" lon="5.853930">
        <ele>-1.176392</ele>
        <time>2026-10-06T17:31:39.216Z</time>
      </trkpt>
      <trkpt lat="52.495274" lon="5.853734">
        <ele>-1.163600</ele>
        <time>2026-10-06T17:31:41.156Z</time>
      </trkpt>
      <trkpt lat="52.495184" lon="5.853574">
        <ele>-1.150448</ele>
        <time>2026-10-06T17:31:43.080Z</time>
      </trkpt>
      <trkpt lat="52.495088" lon="5.853466">
        <ele>-1.138910</ele>
        <time>2026-10-06T17:31:44.721Z</time>
      </trkpt>
      <trkpt lat="52.494133" lon="5.852880">
        <ele>-0.925237</ele>
        <time>2026-10-06T17:31:59.350Z</time>
      </trkpt>
      <trkpt lat="52.493544" lon="5.852562">
        <ele>-0.695631</ele>
        <time>2026-10-06T17:32:09.452Z</time>
      </trkpt>
      <trkpt lat="52.493345" lon="5.852489">
        <ele>-0.620120</ele>
        <time>2026-10-06T17:32:13.033Z</time>
      </trkpt>
      <trkpt lat="52.492737" lon="5.852423">
        <ele>-0.402097</ele>
        <time>2026-10-06T17:32:24.180Z</time>
      </trkpt>
      <trkpt lat="52.491514" lon="5.852512">
        <ele>-0.136382</ele>
        <time>2026-10-06T17:32:44.131Z</time>
      </trkpt>
      <trkpt lat="52.491242" lon="5.852516">
        <ele>-0.077341</ele>
        <time>2026-10-06T17:32:47.945Z</time>
      </trkpt>
      <trkpt lat="52.490883" lon="5.852578">
        <ele>-0.054394</ele>
        <time>2026-10-06T17:32:52.871Z</time>
      </trkpt>
      <trkpt lat="52.490052" lon="5.852217">
        <ele>-0.307523</ele>
        <time>2026-10-06T17:33:08.846Z</time>
      </trkpt>
      <trkpt lat="52.489591" lon="5.851956">
        <ele>-0.451120</ele>
        <time>2026-10-06T17:33:18.292Z</time>
      </trkpt>
      <trkpt lat="52.488880" lon="5.852028">
        <ele>-0.652973</ele>
        <time>2026-10-06T17:33:32.430Z</time>
      </trkpt>
      <trkpt lat="52.488135" lon="5.851905">
        <ele>-0.857405</ele>
        <time>2026-10-06T17:33:46.912Z</time>
      </trkpt>
      <trkpt lat="52.487594" lon="5.851638">
        <ele>-1.011640</ele>
        <time>2026-10-06T17:33:57.508Z</time>
      </trkpt>
      <trkpt lat="52.486896" lon="5.851364">
        <ele>-1.016134</ele>
        <time>2026-10-06T17:34:11.204Z</time>
      </trkpt>
      <trkpt lat="52.484475" lon="5.850480">
        <ele>-0.676068</ele>
        <time>2026-10-06T17:35:03.959Z</time>
      </trkpt>
      <trkpt lat="52.483489" lon="5.850075">
        <ele>-0.529687</ele>
        <time>2026-10-06T17:35:25.111Z</time>
      </trkpt>
      <trkpt lat="52.482836" lon="5.849833">
        <ele>-0.487616</ele>
        <time>2026-10-06T17:35:38.670Z</time>
      </trkpt>
      <trkpt lat="52.481572" lon="5.849364">
        <ele>-0.345985</ele>
        <time>2026-10-06T17:36:05.027Z</time>
      </trkpt>
      <trkpt lat="52.481083" lon="5.849167">
        <ele>-0.268958</ele>
        <time>2026-10-06T17:36:15.771Z</time>
      </trkpt>
      <trkpt lat="52.480425" lon="5.848798">
        <ele>-0.170370</ele>
        <time>2026-10-06T17:36:30.361Z</time>
      </trkpt>
      <trkpt lat="52.480203" lon="5.848736">
        <ele>-0.161717</ele>
        <time>2026-10-06T17:36:35.034Z</time>
      </trkpt>
      <trkpt lat="52.479819" lon="5.848816">
        <ele>-0.146842</ele>
        <time>2026-10-06T17:36:42.898Z</time>
      </trkpt>
      <trkpt lat="52.479468" lon="5.848796">
        <ele>-0.133347</ele>
        <time>2026-10-06T17:36:49.911Z</time>
      </trkpt>
      <trkpt lat="52.478881" lon="5.848699">
        <ele>-0.110676</ele>
        <time>2026-10-06T17:37:01.785Z</time>
      </trkpt>
      <trkpt lat="52.478680" lon="5.848575">
        <ele>-0.105934</ele>
        <time>2026-10-06T17:37:06.113Z</time>
      </trkpt>
      <trkpt lat="52.478494" lon="5.848375">
        <ele>-0.118209</ele>
        <time>2026-10-06T17:37:10.607Z</time>
      </trkpt>
      <trkpt lat="52.478290" lon="5.848251">
        <ele>-0.130218</ele>
        <time>2026-10-06T17:37:15.048Z</time>
      </trkpt>
      <trkpt lat="52.475747" lon="5.847746">
        <ele>-0.435496</ele>
        <time>2026-10-06T17:38:06.195Z</time>
      </trkpt>
      <trkpt lat="52.475461" lon="5.847678">
        <ele>-0.489631</ele>
        <time>2026-10-06T17:38:11.596Z</time>
      </trkpt>
      <trkpt lat="52.475087" lon="5.847520">
        <ele>-0.557510</ele>
        <time>2026-10-06T17:38:18.836Z</time>
      </trkpt>
      <trkpt lat="52.474821" lon="5.847587">
        <ele>-0.597632</ele>
        <time>2026-10-06T17:38:23.931Z</time>
      </trkpt>
      <trkpt lat="52.474756" lon="5.847483">
        <ele>-0.611164</ele>
        <time>2026-10-06T17:38:25.642Z</time>
      </trkpt>
      <trkpt lat="52.474677" lon="5.847256">
        <ele>-0.634905</ele>
        <time>2026-10-06T17:38:28.661Z</time>
      </trkpt>
      <trkpt lat="52.474382" lon="5.847051">
        <ele>-0.682664</ele>
        <time>2026-10-06T17:38:34.790Z</time>
      </trkpt>
      <trkpt lat="52.470984" lon="5.844696">
        <ele>-0.500822</ele>
        <time>2026-10-06T17:39:50.848Z</time>
      </trkpt>
      <trkpt lat="52.470242" lon="5.844415">
        <ele>-0.419164</ele>
        <time>2026-10-06T17:40:06.470Z</time>
      </trkpt>
      <trkpt lat="52.470194" lon="5.844445">
        <ele>-0.415279</ele>
        <time>2026-10-06T17:40:07.509Z</time>
      </trkpt>
      <trkpt lat="52.470170" lon="5.844501">
        <ele>-0.412125</ele>
        <time>2026-10-06T17:40:08.386Z</time>
      </trkpt>
      <trkpt lat="52.465104" lon="5.840806">
        <ele>0.030375</ele>
        <time>2026-10-06T17:41:32.473Z</time>
      </trkpt>
      <trkpt lat="52.458196" lon="5.835773">
        <ele>1.095524</ele>
        <time>2026-10-06T17:43:29.085Z</time>
      </trkpt>
      <trkpt lat="52.458059" lon="5.835739">
        <ele>1.094770</ele>
        <time>2026-10-06T17:43:31.225Z</time>
      </trkpt>
      <trkpt lat="52.457720" lon="5.835775">
        <ele>1.092920</ele>
        <time>2026-10-06T17:43:36.375Z</time>
      </trkpt>
      <trkpt lat="52.457612" lon="5.835794">
        <ele>1.092329</ele>
        <time>2026-10-06T17:43:38.019Z</time>
      </trkpt>
      <trkpt lat="52.457571" lon="5.835802">
        <ele>1.092104</ele>
        <time>2026-10-06T17:43:38.621Z</time>
      </trkpt>
      <trkpt lat="52.457487" lon="5.835816">
        <ele>1.091645</ele>
        <time>2026-10-06T17:43:39.901Z</time>
      </trkpt>
      <trkpt lat="52.457411" lon="5.835828">
        <ele>1.091229</ele>
        <time>2026-10-06T17:43:41.023Z</time>
      </trkpt>
      <trkpt lat="52.454471" lon="5.835887">
        <ele>0.778114</ele>
        <time>2026-10-06T17:44:22.141Z</time>
      </trkpt>
      <trkpt lat="52.454488" lon="5.835357">
        <ele>0.820098</ele>
        <time>2026-10-06T17:44:27.053Z</time>
      </trkpt>
      <trkpt lat="52.454590" lon="5.834900">
        <ele>0.858598</ele>
        <time>2026-10-06T17:44:31.733Z</time>
      </trkpt>
      <trkpt lat="52.454420" lon="5.834800">
        <ele>0.882040</ele>
        <time>2026-10-06T17:44:34.696Z</time>
      </trkpt>
      <trkpt lat="52.453420" lon="5.833750">
        <ele>1.422274</ele>
        <time>2026-10-06T17:44:55.405Z</time>
      </trkpt>
      <trkpt lat="52.452940" lon="5.833180">
        <ele>1.743755</ele>
        <time>2026-10-06T17:45:05.543Z</time>
      </trkpt>
      <trkpt lat="52.452487" lon="5.832571">
        <ele>1.908466</ele>
        <time>2026-10-06T17:45:15.265Z</time>
      </trkpt>
      <trkpt lat="52.452393" lon="5.832427">
        <ele>1.915749</ele>
        <time>2026-10-06T17:45:17.264Z</time>
      </trkpt>
      <trkpt lat="52.452338" lon="5.832265">
        <ele>1.922149</ele>
        <time>2026-10-06T17:45:18.987Z</time>
      </trkpt>
      <trkpt lat="52.452103" lon="5.832173">
        <ele>1.935831</ele>
        <time>2026-10-06T17:45:22.637Z</time>
      </trkpt>
      <trkpt lat="52.451980" lon="5.832205">
        <ele>1.942884</ele>
        <time>2026-10-06T17:45:24.483Z</time>
      </trkpt>
      <trkpt lat="52.451912" lon="5.831991">
        <ele>1.951214</ele>
        <time>2026-10-06T17:45:26.588Z</time>
      </trkpt>
      <trkpt lat="52.451860" lon="5.831902">
        <ele>1.955470</ele>
        <time>2026-10-06T17:45:27.615Z</time>
      </trkpt>
      <trkpt lat="52.451311" lon="5.831493">
        <ele>1.989616</ele>
        <time>2026-10-06T17:45:36.141Z</time>
      </trkpt>
      <trkpt lat="52.451222" lon="5.831349">
        <ele>1.995161</ele>
        <time>2026-10-06T17:45:37.940Z</time>
      </trkpt>
      <trkpt lat="52.451130" lon="5.831365">
        <ele>1.998486</ele>
        <time>2026-10-06T17:45:39.261Z</time>
      </trkpt>
      <trkpt lat="52.450836" lon="5.831188">
        <ele>2.009743</ele>
        <time>2026-10-06T17:45:43.782Z</time>
      </trkpt>
      <trkpt lat="52.449990" lon="5.830646">
        <ele>2.042390</ele>
        <time>2026-10-06T17:45:57.453Z</time>
      </trkpt>
      <trkpt lat="52.449971" lon="5.830636">
        <ele>2.043107</ele>
        <time>2026-10-06T17:45:57.756Z</time>
      </trkpt>
      <trkpt lat="52.449952" lon="5.830631">
        <ele>2.043799</ele>
        <time>2026-10-06T17:45:58.065Z</time>
      </trkpt>
      <trkpt lat="52.449878" lon="5.830624">
        <ele>2.046464</ele>
        <time>2026-10-06T17:45:59.267Z</time>
      </trkpt>
      <trkpt lat="52.449844" lon="5.830615">
        <ele>2.047702</ele>
        <time>2026-10-06T17:45:59.790Z</time>
      </trkpt>
      <trkpt lat="52.449829" lon="5.830607">
        <ele>2.048269</ele>
        <time>2026-10-06T17:46:00.034Z</time>
      </trkpt>
      <trkpt lat="52.449813" lon="5.830590">
        <ele>2.048954</ele>
        <time>2026-10-06T17:46:00.339Z</time>
      </trkpt>
      <trkpt lat="52.449722" lon="5.830407">
        <ele>2.054128</ele>
        <time>2026-10-06T17:46:02.681Z</time>
      </trkpt>
      <trkpt lat="52.449665" lon="5.830288">
        <ele>2.056467</ele>
        <time>2026-10-06T17:46:04.191Z</time>
      </trkpt>
      <trkpt lat="52.449658" lon="5.830256">
        <ele>2.054738</ele>
        <time>2026-10-06T17:46:04.527Z</time>
      </trkpt>
      <trkpt lat="52.449653" lon="5.830219">
        <ele>2.052811</ele>
        <time>2026-10-06T17:46:04.907Z</time>
      </trkpt>
      <trkpt lat="52.449651" lon="5.830167">
        <ele>2.050161</ele>
        <time>2026-10-06T17:46:05.416Z</time>
      </trkpt>
      <trkpt lat="52.449655" lon="5.830115">
        <ele>2.047496</ele>
        <time>2026-10-06T17:46:05.907Z</time>
      </trkpt>
      <trkpt lat="52.449663" lon="5.830073">
        <ele>2.045259</ele>
        <time>2026-10-06T17:46:06.336Z</time>
      </trkpt>
      <trkpt lat="52.449677" lon="5.830034">
        <ele>2.042957</ele>
        <time>2026-10-06T17:46:06.780Z</time>
      </trkpt>
      <trkpt lat="52.449724" lon="5.829910">
        <ele>2.035531</ele>
        <time>2026-10-06T17:46:08.150Z</time>
      </trkpt>
      <trkpt lat="52.449773" lon="5.829780">
        <ele>2.027759</ele>
        <time>2026-10-06T17:46:09.562Z</time>
      </trkpt>
      <trkpt lat="52.449854" lon="5.829610">
        <ele>2.016786</ele>
        <time>2026-10-06T17:46:11.495Z</time>
      </trkpt>
      <trkpt lat="52.449927" lon="5.829526">
        <ele>2.009346</ele>
        <time>2026-10-06T17:46:12.752Z</time>
      </trkpt>
      <trkpt lat="52.450008" lon="5.829482">
        <ele>2.002227</ele>
        <time>2026-10-06T17:46:13.946Z</time>
      </trkpt>
      <trkpt lat="52.450094" lon="5.829461">
        <ele>1.994973</ele>
        <time>2026-10-06T17:46:15.130Z</time>
      </trkpt>
      <trkpt lat="52.450165" lon="5.829458">
        <ele>1.989047</ele>
        <time>2026-10-06T17:46:16.077Z</time>
      </trkpt>
      <trkpt lat="52.450205" lon="5.829458">
        <ele>1.985709</ele>
        <time>2026-10-06T17:46:16.608Z</time>
      </trkpt>
      <trkpt lat="52.450285" lon="5.829454">
        <ele>1.979031</ele>
        <time>2026-10-06T17:46:17.658Z</time>
      </trkpt>
      <trkpt lat="52.450311" lon="5.829385">
        <ele>1.974906</ele>
        <time>2026-10-06T17:46:18.330Z</time>
      </trkpt>
      <trkpt lat="52.450357" lon="5.829274">
        <ele>1.968080</ele>
        <time>2026-10-06T17:46:19.436Z</time>
      </trkpt>
      <trkpt lat="52.450289" lon="5.829231">
        <ele>1.962000</ele>
        <time>2026-10-06T17:46:20.444Z</time>
      </trkpt>
      <trkpt lat="52.449912" lon="5.828586">
        <ele>1.916555</ele>
        <time>2026-10-06T17:46:28.387Z</time>
      </trkpt>
      <trkpt lat="52.449758" lon="5.828366">
        <ele>1.914835</ele>
        <time>2026-10-06T17:46:31.427Z</time>
      </trkpt>
      <trkpt lat="52.449912" lon="5.828586">
        <ele>1.932323</ele>
        <time>2026-10-06T17:46:34.522Z</time>
      </trkpt>
      <trkpt lat="52.450289" lon="5.829231">
        <ele>1.978971</ele>
        <time>2026-10-06T17:46:42.763Z</time>
      </trkpt>
      <trkpt lat="52.450357" lon="5.829274">
        <ele>1.985212</ele>
        <time>2026-10-06T17:46:43.849Z</time>
      </trkpt>
      <trkpt lat="52.450311" lon="5.829385">
        <ele>1.992218</ele>
        <time>2026-10-06T17:46:45.107Z</time>
      </trkpt>
      <trkpt lat="52.450358" lon="5.829453">
        <ele>1.997585</ele>
        <time>2026-10-06T17:46:46.375Z</time>
      </trkpt>
      <trkpt lat="52.450400" lon="5.829414">
        <ele>2.001718</ele>
        <time>2026-10-06T17:46:47.405Z</time>
      </trkpt>
      <trkpt lat="52.450634" lon="5.828919">
        <ele>2.034416</ele>
        <time>2026-10-06T17:46:55.725Z</time>
      </trkpt>
      <trkpt lat="52.451038" lon="5.828338">
        <ele>2.015893</ele>
        <time>2026-10-06T17:47:06.670Z</time>
      </trkpt>
      <trkpt lat="52.451157" lon="5.828293">
        <ele>1.991389</ele>
        <time>2026-10-06T17:47:09.048Z</time>
      </trkpt>
      <trkpt lat="52.451211" lon="5.828210">
        <ele>1.976543</ele>
        <time>2026-10-06T17:47:10.495Z</time>
      </trkpt>
      <trkpt lat="52.451106" lon="5.828000">
        <ele>1.943325</ele>
        <time>2026-10-06T17:47:13.720Z</time>
      </trkpt>
      <trkpt lat="52.451016" lon="5.827853">
        <ele>1.917844</ele>
        <time>2026-10-06T17:47:15.470Z</time>
      </trkpt>
      <trkpt lat="52.450986" lon="5.827671">
        <ele>1.894788</ele>
        <time>2026-10-06T17:47:17.024Z</time>
      </trkpt>
      <trkpt lat="52.450938" lon="5.827572">
        <ele>1.879318</ele>
        <time>2026-10-06T17:47:18.071Z</time>
      </trkpt>
      <trkpt lat="52.450713" lon="5.827520">
        <ele>1.833724</ele>
        <time>2026-10-06T17:47:21.170Z</time>
      </trkpt>
      <trkpt lat="52.450328" lon="5.827389">
        <ele>1.754828</ele>
        <time>2026-10-06T17:47:26.694Z</time>
      </trkpt>
      <trkpt lat="52.450020" lon="5.827225">
        <ele>1.680746</ele>
        <time>2026-10-06T17:47:31.183Z</time>
      </trkpt>
      <trkpt lat="52.448518" lon="5.826258">
        <ele>1.072352</ele>
        <time>2026-10-06T17:47:53.083Z</time>
      </trkpt>
      <trkpt lat="52.447518" lon="5.825635">
        <ele>0.732179</ele>
        <time>2026-10-06T17:48:07.467Z</time>
      </trkpt>
      <trkpt lat="52.447197" lon="5.825476">
        <ele>0.628368</ele>
        <time>2026-10-06T17:48:12.030Z</time>
      </trkpt>
      <trkpt lat="52.446659" lon="5.825294">
        <ele>0.467248</ele>
        <time>2026-10-06T17:48:19.753Z</time>
      </trkpt>
      <trkpt lat="52.446439" lon="5.825265">
        <ele>0.488211</ele>
        <time>2026-10-06T17:48:22.993Z</time>
      </trkpt>
      <trkpt lat="52.445760" lon="5.825257">
        <ele>0.552707</ele>
        <time>2026-10-06T17:48:33.359Z</time>
      </trkpt>
      <trkpt lat="52.445427" lon="5.825334">
        <ele>0.584649</ele>
        <time>2026-10-06T17:48:38.587Z</time>
      </trkpt>
      <trkpt lat="52.444938" lon="5.825493">
        <ele>0.631999</ele>
        <time>2026-10-06T17:48:46.352Z</time>
      </trkpt>
      <trkpt lat="52.444274" lon="5.825820">
        <ele>0.811179</ele>
        <time>2026-10-06T17:48:57.239Z</time>
      </trkpt>
      <trkpt lat="52.443830" lon="5.826039">
        <ele>0.935895</ele>
        <time>2026-10-06T17:49:04.593Z</time>
      </trkpt>
      <trkpt lat="52.441740" lon="5.827116">
        <ele>1.462670</ele>
        <time>2026-10-06T17:49:39.914Z</time>
      </trkpt>
      <trkpt lat="52.441193" lon="5.827461">
        <ele>1.477535</ele>
        <time>2026-10-06T17:49:48.375Z</time>
      </trkpt>
      <trkpt lat="52.440919" lon="5.827705">
        <ele>1.422980</ele>
        <time>2026-10-06T17:49:52.692Z</time>
      </trkpt>
      <trkpt lat="52.440886" lon="5.827530">
        <ele>1.403441</ele>
        <time>2026-10-06T17:49:54.241Z</time>
      </trkpt>
      <trkpt lat="52.440837" lon="5.827201">
        <ele>1.367315</ele>
        <time>2026-10-06T17:49:57.085Z</time>
      </trkpt>
      <trkpt lat="52.440765" lon="5.826557">
        <ele>1.297475</ele>
        <time>2026-10-06T17:50:02.659Z</time>
      </trkpt>
      <trkpt lat="52.440753" lon="5.826226">
        <ele>1.262106</ele>
        <time>2026-10-06T17:50:05.505Z</time>
      </trkpt>
      <trkpt lat="52.440780" lon="5.825488">
        <ele>1.168081</ele>
        <time>2026-10-06T17:50:11.944Z</time>
      </trkpt>
      <trkpt lat="52.440770" lon="5.824735">
        <ele>1.048520</ele>
        <time>2026-10-06T17:50:18.552Z</time>
      </trkpt>
      <trkpt lat="52.440726" lon="5.823903">
        <ele>0.915950</ele>
        <time>2026-10-06T17:50:25.866Z</time>
      </trkpt>
      <trkpt lat="52.440585" lon="5.823238">
        <ele>0.804182</ele>
        <time>2026-10-06T17:50:31.799Z</time>
      </trkpt>
      <trkpt lat="52.440571" lon="5.823088">
        <ele>0.780093</ele>
        <time>2026-10-06T17:50:33.037Z</time>
      </trkpt>
      <trkpt lat="52.440582" lon="5.822822">
        <ele>0.727581</ele>
        <time>2026-10-06T17:50:35.183Z</time>
      </trkpt>
      <trkpt lat="52.440704" lon="5.822197">
        <ele>0.493050</ele>
        <time>2026-10-06T17:50:40.307Z</time>
      </trkpt>
      <trkpt lat="52.440697" lon="5.822048">
        <ele>0.439643</ele>
        <time>2026-10-06T17:50:41.452Z</time>
      </trkpt>
      <trkpt lat="52.440664" lon="5.821910">
        <ele>0.386667</ele>
        <time>2026-10-06T17:50:42.586Z</time>
      </trkpt>
      <trkpt lat="52.440508" lon="5.821573">
        <ele>0.235442</ele>
        <time>2026-10-06T17:50:45.798Z</time>
      </trkpt>
      <trkpt lat="52.439670" lon="5.820186">
        <ele>-0.330091</ele>
        <time>2026-10-06T17:51:01.452Z</time>
      </trkpt>
      <trkpt lat="52.439552" lon="5.819876">
        <ele>-0.348363</ele>
        <time>2026-10-06T17:51:04.559Z</time>
      </trkpt>
      <trkpt lat="52.439425" lon="5.819386">
        <ele>-0.374983</ele>
        <time>2026-10-06T17:51:09.258Z</time>
      </trkpt>
      <trkpt lat="52.439206" lon="5.818914">
        <ele>-0.404639</ele>
        <time>2026-10-06T17:51:14.687Z</time>
      </trkpt>
      <trkpt lat="52.438090" lon="5.817622">
        <ele>-0.202183</ele>
        <time>2026-10-06T17:51:36.153Z</time>
      </trkpt>
      <trkpt lat="52.436915" lon="5.815959">
        <ele>0.277150</ele>
        <time>2026-10-06T17:52:01.919Z</time>
      </trkpt>
      <trkpt lat="52.436103" lon="5.815115">
        <ele>0.502002</ele>
        <time>2026-10-06T17:52:16.564Z</time>
      </trkpt>
      <trkpt lat="52.435951" lon="5.814914">
        <ele>0.547670</ele>
        <time>2026-10-06T17:52:19.425Z</time>
      </trkpt>
      <trkpt lat="52.435027" lon="5.813331">
        <ele>0.851542</ele>
        <time>2026-10-06T17:52:40.719Z</time>
      </trkpt>
      <trkpt lat="52.434500" lon="5.812539">
        <ele>0.966211</ele>
        <time>2026-10-06T17:52:51.989Z</time>
      </trkpt>
      <trkpt lat="52.434426" lon="5.812422">
        <ele>0.941906</ele>
        <time>2026-10-06T17:52:53.522Z</time>
      </trkpt>
      <trkpt lat="52.434371" lon="5.812327">
        <ele>0.923019</ele>
        <time>2026-10-06T17:52:54.707Z</time>
      </trkpt>
      <trkpt lat="52.434257" lon="5.812117">
        <ele>0.882482</ele>
        <time>2026-10-06T17:52:57.200Z</time>
      </trkpt>
      <trkpt lat="52.434052" lon="5.811717">
        <ele>0.807147</ele>
        <time>2026-10-06T17:53:01.711Z</time>
      </trkpt>
      <trkpt lat="52.433705" lon="5.811158">
        <ele>0.692135</ele>
        <time>2026-10-06T17:53:08.235Z</time>
      </trkpt>
      <trkpt lat="52.432840" lon="5.810040">
        <ele>0.419056</ele>
        <time>2026-10-06T17:53:23.143Z</time>
      </trkpt>
      <trkpt lat="52.432258" lon="5.808977">
        <ele>0.193519</ele>
        <time>2026-10-06T17:53:35.557Z</time>
      </trkpt>
      <trkpt lat="52.432225" lon="5.808906">
        <ele>0.179425</ele>
        <time>2026-10-06T17:53:36.344Z</time>
      </trkpt>
      <trkpt lat="52.431974" lon="5.808236">
        <ele>0.087945</ele>
        <time>2026-10-06T17:53:43.017Z</time>
      </trkpt>
      <trkpt lat="52.431560" lon="5.807854">
        <ele>0.056126</ele>
        <time>2026-10-06T17:53:49.525Z</time>
      </trkpt>
      <trkpt lat="52.431582" lon="5.807751">
        <ele>0.051669</ele>
        <time>2026-10-06T17:53:50.766Z</time>
      </trkpt>
      <trkpt lat="52.431562" lon="5.807612">
        <ele>0.045836</ele>
        <time>2026-10-06T17:53:52.452Z</time>
      </trkpt>
      <trkpt lat="52.431378" lon="5.807413">
        <ele>0.031073</ele>
        <time>2026-10-06T17:53:56.709Z</time>
      </trkpt>
      <trkpt lat="52.430790" lon="5.806576">
        <ele>-0.021079</ele>
        <time>2026-10-06T17:54:12.780Z</time>
      </trkpt>
      <trkpt lat="52.430453" lon="5.806067">
        <ele>0.158585</ele>
        <time>2026-10-06T17:54:22.874Z</time>
      </trkpt>
      <trkpt lat="52.429727" lon="5.804799">
        <ele>0.575435</ele>
        <time>2026-10-06T17:54:46.716Z</time>
      </trkpt>
      <trkpt lat="52.427823" lon="5.802075">
        <ele>0.904174</ele>
        <time>2026-10-06T17:55:38.990Z</time>
      </trkpt>
      <trkpt lat="52.427406" lon="5.801258">
        <ele>0.851903</ele>
        <time>2026-10-06T17:55:52.122Z</time>
      </trkpt>
      <trkpt lat="52.427061" lon="5.800254">
        <ele>0.794716</ele>
        <time>2026-10-06T17:56:05.804Z</time>
      </trkpt>
      <trkpt lat="52.426854" lon="5.798938">
        <ele>0.164390</ele>
        <time>2026-10-06T17:56:21.119Z</time>
      </trkpt>
      <trkpt lat="52.426757" lon="5.798553">
        <ele>-0.028811</ele>
        <time>2026-10-06T17:56:25.743Z</time>
      </trkpt>
      <trkpt lat="52.426622" lon="5.798283">
        <ele>-0.190750</ele>
        <time>2026-10-06T17:56:29.596Z</time>
      </trkpt>
      <trkpt lat="52.426245" lon="5.797668">
        <ele>-0.582665</ele>
        <time>2026-10-06T17:56:38.421Z</time>
      </trkpt>
      <trkpt lat="52.425884" lon="5.796883">
        <ele>-0.785763</ele>
        <time>2026-10-06T17:56:48.442Z</time>
      </trkpt>
      <trkpt lat="52.425661" lon="5.796542">
        <ele>-0.889051</ele>
        <time>2026-10-06T17:56:54.081Z</time>
      </trkpt>
      <trkpt lat="52.425107" lon="5.795851">
        <ele>-1.124834</ele>
        <time>2026-10-06T17:57:08.627Z</time>
      </trkpt>
      <trkpt lat="52.424721" lon="5.795423">
        <ele>-0.979973</ele>
        <time>2026-10-06T17:57:19.573Z</time>
      </trkpt>
      <trkpt lat="52.424511" lon="5.795281">
        <ele>-0.825808</ele>
        <time>2026-10-06T17:57:25.545Z</time>
      </trkpt>
      <trkpt lat="52.424252" lon="5.795173">
        <ele>-0.644435</ele>
        <time>2026-10-06T17:57:32.435Z</time>
      </trkpt>
      <trkpt lat="52.424134" lon="5.795065">
        <ele>-0.552722</ele>
        <time>2026-10-06T17:57:35.888Z</time>
      </trkpt>
      <trkpt lat="52.423734" lon="5.794580">
        <ele>-0.215099</ele>
        <time>2026-10-06T17:57:47.464Z</time>
      </trkpt>
      <trkpt lat="52.423305" lon="5.793900">
        <ele>0.002467</ele>
        <time>2026-10-06T17:57:59.183Z</time>
      </trkpt>
      <trkpt lat="52.422605" lon="5.793122">
        <ele>-0.135659</ele>
        <time>2026-10-06T17:58:15.317Z</time>
      </trkpt>
      <trkpt lat="52.422340" lon="5.792763">
        <ele>-0.191805</ele>
        <time>2026-10-06T17:58:21.950Z</time>
      </trkpt>
      <trkpt lat="52.421090" lon="5.790254">
        <ele>-0.182603</ele>
        <time>2026-10-06T17:59:01.986Z</time>
      </trkpt>
      <trkpt lat="52.421000" lon="5.790094">
        <ele>-0.176557</ele>
        <time>2026-10-06T17:59:04.720Z</time>
      </trkpt>
      <trkpt lat="52.420967" lon="5.790046">
        <ele>-0.174548</ele>
        <time>2026-10-06T17:59:05.630Z</time>
      </trkpt>
      <trkpt lat="52.420687" lon="5.789734">
        <ele>-0.106424</ele>
        <time>2026-10-06T17:59:12.677Z</time>
      </trkpt>
      <trkpt lat="52.420465" lon="5.789409">
        <ele>-0.041573</ele>
        <time>2026-10-06T17:59:18.959Z</time>
      </trkpt>
      <trkpt lat="52.420288" lon="5.789069">
        <ele>0.017834</ele>
        <time>2026-10-06T17:59:24.746Z</time>
      </trkpt>
      <trkpt lat="52.419353" lon="5.786790">
        <ele>0.252468</ele>
        <time>2026-10-06T18:00:00.291Z</time>
      </trkpt>
      <trkpt lat="52.419274" lon="5.786485">
        <ele>0.261488</ele>
        <time>2026-10-06T18:00:04.388Z</time>
      </trkpt>
      <trkpt lat="52.419176" lon="5.786289">
        <ele>0.268387</ele>
        <time>2026-10-06T18:00:07.521Z</time>
      </trkpt>
      <trkpt lat="52.418425" lon="5.785220">
        <ele>0.342351</ele>
        <time>2026-10-06T18:00:26.939Z</time>
      </trkpt>
      <trkpt lat="52.417567" lon="5.784528">
        <ele>0.477737</ele>
        <time>2026-10-06T18:00:46.943Z</time>
      </trkpt>
      <trkpt lat="52.417182" lon="5.784318">
        <ele>0.535187</ele>
        <time>2026-10-06T18:00:55.583Z</time>
      </trkpt>
      <trkpt lat="52.417089" lon="5.784172">
        <ele>0.553417</ele>
        <time>2026-10-06T18:00:58.376Z</time>
      </trkpt>
      <trkpt lat="52.417066" lon="5.784113">
        <ele>0.559241</ele>
        <time>2026-10-06T18:00:59.291Z</time>
      </trkpt>
      <trkpt lat="52.417070" lon="5.783731">
        <ele>0.590923</ele>
        <time>2026-10-06T18:01:04.353Z</time>
      </trkpt>
      <trkpt lat="52.417039" lon="5.783597">
        <ele>0.602808</ele>
        <time>2026-10-06T18:01:06.246Z</time>
      </trkpt>
      <trkpt lat="52.416420" lon="5.782655">
        <ele>0.717638</ele>
        <time>2026-10-06T18:01:24.373Z</time>
      </trkpt>
      <trkpt lat="52.415876" lon="5.781922">
        <ele>0.791391</ele>
        <time>2026-10-06T18:01:38.085Z</time>
      </trkpt>
      <trkpt lat="52.415425" lon="5.781758">
        <ele>0.762080</ele>
        <time>2026-10-06T18:01:47.173Z</time>
      </trkpt>
      <trkpt lat="52.415264" lon="5.781655">
        <ele>0.751114</ele>
        <time>2026-10-06T18:01:50.535Z</time>
      </trkpt>
      <trkpt lat="52.414733" lon="5.781006">
        <ele>0.709091</ele>
        <time>2026-10-06T18:02:03.512Z</time>
      </trkpt>
      <trkpt lat="52.413790" lon="5.779633">
        <ele>0.838692</ele>
        <time>2026-10-06T18:02:29.900Z</time>
      </trkpt>
      <trkpt lat="52.413364" lon="5.778912">
        <ele>0.947387</ele>
        <time>2026-10-06T18:02:42.766Z</time>
      </trkpt>
      <trkpt lat="52.412960" lon="5.778530">
        <ele>1.026280</ele>
        <time>2026-10-06T18:02:52.672Z</time>
      </trkpt>
      <trkpt lat="52.412260" lon="5.778210">
        <ele>1.136372</ele>
        <time>2026-10-06T18:03:08.302Z</time>
      </trkpt>
      <trkpt lat="52.411837" lon="5.777842">
        <ele>1.208918</ele>
        <time>2026-10-06T18:03:17.893Z</time>
      </trkpt>
      <trkpt lat="52.411778" lon="5.777834">
        <ele>1.217887</ele>
        <time>2026-10-06T18:03:19.093Z</time>
      </trkpt>
      <trkpt lat="52.411521" lon="5.777941">
        <ele>1.258057</ele>
        <time>2026-10-06T18:03:24.542Z</time>
      </trkpt>
      <trkpt lat="52.410816" lon="5.778193">
        <ele>1.243332</ele>
        <time>2026-10-06T18:03:39.365Z</time>
      </trkpt>
      <trkpt lat="52.410756" lon="5.777996">
        <ele>1.236040</ele>
        <time>2026-10-06T18:03:42.051Z</time>
      </trkpt>
      <trkpt lat="52.410657" lon="5.777827">
        <ele>1.228280</ele>
        <time>2026-10-06T18:03:44.866Z</time>
      </trkpt>
      <trkpt lat="52.410369" lon="5.777712">
        <ele>1.212187</ele>
        <time>2026-10-06T18:03:50.700Z</time>
      </trkpt>
      <trkpt lat="52.409945" lon="5.777783">
        <ele>1.189049</ele>
        <time>2026-10-06T18:03:59.255Z</time>
      </trkpt>
      <trkpt lat="52.409120" lon="5.778080">
        <ele>1.067634</ele>
        <time>2026-10-06T18:04:15.669Z</time>
      </trkpt>
      <trkpt lat="52.409030" lon="5.778090">
        <ele>1.052229</ele>
        <time>2026-10-06T18:04:17.384Z</time>
      </trkpt>
      <trkpt lat="52.408870" lon="5.778040">
        <ele>1.024413</ele>
        <time>2026-10-06T18:04:20.473Z</time>
      </trkpt>
      <trkpt lat="52.408670" lon="5.777810">
        <ele>0.982691</ele>
        <time>2026-10-06T18:04:25.113Z</time>
      </trkpt>
      <trkpt lat="52.408390" lon="5.777320">
        <ele>0.912746</ele>
        <time>2026-10-06T18:04:33.054Z</time>
      </trkpt>
      <trkpt lat="52.407945" lon="5.776673">
        <ele>0.970027</ele>
        <time>2026-10-06T18:04:45.155Z</time>
      </trkpt>
      <trkpt lat="52.407866" lon="5.776600">
        <ele>0.995493</ele>
        <time>2026-10-06T18:04:47.083Z</time>
      </trkpt>
      <trkpt lat="52.407788" lon="5.776577">
        <ele>1.017748</ele>
        <time>2026-10-06T18:04:48.780Z</time>
      </trkpt>
      <trkpt lat="52.406804" lon="5.776753">
        <ele>1.295710</ele>
        <time>2026-10-06T18:05:10.454Z</time>
      </trkpt>
      <trkpt lat="52.406320" lon="5.776710">
        <ele>1.385376</ele>
        <time>2026-10-06T18:05:20.988Z</time>
      </trkpt>
      <trkpt lat="52.406184" lon="5.776619">
        <ele>1.392102</ele>
        <time>2026-10-06T18:05:24.122Z</time>
      </trkpt>
      <trkpt lat="52.406040" lon="5.776460">
        <ele>1.400052</ele>
        <time>2026-10-06T18:05:27.784Z</time>
      </trkpt>
      <trkpt lat="52.405862" lon="5.776153">
        <ele>1.411882</ele>
        <time>2026-10-06T18:05:33.173Z</time>
      </trkpt>
      <trkpt lat="52.404896" lon="5.774212">
        <ele>1.344418</ele>
        <time>2026-10-06T18:06:03.486Z</time>
      </trkpt>
      <trkpt lat="52.404665" lon="5.773862">
        <ele>1.273391</ele>
        <time>2026-10-06T18:06:09.461Z</time>
      </trkpt>
      <trkpt lat="52.404616" lon="5.773893">
        <ele>1.261532</ele>
        <time>2026-10-06T18:06:10.153Z</time>
      </trkpt>
      <trkpt lat="52.404301" lon="5.774088">
        <ele>1.185506</ele>
        <time>2026-10-06T18:06:14.728Z</time>
      </trkpt>
      <trkpt lat="52.403630" lon="5.774650">
        <ele>1.069233</ele>
        <time>2026-10-06T18:06:25.082Z</time>
      </trkpt>
      <trkpt lat="52.402250" lon="5.775620">
        <ele>1.221071</ele>
        <time>2026-10-06T18:06:48.397Z</time>
      </trkpt>
      <trkpt lat="52.401990" lon="5.775690">
        <ele>1.245590</ele>
        <time>2026-10-06T18:06:52.616Z</time>
      </trkpt>
      <trkpt lat="52.401770" lon="5.775640">
        <ele>1.264450</ele>
        <time>2026-10-06T18:06:56.202Z</time>
      </trkpt>
      <trkpt lat="52.400860" lon="5.775090">
        <ele>1.346807</ele>
        <time>2026-10-06T18:07:11.022Z</time>
      </trkpt>
      <trkpt lat="52.400665" lon="5.775057">
        <ele>1.363454</ele>
        <time>2026-10-06T18:07:13.812Z</time>
      </trkpt>
      <trkpt lat="52.400587" lon="5.775171">
        <ele>1.372328</ele>
        <time>2026-10-06T18:07:15.258Z</time>
      </trkpt>
      <trkpt lat="52.400169" lon="5.776480">
        <ele>1.539454</ele>
        <time>2026-10-06T18:07:28.429Z</time>
      </trkpt>
      <trkpt lat="52.399754" lon="5.777591">
        <ele>1.706044</ele>
        <time>2026-10-06T18:07:41.097Z</time>
      </trkpt>
      <trkpt lat="52.399548" lon="5.778029">
        <ele>1.773860</ele>
        <time>2026-10-06T18:07:46.895Z</time>
      </trkpt>
      <trkpt lat="52.399143" lon="5.778738">
        <ele>1.869409</ele>
        <time>2026-10-06T18:07:56.995Z</time>
      </trkpt>
      <trkpt lat="52.398539" lon="5.779582">
        <ele>1.997390</ele>
        <time>2026-10-06T18:08:09.144Z</time>
      </trkpt>
      <trkpt lat="52.398040" lon="5.779919">
        <ele>2.039363</ele>
        <time>2026-10-06T18:08:16.604Z</time>
      </trkpt>
      <trkpt lat="52.397841" lon="5.780016">
        <ele>2.022955</ele>
        <time>2026-10-06T18:08:19.440Z</time>
      </trkpt>
      <trkpt lat="52.397037" lon="5.780176">
        <ele>1.958948</ele>
        <time>2026-10-06T18:08:30.683Z</time>
      </trkpt>
      <trkpt lat="52.396199" lon="5.780610">
        <ele>2.106032</ele>
        <time>2026-10-06T18:08:44.389Z</time>
      </trkpt>
      <trkpt lat="52.395227" lon="5.780857">
        <ele>2.775057</ele>
        <time>2026-10-06T18:09:02.298Z</time>
      </trkpt>
      <trkpt lat="52.394531" lon="5.781010">
        <ele>3.224633</ele>
        <time>2026-10-06T18:09:14.838Z</time>
      </trkpt>
      <trkpt lat="52.394148" lon="5.781012">
        <ele>3.422808</ele>
        <time>2026-10-06T18:09:21.643Z</time>
      </trkpt>
      <trkpt lat="52.393939" lon="5.781048">
        <ele>3.531546</ele>
        <time>2026-10-06T18:09:25.398Z</time>
      </trkpt>
      <trkpt lat="52.393820" lon="5.781080">
        <ele>3.593943</ele>
        <time>2026-10-06T18:09:27.493Z</time>
      </trkpt>
      <trkpt lat="52.393569" lon="5.781245">
        <ele>3.733877</ele>
        <time>2026-10-06T18:09:32.020Z</time>
      </trkpt>
      <trkpt lat="52.392964" lon="5.781659">
        <ele>4.064682</ele>
        <time>2026-10-06T18:09:42.330Z</time>
      </trkpt>
      <trkpt lat="52.392583" lon="5.781885">
        <ele>4.023100</ele>
        <time>2026-10-06T18:09:48.696Z</time>
      </trkpt>
      <trkpt lat="52.392372" lon="5.781958">
        <ele>4.000969</ele>
        <time>2026-10-06T18:09:52.035Z</time>
      </trkpt>
      <trkpt lat="52.392125" lon="5.781994">
        <ele>3.975521</ele>
        <time>2026-10-06T18:09:55.648Z</time>
      </trkpt>
      <trkpt lat="52.392082" lon="5.781636">
        <ele>3.952671</ele>
        <time>2026-10-06T18:09:58.802Z</time>
      </trkpt>
      <trkpt lat="52.391652" lon="5.779152">
        <ele>3.728258</ele>
        <time>2026-10-06T18:10:20.251Z</time>
      </trkpt>
      <trkpt lat="52.391064" lon="5.777280">
        <ele>3.483136</ele>
        <time>2026-10-06T18:10:39.259Z</time>
      </trkpt>
      <trkpt lat="52.391006" lon="5.776987">
        <ele>3.439292</ele>
        <time>2026-10-06T18:10:41.960Z</time>
      </trkpt>
      <trkpt lat="52.390925" lon="5.776193">
        <ele>3.324707</ele>
        <time>2026-10-06T18:10:48.792Z</time>
      </trkpt>
      <trkpt lat="52.390835" lon="5.775868">
        <ele>3.273908</ele>
        <time>2026-10-06T18:10:51.803Z</time>
      </trkpt>
      <trkpt lat="52.390734" lon="5.775646">
        <ele>3.234494</ele>
        <time>2026-10-06T18:10:54.129Z</time>
      </trkpt>
      <trkpt lat="52.390480" lon="5.775052">
        <ele>3.140927</ele>
        <time>2026-10-06T18:11:00.204Z</time>
      </trkpt>
      <trkpt lat="52.390170" lon="5.773950">
        <ele>3.059585</ele>
        <time>2026-10-06T18:11:10.410Z</time>
      </trkpt>
      <trkpt lat="52.389961" lon="5.773294">
        <ele>3.009978</ele>
        <time>2026-10-06T18:11:16.958Z</time>
      </trkpt>
      <trkpt lat="52.389869" lon="5.772801">
        <ele>2.975419</ele>
        <time>2026-10-06T18:11:21.628Z</time>
      </trkpt>
      <trkpt lat="52.389725" lon="5.771532">
        <ele>3.088107</ele>
        <time>2026-10-06T18:11:33.811Z</time>
      </trkpt>
      <trkpt lat="52.389688" lon="5.771141">
        <ele>3.145355</ele>
        <time>2026-10-06T18:11:37.696Z</time>
      </trkpt>
      <trkpt lat="52.389673" lon="5.770641">
        <ele>3.217785</ele>
        <time>2026-10-06T18:11:42.708Z</time>
      </trkpt>
      <trkpt lat="52.389741" lon="5.769121">
        <ele>3.343225</ele>
        <time>2026-10-06T18:11:57.638Z</time>
      </trkpt>
      <trkpt lat="52.389781" lon="5.768525">
        <ele>3.292313</ele>
        <time>2026-10-06T18:12:03.235Z</time>
      </trkpt>
      <trkpt lat="52.390030" lon="5.767180">
        <ele>3.172967</ele>
        <time>2026-10-06T18:12:15.323Z</time>
      </trkpt>
      <trkpt lat="52.390230" lon="5.765530">
        <ele>2.714757</ele>
        <time>2026-10-06T18:12:28.627Z</time>
      </trkpt>
      <trkpt lat="52.390530" lon="5.764400">
        <ele>2.273417</ele>
        <time>2026-10-06T18:12:38.196Z</time>
      </trkpt>
      <trkpt lat="52.390560" lon="5.764170">
        <ele>2.189184</ele>
        <time>2026-10-06T18:12:40.065Z</time>
      </trkpt>
      <trkpt lat="52.390540" lon="5.763790">
        <ele>2.067946</ele>
        <time>2026-10-06T18:12:43.136Z</time>
      </trkpt>
      <trkpt lat="52.390480" lon="5.763570">
        <ele>2.047914</ele>
        <time>2026-10-06T18:12:45.109Z</time>
      </trkpt>
      <trkpt lat="52.390070" lon="5.762690">
        <ele>1.955875</ele>
        <time>2026-10-06T18:12:54.625Z</time>
      </trkpt>
      <trkpt lat="52.389880" lon="5.762170">
        <ele>1.905490</ele>
        <time>2026-10-06T18:13:00.142Z</time>
      </trkpt>
      <trkpt lat="52.389810" lon="5.761860">
        <ele>1.878011</ele>
        <time>2026-10-06T18:13:03.170Z</time>
      </trkpt>
      <trkpt lat="52.389690" lon="5.760940">
        <ele>1.843586</ele>
        <time>2026-10-06T18:13:11.913Z</time>
      </trkpt>
      <trkpt lat="52.389626" lon="5.760223">
        <ele>1.878305</ele>
        <time>2026-10-06T18:13:18.741Z</time>
      </trkpt>
      <trkpt lat="52.389547" lon="5.757810">
        <ele>1.964195</ele>
        <time>2026-10-06T18:13:41.097Z</time>
      </trkpt>
      <trkpt lat="52.389542" lon="5.757242">
        <ele>1.959257</ele>
        <time>2026-10-06T18:13:46.046Z</time>
      </trkpt>
      <trkpt lat="52.389608" lon="5.756466">
        <ele>1.952446</ele>
        <time>2026-10-06T18:13:55.375Z</time>
      </trkpt>
      <trkpt lat="52.389599" lon="5.756230">
        <ele>1.950390</ele>
        <time>2026-10-06T18:13:58.189Z</time>
      </trkpt>
      <trkpt lat="52.389381" lon="5.753981">
        <ele>1.907569</ele>
        <time>2026-10-06T18:14:26.914Z</time>
      </trkpt>
      <trkpt lat="52.389369" lon="5.753510">
        <ele>1.895964</ele>
        <time>2026-10-06T18:14:33.003Z</time>
      </trkpt>
      <trkpt lat="52.389390" lon="5.753000">
        <ele>1.883381</ele>
        <time>2026-10-06T18:14:39.072Z</time>
      </trkpt>
      <trkpt lat="52.389545" lon="5.751989">
        <ele>1.782532</ele>
        <time>2026-10-06T18:14:51.044Z</time>
      </trkpt>
      <trkpt lat="52.389580" lon="5.751760">
        <ele>1.742836</ele>
        <time>2026-10-06T18:14:53.775Z</time>
      </trkpt>
      <trkpt lat="52.389590" lon="5.751280">
        <ele>1.662075</ele>
        <time>2026-10-06T18:14:59.308Z</time>
      </trkpt>
      <trkpt lat="52.389554" lon="5.750801">
        <ele>1.580922</ele>
        <time>2026-10-06T18:15:04.837Z</time>
      </trkpt>
      <trkpt lat="52.389443" lon="5.750307">
        <ele>1.492402</ele>
        <time>2026-10-06T18:15:10.892Z</time>
      </trkpt>
      <trkpt lat="52.389283" lon="5.749681">
        <ele>1.378279</ele>
        <time>2026-10-06T18:15:18.979Z</time>
      </trkpt>
      <trkpt lat="52.389249" lon="5.749438">
        <ele>1.383587</ele>
        <time>2026-10-06T18:15:22.201Z</time>
      </trkpt>
      <trkpt lat="52.389250" lon="5.748060">
        <ele>1.434824</ele>
        <time>2026-10-06T18:15:40.208Z</time>
      </trkpt>
      <trkpt lat="52.389350" lon="5.746852">
        <ele>1.480151</ele>
        <time>2026-10-06T18:15:55.022Z</time>
      </trkpt>
      <trkpt lat="52.389350" lon="5.746580">
        <ele>1.468725</ele>
        <time>2026-10-06T18:15:58.317Z</time>
      </trkpt>
      <trkpt lat="52.389320" lon="5.746280">
        <ele>1.436922</ele>
        <time>2026-10-06T18:16:02.023Z</time>
      </trkpt>
      <trkpt lat="52.389230" lon="5.745840">
        <ele>1.388373</ele>
        <time>2026-10-06T18:16:07.714Z</time>
      </trkpt>
      <trkpt lat="52.389205" lon="5.745617">
        <ele>1.364653</ele>
        <time>2026-10-06T18:16:10.487Z</time>
      </trkpt>
      <trkpt lat="52.389180" lon="5.745390">
        <ele>1.340522</ele>
        <time>2026-10-06T18:16:13.281Z</time>
      </trkpt>
      <trkpt lat="52.389180" lon="5.745010">
        <ele>1.300767</ele>
        <time>2026-10-06T18:16:17.796Z</time>
      </trkpt>
      <trkpt lat="52.389280" lon="5.744160">
        <ele>1.210205</ele>
        <time>2026-10-06T18:16:28.026Z</time>
      </trkpt>
      <trkpt lat="52.389270" lon="5.743760">
        <ele>1.161117</ele>
        <time>2026-10-06T18:16:32.747Z</time>
      </trkpt>
      <trkpt lat="52.389060" lon="5.742390">
        <ele>0.879687</ele>
        <time>2026-10-06T18:16:48.863Z</time>
      </trkpt>
      <trkpt lat="52.389070" lon="5.741910">
        <ele>0.783999</ele>
        <time>2026-10-06T18:16:54.343Z</time>
      </trkpt>
      <trkpt lat="52.389160" lon="5.741050">
        <ele>0.610156</ele>
        <time>2026-10-06T18:17:04.505Z</time>
      </trkpt>
      <trkpt lat="52.389176" lon="5.740560">
        <ele>0.613739</ele>
        <time>2026-10-06T18:17:10.416Z</time>
      </trkpt>
      <trkpt lat="52.389160" lon="5.740402">
        <ele>0.623983</ele>
        <time>2026-10-06T18:17:12.408Z</time>
      </trkpt>
      <trkpt lat="52.387615" lon="5.740693">
        <ele>0.789821</ele>
        <time>2026-10-06T18:17:45.146Z</time>
      </trkpt>
      <trkpt lat="52.386408" lon="5.740929">
        <ele>0.956190</ele>
        <time>2026-10-06T18:18:10.526Z</time>
      </trkpt>
      <trkpt lat="52.386142" lon="5.741024">
        <ele>0.993451</ele>
        <time>2026-10-06T18:18:16.117Z</time>
      </trkpt>
      <trkpt lat="52.385076" lon="5.741565">
        <ele>1.096851</ele>
        <time>2026-10-06T18:18:38.771Z</time>
      </trkpt>
      <trkpt lat="52.383685" lon="5.741806">
        <ele>1.301780</ele>
        <time>2026-10-06T18:19:07.745Z</time>
      </trkpt>
      <trkpt lat="52.383590" lon="5.741821">
        <ele>1.327072</ele>
        <time>2026-10-06T18:19:09.714Z</time>
      </trkpt>
      <trkpt lat="52.383318" lon="5.741947">
        <ele>1.401977</ele>
        <time>2026-10-06T18:19:15.590Z</time>
      </trkpt>
      <trkpt lat="52.383074" lon="5.742190">
        <ele>1.477646</ele>
        <time>2026-10-06T18:19:21.656Z</time>
      </trkpt>
      <trkpt lat="52.382950" lon="5.742437">
        <ele>1.529375</ele>
        <time>2026-10-06T18:19:25.881Z</time>
      </trkpt>
      <trkpt lat="52.382815" lon="5.742784">
        <ele>1.595934</ele>
        <time>2026-10-06T18:19:31.462Z</time>
      </trkpt>
      <trkpt lat="52.382719" lon="5.742937">
        <ele>1.631426</ele>
        <time>2026-10-06T18:19:34.472Z</time>
      </trkpt>
      <trkpt lat="52.382603" lon="5.743022">
        <ele>1.671678</ele>
        <time>2026-10-06T18:19:37.296Z</time>
      </trkpt>
      <trkpt lat="52.382201" lon="5.743124">
        <ele>1.819466</ele>
        <time>2026-10-06T18:19:46.338Z</time>
      </trkpt>
      <trkpt lat="52.381758" lon="5.743206">
        <ele>1.981431</ele>
        <time>2026-10-06T18:19:56.349Z</time>
      </trkpt>
      <trkpt lat="52.380848" lon="5.743390">
        <ele>2.295842</ele>
        <time>2026-10-06T18:20:16.071Z</time>
      </trkpt>
      <trkpt lat="52.380544" lon="5.743511">
        <ele>2.254694</ele>
        <time>2026-10-06T18:20:22.178Z</time>
      </trkpt>
      <trkpt lat="52.380481" lon="5.743536">
        <ele>2.246168</ele>
        <time>2026-10-06T18:20:23.439Z</time>
      </trkpt>
      <trkpt lat="52.380170" lon="5.743726">
        <ele>2.202511</ele>
        <time>2026-10-06T18:20:29.833Z</time>
      </trkpt>
      <trkpt lat="52.379823" lon="5.744035">
        <ele>2.150563</ele>
        <time>2026-10-06T18:20:37.538Z</time>
      </trkpt>
      <trkpt lat="52.379355" lon="5.744636">
        <ele>2.072349</ele>
        <time>2026-10-06T18:20:48.887Z</time>
      </trkpt>
      <trkpt lat="52.379171" lon="5.744933">
        <ele>2.047411</ele>
        <time>2026-10-06T18:20:53.945Z</time>
      </trkpt>
      <trkpt lat="52.378914" lon="5.745539">
        <ele>2.008868</ele>
        <time>2026-10-06T18:21:03.074Z</time>
      </trkpt>
      <trkpt lat="52.378722" lon="5.746271">
        <ele>1.967252</ele>
        <time>2026-10-06T18:21:12.870Z</time>
      </trkpt>
      <trkpt lat="52.378541" lon="5.747050">
        <ele>1.923713</ele>
        <time>2026-10-06T18:21:22.643Z</time>
      </trkpt>
      <trkpt lat="52.378395" lon="5.747454">
        <ele>1.957871</ele>
        <time>2026-10-06T18:21:28.349Z</time>
      </trkpt>
      <trkpt lat="52.377820" lon="5.748547">
        <ele>2.279482</ele>
        <time>2026-10-06T18:21:47.448Z</time>
      </trkpt>
      <trkpt lat="52.377676" lon="5.748809">
        <ele>2.358063</ele>
        <time>2026-10-06T18:21:52.119Z</time>
      </trkpt>
      <trkpt lat="52.377469" lon="5.749093">
        <ele>2.456654</ele>
        <time>2026-10-06T18:21:57.973Z</time>
      </trkpt>
      <trkpt lat="52.376820" lon="5.749741">
        <ele>2.792473</ele>
        <time>2026-10-06T18:22:15.892Z</time>
      </trkpt>
      <trkpt lat="52.376481" lon="5.750361">
        <ele>3.042729</ele>
        <time>2026-10-06T18:22:27.194Z</time>
      </trkpt>
      <trkpt lat="52.376362" lon="5.750597">
        <ele>3.134762</ele>
        <time>2026-10-06T18:22:31.314Z</time>
      </trkpt>
      <trkpt lat="52.376324" lon="5.750674">
        <ele>3.164533</ele>
        <time>2026-10-06T18:22:32.641Z</time>
      </trkpt>
      <trkpt lat="52.374892" lon="5.753543">
        <ele>3.912686</ele>
        <time>2026-10-06T18:23:20.679Z</time>
      </trkpt>
      <trkpt lat="52.374081" lon="5.755163">
        <ele>4.353081</ele>
        <time>2026-10-06T18:23:48.022Z</time>
      </trkpt>
      <trkpt lat="52.373887" lon="5.755551">
        <ele>4.460769</ele>
        <time>2026-10-06T18:23:54.702Z</time>
      </trkpt>
      <trkpt lat="52.373656" lon="5.756006">
        <ele>4.589838</ele>
        <time>2026-10-06T18:24:02.731Z</time>
      </trkpt>
      <trkpt lat="52.373611" lon="5.756102">
        <ele>4.621530</ele>
        <time>2026-10-06T18:24:04.364Z</time>
      </trkpt>
      <trkpt lat="52.373481" lon="5.756366">
        <ele>4.710340</ele>
        <time>2026-10-06T18:24:09.053Z</time>
      </trkpt>
      <trkpt lat="52.373233" lon="5.756865">
        <ele>4.878820</ele>
        <time>2026-10-06T18:24:17.845Z</time>
      </trkpt>
      <trkpt lat="52.372953" lon="5.757439">
        <ele>5.071204</ele>
        <time>2026-10-06T18:24:27.814Z</time>
      </trkpt>
      <trkpt lat="52.372873" lon="5.757701">
        <ele>5.147910</ele>
        <time>2026-10-06T18:24:31.747Z</time>
      </trkpt>
      <trkpt lat="52.372848" lon="5.757850">
        <ele>5.188371</ele>
        <time>2026-10-06T18:24:33.780Z</time>
      </trkpt>
      <trkpt lat="52.372778" lon="5.757955">
        <ele>5.229081</ele>
        <time>2026-10-06T18:24:35.308Z</time>
      </trkpt>
      <trkpt lat="52.372728" lon="5.758220">
        <ele>5.301709</ele>
        <time>2026-10-06T18:24:38.018Z</time>
      </trkpt>
      <trkpt lat="52.372669" lon="5.758347">
        <ele>5.343496</ele>
        <time>2026-10-06T18:24:39.574Z</time>
      </trkpt>
      <trkpt lat="52.372612" lon="5.758398">
        <ele>5.354254</ele>
        <time>2026-10-06T18:24:40.608Z</time>
      </trkpt>
      <trkpt lat="52.372487" lon="5.758418">
        <ele>5.364719</ele>
        <time>2026-10-06T18:24:42.573Z</time>
      </trkpt>
      <trkpt lat="52.372386" lon="5.758121">
        <ele>5.382014</ele>
        <time>2026-10-06T18:24:45.783Z</time>
      </trkpt>
      <trkpt lat="52.372062" lon="5.756795">
        <ele>5.454670</ele>
        <time>2026-10-06T18:24:58.749Z</time>
      </trkpt>
      <trkpt lat="52.371467" lon="5.754634">
        <ele>5.514668</ele>
        <time>2026-10-06T18:25:20.272Z</time>
      </trkpt>
      <trkpt lat="52.371419" lon="5.754722">
        <ele>5.515838</ele>
        <time>2026-10-06T18:25:21.727Z</time>
      </trkpt>
      <trkpt lat="52.371387" lon="5.754821">
        <ele>5.516948</ele>
        <time>2026-10-06T18:25:23.070Z</time>
      </trkpt>
      <trkpt lat="52.371304" lon="5.754924">
        <ele>5.518639</ele>
        <time>2026-10-06T18:25:25.139Z</time>
      </trkpt>
      <trkpt lat="52.370898" lon="5.755363">
        <ele>5.526539</ele>
        <time>2026-10-06T18:25:34.863Z</time>
      </trkpt>
      <trkpt lat="52.370324" lon="5.755980">
        <ele>5.743661</ele>
        <time>2026-10-06T18:25:49.461Z</time>
      </trkpt>
      <trkpt lat="52.370179" lon="5.756136">
        <ele>5.814893</ele>
        <time>2026-10-06T18:25:53.250Z</time>
      </trkpt>
      <trkpt lat="52.369840" lon="5.756511">
        <ele>5.982858</ele>
        <time>2026-10-06T18:26:02.291Z</time>
      </trkpt>
      <trkpt lat="52.369463" lon="5.756885">
        <ele>6.163833</ele>
        <time>2026-10-06T18:26:12.217Z</time>
      </trkpt>
      <trkpt lat="52.368811" lon="5.757621">
        <ele>6.529243</ele>
        <time>2026-10-06T18:26:30.075Z</time>
      </trkpt>
      <trkpt lat="52.368525" lon="5.757930">
        <ele>6.695532</ele>
        <time>2026-10-06T18:26:37.493Z</time>
      </trkpt>
      <trkpt lat="52.368098" lon="5.758400">
        <ele>6.945225</ele>
        <time>2026-10-06T18:26:48.526Z</time>
      </trkpt>
      <trkpt lat="52.368074" lon="5.758427">
        <ele>6.959357</ele>
        <time>2026-10-06T18:26:49.164Z</time>
      </trkpt>
      <trkpt lat="52.367824" lon="5.758660">
        <ele>7.098962</ele>
        <time>2026-10-06T18:26:55.655Z</time>
      </trkpt>
      <trkpt lat="52.367410" lon="5.759192">
        <ele>7.352730</ele>
        <time>2026-10-06T18:27:07.849Z</time>
      </trkpt>
      <trkpt lat="52.367298" lon="5.759305">
        <ele>7.416087</ele>
        <time>2026-10-06T18:27:10.827Z</time>
      </trkpt>
      <trkpt lat="52.367184" lon="5.759325">
        <ele>7.471308</ele>
        <time>2026-10-06T18:27:13.395Z</time>
      </trkpt>
      <trkpt lat="52.367029" lon="5.759445">
        <ele>7.553883</ele>
        <time>2026-10-06T18:27:17.170Z</time>
      </trkpt>
      <trkpt lat="52.366897" lon="5.759424">
        <ele>7.617758</ele>
        <time>2026-10-06T18:27:20.068Z</time>
      </trkpt>
      <trkpt lat="52.366708" lon="5.759343">
        <ele>7.711853</ele>
        <time>2026-10-06T18:27:24.331Z</time>
      </trkpt>
      <trkpt lat="52.366622" lon="5.759274">
        <ele>7.757977</ele>
        <time>2026-10-06T18:27:26.417Z</time>
      </trkpt>
      <trkpt lat="52.366546" lon="5.759151">
        <ele>7.809439</ele>
        <time>2026-10-06T18:27:28.724Z</time>
      </trkpt>
      <trkpt lat="52.366339" lon="5.758405">
        <ele>8.065050</ele>
        <time>2026-10-06T18:27:39.599Z</time>
      </trkpt>
      <trkpt lat="52.366194" lon="5.758293">
        <ele>8.168253</ele>
        <time>2026-10-06T18:27:43.080Z</time>
      </trkpt>
      <trkpt lat="52.366097" lon="5.758085">
        <ele>8.271130</ele>
        <time>2026-10-06T18:27:46.507Z</time>
      </trkpt>
      <trkpt lat="52.365983" lon="5.757940">
        <ele>8.364050</ele>
        <time>2026-10-06T18:27:49.614Z</time>
      </trkpt>
      <trkpt lat="52.365771" lon="5.757563">
        <ele>8.565507</ele>
        <time>2026-10-06T18:27:56.501Z</time>
      </trkpt>
      <trkpt lat="52.365654" lon="5.757414">
        <ele>8.660917</ele>
        <time>2026-10-06T18:27:59.904Z</time>
      </trkpt>
      <trkpt lat="52.365512" lon="5.757294">
        <ele>8.763781</ele>
        <time>2026-10-06T18:28:03.643Z</time>
      </trkpt>
      <trkpt lat="52.365302" lon="5.756428">
        <ele>9.130050</ele>
        <time>2026-10-06T18:28:17.349Z</time>
      </trkpt>
      <trkpt lat="52.365257" lon="5.756349">
        <ele>9.169433</ele>
        <time>2026-10-06T18:28:18.932Z</time>
      </trkpt>
      <trkpt lat="52.364918" lon="5.756026">
        <ele>9.320759</ele>
        <time>2026-10-06T18:28:28.439Z</time>
      </trkpt>
      <trkpt lat="52.364805" lon="5.755861">
        <ele>9.379173</ele>
        <time>2026-10-06T18:28:31.934Z</time>
      </trkpt>
      <trkpt lat="52.364706" lon="5.755566">
        <ele>9.458482</ele>
        <time>2026-10-06T18:28:36.522Z</time>
      </trkpt>
      <trkpt lat="52.364603" lon="5.755383">
        <ele>9.517119</ele>
        <time>2026-10-06T18:28:39.834Z</time>
      </trkpt>
      <trkpt lat="52.364554" lon="5.755201">
        <ele>9.563982</ele>
        <time>2026-10-06T18:28:42.449Z</time>
      </trkpt>
      <trkpt lat="52.364544" lon="5.755033">
        <ele>9.603752</ele>
        <time>2026-10-06T18:28:44.631Z</time>
      </trkpt>
      <trkpt lat="52.364577" lon="5.754832">
        <ele>9.652791</ele>
        <time>2026-10-06T18:28:47.307Z</time>
      </trkpt>
      <trkpt lat="52.364571" lon="5.754626">
        <ele>9.701381</ele>
        <time>2026-10-06T18:28:49.898Z</time>
      </trkpt>
      <trkpt lat="52.364479" lon="5.754093">
        <ele>9.831880</ele>
        <time>2026-10-06T18:28:56.676Z</time>
      </trkpt>
      <trkpt lat="52.364417" lon="5.753899">
        <ele>9.834588</ele>
        <time>2026-10-06T18:28:59.291Z</time>
      </trkpt>
      <trkpt lat="52.364107" lon="5.753473">
        <ele>9.681291</ele>
        <time>2026-10-06T18:29:07.003Z</time>
      </trkpt>
      <trkpt lat="52.363983" lon="5.753168">
        <ele>9.596534</ele>
        <time>2026-10-06T18:29:11.107Z</time>
      </trkpt>
      <trkpt lat="52.363955" lon="5.752920">
        <ele>9.538196</ele>
        <time>2026-10-06T18:29:13.905Z</time>
      </trkpt>
      <trkpt lat="52.363917" lon="5.752801">
        <ele>9.507132</ele>
        <time>2026-10-06T18:29:15.417Z</time>
      </trkpt>
      <trkpt lat="52.363798" lon="5.752600">
        <ele>9.442373</ele>
        <time>2026-10-06T18:29:18.567Z</time>
      </trkpt>
      <trkpt lat="52.363687" lon="5.752306">
        <ele>9.362418</ele>
        <time>2026-10-06T18:29:22.495Z</time>
      </trkpt>
      <trkpt lat="52.363512" lon="5.752041">
        <ele>9.272129</ele>
        <time>2026-10-06T18:29:26.974Z</time>
      </trkpt>
      <trkpt lat="52.363337" lon="5.751554">
        <ele>9.168760</ele>
        <time>2026-10-06T18:29:33.535Z</time>
      </trkpt>
      <trkpt lat="52.362816" lon="5.750471">
        <ele>9.091718</ele>
        <time>2026-10-06T18:29:49.969Z</time>
      </trkpt>
      <trkpt lat="52.362693" lon="5.750163">
        <ele>9.071153</ele>
        <time>2026-10-06T18:29:54.584Z</time>
      </trkpt>
      <trkpt lat="52.362153" lon="5.749256">
        <ele>8.971623</ele>
        <time>2026-10-06T18:30:10.772Z</time>
      </trkpt>
      <trkpt lat="52.361875" lon="5.748829">
        <ele>8.856604</ele>
        <time>2026-10-06T18:30:18.259Z</time>
      </trkpt>
      <trkpt lat="52.361340" lon="5.748285">
        <ele>8.666566</ele>
        <time>2026-10-06T18:30:29.860Z</time>
      </trkpt>
      <trkpt lat="52.361111" lon="5.748130">
        <ele>8.591791</ele>
        <time>2026-10-06T18:30:34.388Z</time>
      </trkpt>
      <trkpt lat="52.360641" lon="5.747945">
        <ele>8.490448</ele>
        <time>2026-10-06T18:30:43.401Z</time>
      </trkpt>
      <trkpt lat="52.360383" lon="5.747790">
        <ele>8.560195</ele>
        <time>2026-10-06T18:30:48.792Z</time>
      </trkpt>
      <trkpt lat="52.359972" lon="5.747454">
        <ele>8.676781</ele>
        <time>2026-10-06T18:30:58.362Z</time>
      </trkpt>
      <trkpt lat="52.359745" lon="5.747167">
        <ele>8.749566</ele>
        <time>2026-10-06T18:31:04.675Z</time>
      </trkpt>
      <trkpt lat="52.359251" lon="5.746554">
        <ele>8.906873</ele>
        <time>2026-10-06T18:31:18.880Z</time>
      </trkpt>
      <trkpt lat="52.359098" lon="5.746330">
        <ele>8.987369</ele>
        <time>2026-10-06T18:31:23.543Z</time>
      </trkpt>
      <trkpt lat="52.358953" lon="5.746787">
        <ele>9.137239</ele>
        <time>2026-10-06T18:31:28.911Z</time>
      </trkpt>
      <trkpt lat="52.358576" lon="5.748032">
        <ele>9.541641</ele>
        <time>2026-10-06T18:31:43.247Z</time>
      </trkpt>
      <trkpt lat="52.358545" lon="5.748504">
        <ele>9.679791</ele>
        <time>2026-10-06T18:31:48.060Z</time>
      </trkpt>
      <trkpt lat="52.358495" lon="5.748674">
        <ele>9.734702</ele>
        <time>2026-10-06T18:31:49.962Z</time>
      </trkpt>
      <trkpt lat="52.358184" lon="5.749212">
        <ele>9.859140</ele>
        <time>2026-10-06T18:31:57.124Z</time>
      </trkpt>
      <trkpt lat="52.357803" lon="5.750419">
        <ele>10.038254</ele>
        <time>2026-10-06T18:32:10.114Z</time>
      </trkpt>
      <trkpt lat="52.357727" lon="5.750737">
        <ele>10.083272</ele>
        <time>2026-10-06T18:32:13.133Z</time>
      </trkpt>
      <trkpt lat="52.357725" lon="5.750955">
        <ele>10.112014</ele>
        <time>2026-10-06T18:32:15.008Z</time>
      </trkpt>
      <trkpt lat="52.357781" lon="5.751197">
        <ele>10.146130</ele>
        <time>2026-10-06T18:32:17.240Z</time>
      </trkpt>
      <trkpt lat="52.358286" lon="5.752015">
        <ele>11.049664</ele>
        <time>2026-10-06T18:32:28.732Z</time>
      </trkpt>
      <trkpt lat="52.358333" lon="5.752224">
        <ele>11.251708</ele>
        <time>2026-10-06T18:32:31.382Z</time>
      </trkpt>
      <trkpt lat="52.358323" lon="5.752417">
        <ele>11.427421</ele>
        <time>2026-10-06T18:32:33.881Z</time>
      </trkpt>
      <trkpt lat="52.358263" lon="5.752556">
        <ele>11.581835</ele>
        <time>2026-10-06T18:32:36.164Z</time>
      </trkpt>
      <trkpt lat="52.358155" lon="5.752687">
        <ele>11.781482</ele>
        <time>2026-10-06T18:32:39.118Z</time>
      </trkpt>
      <trkpt lat="52.357581" lon="5.753188">
        <ele>12.747680</ele>
        <time>2026-10-06T18:32:54.950Z</time>
      </trkpt>
      <trkpt lat="52.357366" lon="5.753325">
        <ele>13.228030</ele>
        <time>2026-10-06T18:33:00.878Z</time>
      </trkpt>
      <trkpt lat="52.356924" lon="5.753353">
        <ele>14.251634</ele>
        <time>2026-10-06T18:33:12.454Z</time>
      </trkpt>
      <trkpt lat="52.356896" lon="5.753354">
        <ele>14.316445</ele>
        <time>2026-10-06T18:33:13.169Z</time>
      </trkpt>
      <trkpt lat="52.356730" lon="5.753388">
        <ele>14.703582</ele>
        <time>2026-10-06T18:33:17.546Z</time>
      </trkpt>
      <trkpt lat="52.356610" lon="5.753436">
        <ele>14.989443</ele>
        <time>2026-10-06T18:33:20.788Z</time>
      </trkpt>
      <trkpt lat="52.356582" lon="5.753505">
        <ele>15.106526</ele>
        <time>2026-10-06T18:33:22.097Z</time>
      </trkpt>
      <trkpt lat="52.356416" lon="5.753646">
        <ele>15.539283</ele>
        <time>2026-10-06T18:33:27.923Z</time>
      </trkpt>
      <trkpt lat="52.356090" lon="5.754007">
        <ele>16.450022</ele>
        <time>2026-10-06T18:33:39.444Z</time>
      </trkpt>
      <trkpt lat="52.355824" lon="5.754475">
        <ele>17.012936</ele>
        <time>2026-10-06T18:33:49.549Z</time>
      </trkpt>
      <trkpt lat="52.355716" lon="5.754644">
        <ele>17.019929</ele>
        <time>2026-10-06T18:33:53.008Z</time>
      </trkpt>
      <trkpt lat="52.355486" lon="5.754877">
        <ele>17.032590</ele>
        <time>2026-10-06T18:33:59.111Z</time>
      </trkpt>
      <trkpt lat="52.355276" lon="5.755190">
        <ele>17.045883</ele>
        <time>2026-10-06T18:34:05.238Z</time>
      </trkpt>
      <trkpt lat="52.355132" lon="5.755462">
        <ele>17.056174</ele>
        <time>2026-10-06T18:34:09.728Z</time>
      </trkpt>
      <trkpt lat="52.355063" lon="5.755650">
        <ele>17.062445</ele>
        <time>2026-10-06T18:34:12.318Z</time>
      </trkpt>
      <trkpt lat="52.354884" lon="5.755738">
        <ele>17.071194</ele>
        <time>2026-10-06T18:34:15.776Z</time>
      </trkpt>
      <trkpt lat="52.354353" lon="5.755888">
        <ele>16.891464</ele>
        <time>2026-10-06T18:34:24.982Z</time>
      </trkpt>
      <trkpt lat="52.353925" lon="5.756050">
        <ele>16.245067</ele>
        <time>2026-10-06T18:34:32.028Z</time>
      </trkpt>
      <trkpt lat="52.353520" lon="5.756391">
        <ele>15.574937</ele>
        <time>2026-10-06T18:34:39.420Z</time>
      </trkpt>
      <trkpt lat="52.353468" lon="5.756433">
        <ele>15.489617</ele>
        <time>2026-10-06T18:34:40.363Z</time>
      </trkpt>
      <trkpt lat="52.353142" lon="5.756941">
        <ele>14.827375</ele>
        <time>2026-10-06T18:34:47.690Z</time>
      </trkpt>
      <trkpt lat="52.353006" lon="5.757082">
        <ele>14.590506</ele>
        <time>2026-10-06T18:34:50.332Z</time>
      </trkpt>
      <trkpt lat="52.352808" lon="5.757339">
        <ele>14.361919</ele>
        <time>2026-10-06T18:34:54.537Z</time>
      </trkpt>
      <trkpt lat="52.352693" lon="5.757584">
        <ele>14.261168</ele>
        <time>2026-10-06T18:34:57.722Z</time>
      </trkpt>
      <trkpt lat="52.352586" lon="5.757831">
        <ele>14.162429</ele>
        <time>2026-10-06T18:35:00.913Z</time>
      </trkpt>
      <trkpt lat="52.352387" lon="5.758451">
        <ele>13.934053</ele>
        <time>2026-10-06T18:35:08.869Z</time>
      </trkpt>
      <trkpt lat="52.351843" lon="5.759619">
        <ele>13.494657</ele>
        <time>2026-10-06T18:35:26.763Z</time>
      </trkpt>
      <trkpt lat="52.351568" lon="5.759994">
        <ele>13.571889</ele>
        <time>2026-10-06T18:35:34.110Z</time>
      </trkpt>
      <trkpt lat="52.350012" lon="5.762635">
        <ele>14.403566</ele>
        <time>2026-10-06T18:36:21.726Z</time>
      </trkpt>
      <trkpt lat="52.349922" lon="5.762750">
        <ele>14.474764</ele>
        <time>2026-10-06T18:36:24.348Z</time>
      </trkpt>
      <trkpt lat="52.348999" lon="5.763390">
        <ele>15.246156</ele>
        <time>2026-10-06T18:36:48.623Z</time>
      </trkpt>
      <trkpt lat="52.348689" lon="5.763712">
        <ele>15.788747</ele>
        <time>2026-10-06T18:36:58.061Z</time>
      </trkpt>
      <trkpt lat="52.348267" lon="5.764459">
        <ele>16.707311</ele>
        <time>2026-10-06T18:37:14.646Z</time>
      </trkpt>
      <trkpt lat="52.347910" lon="5.765013">
        <ele>17.434307</ele>
        <time>2026-10-06T18:37:28.077Z</time>
      </trkpt>
      <trkpt lat="52.347874" lon="5.765106">
        <ele>17.533705</ele>
        <time>2026-10-06T18:37:29.881Z</time>
      </trkpt>
      <trkpt lat="52.347781" lon="5.765350">
        <ele>17.744581</ele>
        <time>2026-10-06T18:37:34.520Z</time>
      </trkpt>
      <trkpt lat="52.347542" lon="5.765929">
        <ele>18.158854</ele>
        <time>2026-10-06T18:37:45.587Z</time>
      </trkpt>
      <trkpt lat="52.346770" lon="5.767114">
        <ele>19.185919</ele>
        <time>2026-10-06T18:38:10.706Z</time>
      </trkpt>
      <trkpt lat="52.346587" lon="5.767524">
        <ele>19.424169</ele>
        <time>2026-10-06T18:38:17.350Z</time>
      </trkpt>
      <trkpt lat="52.345479" lon="5.769623">
        <ele>19.922636</ele>
        <time>2026-10-06T18:38:53.548Z</time>
      </trkpt>
      <trkpt lat="52.345289" lon="5.770023">
        <ele>19.909100</ele>
        <time>2026-10-06T18:38:59.807Z</time>
      </trkpt>
      <trkpt lat="52.345149" lon="5.770289">
        <ele>19.897011</ele>
        <time>2026-10-06T18:39:04.032Z</time>
      </trkpt>
      <trkpt lat="52.344155" lon="5.771729">
        <ele>19.836963</ele>
        <time>2026-10-06T18:39:29.858Z</time>
      </trkpt>
      <trkpt lat="52.339917" lon="5.777815">
        <ele>21.611206</ele>
        <time>2026-10-06T18:41:31.333Z</time>
      </trkpt>
      <trkpt lat="52.339878" lon="5.777909">
        <ele>21.638434</ele>
        <time>2026-10-06T18:41:32.823Z</time>
      </trkpt>
      <trkpt lat="52.338190" lon="5.776595">
        <ele>22.678531</ele>
        <time>2026-10-06T18:42:13.217Z</time>
      </trkpt>
      <trkpt lat="52.335136" lon="5.774241">
        <ele>26.850596</ele>
        <time>2026-10-06T18:43:40.462Z</time>
      </trkpt>
      <trkpt lat="52.333010" lon="5.772599">
        <ele>29.142706</ele>
        <time>2026-10-06T18:44:36.194Z</time>
      </trkpt>
      <trkpt lat="52.332916" lon="5.772729">
        <ele>29.259685</ele>
        <time>2026-10-06T18:44:39.132Z</time>
      </trkpt>
      <trkpt lat="52.331620" lon="5.775367">
        <ele>30.861327</ele>
        <time>2026-10-06T18:45:29.614Z</time>
      </trkpt>
      <trkpt lat="52.331559" lon="5.775415">
        <ele>30.904161</ele>
        <time>2026-10-06T18:45:31.140Z</time>
      </trkpt>
      <trkpt lat="52.331496" lon="5.775396">
        <ele>30.944702</ele>
        <time>2026-10-06T18:45:32.564Z</time>
      </trkpt>
      <trkpt lat="52.331351" lon="5.775407">
        <ele>31.036564</ele>
        <time>2026-10-06T18:45:35.771Z</time>
      </trkpt>
      <trkpt lat="52.331158" lon="5.775186">
        <ele>31.185637</ele>
        <time>2026-10-06T18:45:39.496Z</time>
      </trkpt>
      <trkpt lat="52.331004" lon="5.774958">
        <ele>31.203034</ele>
        <time>2026-10-06T18:45:42.571Z</time>
      </trkpt>
      <trkpt lat="52.330926" lon="5.774843">
        <ele>31.094854</ele>
        <time>2026-10-06T18:45:45.334Z</time>
      </trkpt>
      <trkpt lat="52.330279" lon="5.773890">
        <ele>30.197892</ele>
        <time>2026-10-06T18:46:06.552Z</time>
      </trkpt>
      <trkpt lat="52.330236" lon="5.773832">
        <ele>30.140474</ele>
        <time>2026-10-06T18:46:07.855Z</time>
      </trkpt>
      <trkpt lat="52.330046" lon="5.773564">
        <ele>29.882005</ele>
        <time>2026-10-06T18:46:13.711Z</time>
      </trkpt>
      <trkpt lat="52.329800" lon="5.773144">
        <ele>29.515680</ele>
        <time>2026-10-06T18:46:17.798Z</time>
      </trkpt>
      <trkpt lat="52.329547" lon="5.772802">
        <ele>29.297741</ele>
        <time>2026-10-06T18:46:21.601Z</time>
      </trkpt>
      <trkpt lat="52.329431" lon="5.772568">
        <ele>29.201926</ele>
        <time>2026-10-06T18:46:23.766Z</time>
      </trkpt>
      <trkpt lat="52.328876" lon="5.771687">
        <ele>28.799570</ele>
        <time>2026-10-06T18:46:33.722Z</time>
      </trkpt>
      <trkpt lat="52.328679" lon="5.771428">
        <ele>28.668071</ele>
        <time>2026-10-06T18:46:37.350Z</time>
      </trkpt>
      <trkpt lat="52.327956" lon="5.770264">
        <ele>29.047107</ele>
        <time>2026-10-06T18:46:54.701Z</time>
      </trkpt>
      <trkpt lat="52.326807" lon="5.768352">
        <ele>30.172866</ele>
        <time>2026-10-06T18:47:26.265Z</time>
      </trkpt>
      <trkpt lat="52.326348" lon="5.767628">
        <ele>30.374034</ele>
        <time>2026-10-06T18:47:36.501Z</time>
      </trkpt>
      <trkpt lat="52.325895" lon="5.766842">
        <ele>30.581874</ele>
        <time>2026-10-06T18:47:45.735Z</time>
      </trkpt>
      <trkpt lat="52.325753" lon="5.766650">
        <ele>30.511540</ele>
        <time>2026-10-06T18:47:48.229Z</time>
      </trkpt>
      <trkpt lat="52.325543" lon="5.766254">
        <ele>30.389195</ele>
        <time>2026-10-06T18:47:52.552Z</time>
      </trkpt>
      <trkpt lat="52.325318" lon="5.765945">
        <ele>30.277037</ele>
        <time>2026-10-06T18:47:56.516Z</time>
      </trkpt>
      <trkpt lat="52.325105" lon="5.765536">
        <ele>30.151645</ele>
        <time>2026-10-06T18:48:00.943Z</time>
      </trkpt>
      <trkpt lat="52.324787" lon="5.765020">
        <ele>29.980645</ele>
        <time>2026-10-06T18:48:07.006Z</time>
      </trkpt>
      <trkpt lat="52.324534" lon="5.764509">
        <ele>29.836563</ele>
        <time>2026-10-06T18:48:12.415Z</time>
      </trkpt>
      <trkpt lat="52.324326" lon="5.764171">
        <ele>29.740025</ele>
        <time>2026-10-06T18:48:16.371Z</time>
      </trkpt>
      <trkpt lat="52.324167" lon="5.763992">
        <ele>29.676468</ele>
        <time>2026-10-06T18:48:18.965Z</time>
      </trkpt>
      <trkpt lat="52.324040" lon="5.763667">
        <ele>29.598829</ele>
        <time>2026-10-06T18:48:22.152Z</time>
      </trkpt>
      <trkpt lat="52.323853" lon="5.763432">
        <ele>29.521180</ele>
        <time>2026-10-06T18:48:25.364Z</time>
      </trkpt>
      <trkpt lat="52.323741" lon="5.763159">
        <ele>29.455003</ele>
        <time>2026-10-06T18:48:28.114Z</time>
      </trkpt>
      <trkpt lat="52.323569" lon="5.762921">
        <ele>29.380821</ele>
        <time>2026-10-06T18:48:31.236Z</time>
      </trkpt>
      <trkpt lat="52.323207" lon="5.762262">
        <ele>29.295661</ele>
        <time>2026-10-06T18:48:38.868Z</time>
      </trkpt>
      <trkpt lat="52.323081" lon="5.761961">
        <ele>29.290233</ele>
        <time>2026-10-06T18:48:42.047Z</time>
      </trkpt>
      <trkpt lat="52.321657" lon="5.759340">
        <ele>29.377148</ele>
        <time>2026-10-06T18:49:14.413Z</time>
      </trkpt>
      <trkpt lat="52.321470" lon="5.758984">
        <ele>29.415861</ele>
        <time>2026-10-06T18:49:18.856Z</time>
      </trkpt>
      <trkpt lat="52.320409" lon="5.756573">
        <ele>29.935133</ele>
        <time>2026-10-06T18:49:46.865Z</time>
      </trkpt>
      <trkpt lat="52.319986" lon="5.755487">
        <ele>30.278516</ele>
        <time>2026-10-06T18:50:00.600Z</time>
      </trkpt>
      <trkpt lat="52.319643" lon="5.754526">
        <ele>30.749420</ele>
        <time>2026-10-06T18:50:13.447Z</time>
      </trkpt>
      <trkpt lat="52.319595" lon="5.754399">
        <ele>30.812605</ele>
        <time>2026-10-06T18:50:15.223Z</time>
      </trkpt>
      <trkpt lat="52.318946" lon="5.752423">
        <ele>30.922611</ele>
        <time>2026-10-06T18:50:38.702Z</time>
      </trkpt>
      <trkpt lat="52.317377" lon="5.747327">
        <ele>26.255458</ele>
        <time>2026-10-06T18:51:18.343Z</time>
      </trkpt>
      <trkpt lat="52.317220" lon="5.746965">
        <ele>25.920766</ele>
        <time>2026-10-06T18:51:21.423Z</time>
      </trkpt>
      <trkpt lat="52.316768" lon="5.746151">
        <ele>25.091528</ele>
        <time>2026-10-06T18:51:29.414Z</time>
      </trkpt>
      <trkpt lat="52.316726" lon="5.746049">
        <ele>24.998791</ele>
        <time>2026-10-06T18:51:30.349Z</time>
      </trkpt>
      <trkpt lat="52.316507" lon="5.745673">
        <ele>24.607168</ele>
        <time>2026-10-06T18:51:34.405Z</time>
      </trkpt>
      <trkpt lat="52.316380" lon="5.745393">
        <ele>24.391595</ele>
        <time>2026-10-06T18:51:37.246Z</time>
      </trkpt>
      <trkpt lat="52.315633" lon="5.744104">
        <ele>23.392015</ele>
        <time>2026-10-06T18:51:51.272Z</time>
      </trkpt>
      <trkpt lat="52.315143" lon="5.743481">
        <ele>22.792430</ele>
        <time>2026-10-06T18:51:58.574Z</time>
      </trkpt>
      <trkpt lat="52.314916" lon="5.743129">
        <ele>22.354719</ele>
        <time>2026-10-06T18:52:02.108Z</time>
      </trkpt>
      <trkpt lat="52.314580" lon="5.742690">
        <ele>21.752943</ele>
        <time>2026-10-06T18:52:06.849Z</time>
      </trkpt>
      <trkpt lat="52.314281" lon="5.742395">
        <ele>21.264304</ele>
        <time>2026-10-06T18:52:10.804Z</time>
      </trkpt>
      <trkpt lat="52.314147" lon="5.742367">
        <ele>21.075259</ele>
        <time>2026-10-06T18:52:12.371Z</time>
      </trkpt>
      <trkpt lat="52.313818" lon="5.742187">
        <ele>20.589785</ele>
        <time>2026-10-06T18:52:16.512Z</time>
      </trkpt>
      <trkpt lat="52.313641" lon="5.742130">
        <ele>20.355038</ele>
        <time>2026-10-06T18:52:18.750Z</time>
      </trkpt>
      <trkpt lat="52.313197" lon="5.742060">
        <ele>20.266311</ele>
        <time>2026-10-06T18:52:24.486Z</time>
      </trkpt>
      <trkpt lat="52.312830" lon="5.741861">
        <ele>20.189404</ele>
        <time>2026-10-06T18:52:29.770Z</time>
      </trkpt>
      <trkpt lat="52.312775" lon="5.741889">
        <ele>20.177946</ele>
        <time>2026-10-06T18:52:30.613Z</time>
      </trkpt>
      <trkpt lat="52.312736" lon="5.741957">
        <ele>20.166608</ele>
        <time>2026-10-06T18:52:31.441Z</time>
      </trkpt>
      <trkpt lat="52.312609" lon="5.741803">
        <ele>20.135161</ele>
        <time>2026-10-06T18:52:33.856Z</time>
      </trkpt>
      <trkpt lat="52.312293" lon="5.741584">
        <ele>20.066896</ele>
        <time>2026-10-06T18:52:39.265Z</time>
      </trkpt>
      <trkpt lat="52.311936" lon="5.741284">
        <ele>20.016177</ele>
        <time>2026-10-06T18:52:45.754Z</time>
      </trkpt>
      <trkpt lat="52.311436" lon="5.740804">
        <ele>20.156442</ele>
        <time>2026-10-06T18:52:55.018Z</time>
      </trkpt>
      <trkpt lat="52.311098" lon="5.740356">
        <ele>20.261695</ele>
        <time>2026-10-06T18:53:01.894Z</time>
      </trkpt>
      <trkpt lat="52.310414" lon="5.739057">
        <ele>20.508502</ele>
        <time>2026-10-06T18:53:18.270Z</time>
      </trkpt>
      <trkpt lat="52.310302" lon="5.738898">
        <ele>20.541340</ele>
        <time>2026-10-06T18:53:20.579Z</time>
      </trkpt>
      <trkpt lat="52.309186" lon="5.738029">
        <ele>20.815027</ele>
        <time>2026-10-06T18:53:40.474Z</time>
      </trkpt>
      <trkpt lat="52.308747" lon="5.737440">
        <ele>20.816257</ele>
        <time>2026-10-06T18:53:49.004Z</time>
      </trkpt>
      <trkpt lat="52.308271" lon="5.736534">
        <ele>20.790038</ele>
        <time>2026-10-06T18:53:59.407Z</time>
      </trkpt>
      <trkpt lat="52.308167" lon="5.736278">
        <ele>20.783292</ele>
        <time>2026-10-06T18:54:02.049Z</time>
      </trkpt>
      <trkpt lat="52.307911" lon="5.734119">
        <ele>20.641112</ele>
        <time>2026-10-06T18:54:21.515Z</time>
      </trkpt>
      <trkpt lat="52.307861" lon="5.733892">
        <ele>20.621204</ele>
        <time>2026-10-06T18:54:23.723Z</time>
      </trkpt>
      <trkpt lat="52.307256" lon="5.732010">
        <ele>20.253846</ele>
        <time>2026-10-06T18:54:42.068Z</time>
      </trkpt>
      <trkpt lat="52.306348" lon="5.729321">
        <ele>19.796880</ele>
        <time>2026-10-06T18:55:06.560Z</time>
      </trkpt>
      <trkpt lat="52.306300" lon="5.729134">
        <ele>19.813643</ele>
        <time>2026-10-06T18:55:08.376Z</time>
      </trkpt>
      <trkpt lat="52.306177" lon="5.728344">
        <ele>19.881025</ele>
        <time>2026-10-06T18:55:16.373Z</time>
      </trkpt>
      <trkpt lat="52.305925" lon="5.727215">
        <ele>19.959963</ele>
        <time>2026-10-06T18:55:30.191Z</time>
      </trkpt>
      <trkpt lat="52.305779" lon="5.726349">
        <ele>19.986582</ele>
        <time>2026-10-06T18:55:39.642Z</time>
      </trkpt>
      <trkpt lat="52.305699" lon="5.726002">
        <ele>19.997572</ele>
        <time>2026-10-06T18:55:43.132Z</time>
      </trkpt>
      <trkpt lat="52.305667" lon="5.725919">
        <ele>20.000479</ele>
        <time>2026-10-06T18:55:44.038Z</time>
      </trkpt>
      <trkpt lat="52.305554" lon="5.725771">
        <ele>20.007495</ele>
        <time>2026-10-06T18:55:46.136Z</time>
      </trkpt>
      <trkpt lat="52.305428" lon="5.725708">
        <ele>20.013881</ele>
        <time>2026-10-06T18:55:47.991Z</time>
      </trkpt>
      <trkpt lat="52.305030" lon="5.725774">
        <ele>20.033268</ele>
        <time>2026-10-06T18:55:53.302Z</time>
      </trkpt>
      <trkpt lat="52.304973" lon="5.725787">
        <ele>20.025054</ele>
        <time>2026-10-06T18:55:54.045Z</time>
      </trkpt>
      <trkpt lat="52.304862" lon="5.725800">
        <ele>19.849860</ele>
        <time>2026-10-06T18:55:55.421Z</time>
      </trkpt>
      <trkpt lat="52.304728" lon="5.725753">
        <ele>19.634106</ele>
        <time>2026-10-06T18:55:57.095Z</time>
      </trkpt>
      <trkpt lat="52.303800" lon="5.724230">
        <ele>17.564372</ele>
        <time>2026-10-06T18:56:11.703Z</time>
      </trkpt>
      <trkpt lat="52.303255" lon="5.723349">
        <ele>17.080506</ele>
        <time>2026-10-06T18:56:20.258Z</time>
      </trkpt>
      <trkpt lat="52.303087" lon="5.723066">
        <ele>17.025034</ele>
        <time>2026-10-06T18:56:23.104Z</time>
      </trkpt>
      <trkpt lat="52.303050" lon="5.723012">
        <ele>17.013628</ele>
        <time>2026-10-06T18:56:23.702Z</time>
      </trkpt>
      <trkpt lat="52.301592" lon="5.720638">
        <ele>17.974767</ele>
        <time>2026-10-06T18:57:02.429Z</time>
      </trkpt>
      <trkpt lat="52.301561" lon="5.720657">
        <ele>18.010835</ele>
        <time>2026-10-06T18:57:03.136Z</time>
      </trkpt>
      <trkpt lat="52.301088" lon="5.720959">
        <ele>18.564029</ele>
        <time>2026-10-06T18:57:13.478Z</time>
      </trkpt>
      <trkpt lat="52.301032" lon="5.720962">
        <ele>18.625071</ele>
        <time>2026-10-06T18:57:14.562Z</time>
      </trkpt>
      <trkpt lat="52.300979" lon="5.720910">
        <ele>18.692407</ele>
        <time>2026-10-06T18:57:15.800Z</time>
      </trkpt>
      <trkpt lat="52.300806" lon="5.720521">
        <ele>18.885790</ele>
        <time>2026-10-06T18:57:21.441Z</time>
      </trkpt>
      <trkpt lat="52.300762" lon="5.720635">
        <ele>18.932190</ele>
        <time>2026-10-06T18:57:22.980Z</time>
      </trkpt>
      <trkpt lat="52.300727" lon="5.720706">
        <ele>18.963580</ele>
        <time>2026-10-06T18:57:24.018Z</time>
      </trkpt>
      <trkpt lat="52.300590" lon="5.720955">
        <ele>19.078868</ele>
        <time>2026-10-06T18:57:27.736Z</time>
      </trkpt>
      <trkpt lat="52.300451" lon="5.721113">
        <ele>19.174149</ele>
        <time>2026-10-06T18:57:30.705Z</time>
      </trkpt>
      <trkpt lat="52.300321" lon="5.721174">
        <ele>19.250273</ele>
        <time>2026-10-06T18:57:33.045Z</time>
      </trkpt>
      <trkpt lat="52.299989" lon="5.721199">
        <ele>19.437339</ele>
        <time>2026-10-06T18:57:38.660Z</time>
      </trkpt>
      <trkpt lat="52.299951" lon="5.721195">
        <ele>19.458772</ele>
        <time>2026-10-06T18:57:39.289Z</time>
      </trkpt>
      <trkpt lat="52.299931" lon="5.721190">
        <ele>19.470160</ele>
        <time>2026-10-06T18:57:39.617Z</time>
      </trkpt>
      <trkpt lat="52.299371" lon="5.721052">
        <ele>19.739906</ele>
        <time>2026-10-06T18:57:48.315Z</time>
      </trkpt>
      <trkpt lat="52.299070" lon="5.720990">
        <ele>19.595620</ele>
        <time>2026-10-06T18:57:52.462Z</time>
      </trkpt>
      <trkpt lat="52.298867" lon="5.720928">
        <ele>19.497403</ele>
        <time>2026-10-06T18:57:55.227Z</time>
      </trkpt>
      <trkpt lat="52.298830" lon="5.720921">
        <ele>19.479689</ele>
        <time>2026-10-06T18:57:55.716Z</time>
      </trkpt>
      <trkpt lat="52.298310" lon="5.720810">
        <ele>19.230279</ele>
        <time>2026-10-06T18:58:02.533Z</time>
      </trkpt>
      <trkpt lat="52.297890" lon="5.720657">
        <ele>19.025630</ele>
        <time>2026-10-06T18:58:08.077Z</time>
      </trkpt>
      <trkpt lat="52.297710" lon="5.720565">
        <ele>18.935937</ele>
        <time>2026-10-06T18:58:11.487Z</time>
      </trkpt>
      <trkpt lat="52.297514" lon="5.720461">
        <ele>18.808291</ele>
        <time>2026-10-06T18:58:15.212Z</time>
      </trkpt>
      <trkpt lat="52.296650" lon="5.719982">
        <ele>18.187942</ele>
        <time>2026-10-06T18:58:31.918Z</time>
      </trkpt>
      <trkpt lat="52.296310" lon="5.719937">
        <ele>17.955995</ele>
        <time>2026-10-06T18:58:38.066Z</time>
      </trkpt>
      <trkpt lat="52.294935" lon="5.720086">
        <ele>17.116342</ele>
        <time>2026-10-06T18:59:02.562Z</time>
      </trkpt>
      <trkpt lat="52.294130" lon="5.720607">
        <ele>16.634647</ele>
        <time>2026-10-06T18:59:18.938Z</time>
      </trkpt>
      <trkpt lat="52.293846" lon="5.720804">
        <ele>16.598293</ele>
        <time>2026-10-06T18:59:24.957Z</time>
      </trkpt>
      <trkpt lat="52.293722" lon="5.720891">
        <ele>16.582392</ele>
        <time>2026-10-06T18:59:27.628Z</time>
      </trkpt>
      <trkpt lat="52.293169" lon="5.721280">
        <ele>16.511451</ele>
        <time>2026-10-06T18:59:39.396Z</time>
      </trkpt>
      <trkpt lat="52.292801" lon="5.721674">
        <ele>16.459615</ele>
        <time>2026-10-06T18:59:47.994Z</time>
      </trkpt>
      <trkpt lat="52.292641" lon="5.721871">
        <ele>16.436012</ele>
        <time>2026-10-06T18:59:51.934Z</time>
      </trkpt>
      <trkpt lat="52.292047" lon="5.722645">
        <ele>16.786015</ele>
        <time>2026-10-06T19:00:08.546Z</time>
      </trkpt>
      <trkpt lat="52.291889" lon="5.722896">
        <ele>16.900072</ele>
        <time>2026-10-06T19:00:13.547Z</time>
      </trkpt>
      <trkpt lat="52.291508" lon="5.723808">
        <ele>17.249809</ele>
        <time>2026-10-06T19:00:29.207Z</time>
      </trkpt>
      <trkpt lat="52.291424" lon="5.724019">
        <ele>17.329532</ele>
        <time>2026-10-06T19:00:32.783Z</time>
      </trkpt>
      <trkpt lat="52.290653" lon="5.726001">
        <ele>18.061438</ele>
        <time>2026-10-06T19:01:05.016Z</time>
      </trkpt>
      <trkpt lat="52.290256" lon="5.727021">
        <ele>18.323902</ele>
        <time>2026-10-06T19:01:20.810Z</time>
      </trkpt>
      <trkpt lat="52.290132" lon="5.727201">
        <ele>18.349285</ele>
        <time>2026-10-06T19:01:24.314Z</time>
      </trkpt>
      <trkpt lat="52.288506" lon="5.728744">
        <ele>18.782240</ele>
        <time>2026-10-06T19:02:03.240Z</time>
      </trkpt>
      <trkpt lat="52.288476" lon="5.728772">
        <ele>18.796365</ele>
        <time>2026-10-06T19:02:03.962Z</time>
      </trkpt>
      <trkpt lat="52.287395" lon="5.729778">
        <ele>19.305301</ele>
        <time>2026-10-06T19:02:31.812Z</time>
      </trkpt>
      <trkpt lat="52.286001" lon="5.731075">
        <ele>19.972036</ele>
        <time>2026-10-06T19:03:08.109Z</time>
      </trkpt>
      <trkpt lat="52.285884" lon="5.731184">
        <ele>20.028014</ele>
        <time>2026-10-06T19:03:10.845Z</time>
      </trkpt>
      <trkpt lat="52.284688" lon="5.732279">
        <ele>19.188200</ele>
        <time>2026-10-06T19:03:35.574Z</time>
      </trkpt>
      <trkpt lat="52.284449" lon="5.732457">
        <ele>19.024761</ele>
        <time>2026-10-06T19:03:40.105Z</time>
      </trkpt>
      <trkpt lat="52.284397" lon="5.732314">
        <ele>18.961430</ele>
        <time>2026-10-06T19:03:41.346Z</time>
      </trkpt>
      <trkpt lat="52.284386" lon="5.732195">
        <ele>18.915614</ele>
        <time>2026-10-06T19:03:42.263Z</time>
      </trkpt>
      <trkpt lat="52.284192" lon="5.732220">
        <ele>18.850748</ele>
        <time>2026-10-06T19:03:45.667Z</time>
      </trkpt>
      <trkpt lat="52.284039" lon="5.732342">
        <ele>18.794664</ele>
        <time>2026-10-06T19:03:48.659Z</time>
      </trkpt>
      <trkpt lat="52.283671" lon="5.732355">
        <ele>18.673394</ele>
        <time>2026-10-06T19:03:55.273Z</time>
      </trkpt>
      <trkpt lat="52.282917" lon="5.732145">
        <ele>18.421402</ele>
        <time>2026-10-06T19:04:10.027Z</time>
      </trkpt>
      <trkpt lat="52.280107" lon="5.731129">
        <ele>19.362420</ele>
        <time>2026-10-06T19:05:13.767Z</time>
      </trkpt>
      <trkpt lat="52.279392" lon="5.730779">
        <ele>19.594041</ele>
        <time>2026-10-06T19:05:29.899Z</time>
      </trkpt>
      <trkpt lat="52.279267" lon="5.730798">
        <ele>19.632999</ele>
        <time>2026-10-06T19:05:32.508Z</time>
      </trkpt>
      <trkpt lat="52.278982" lon="5.730729">
        <ele>19.667512</ele>
        <time>2026-10-06T19:05:38.342Z</time>
      </trkpt>
      <trkpt lat="52.277800" lon="5.730270">
        <ele>19.558560</ele>
        <time>2026-10-06T19:06:01.683Z</time>
      </trkpt>
      <trkpt lat="52.276319" lon="5.729754">
        <ele>20.125561</ele>
        <time>2026-10-06T19:06:33.499Z</time>
      </trkpt>
      <trkpt lat="52.276017" lon="5.729468">
        <ele>20.323992</ele>
        <time>2026-10-06T19:06:41.852Z</time>
      </trkpt>
      <trkpt lat="52.275848" lon="5.729533">
        <ele>20.422695</ele>
        <time>2026-10-06T19:06:46.156Z</time>
      </trkpt>
      <trkpt lat="52.275755" lon="5.729520">
        <ele>20.475760</ele>
        <time>2026-10-06T19:06:48.492Z</time>
      </trkpt>
      <trkpt lat="52.275688" lon="5.729434">
        <ele>20.524193</ele>
        <time>2026-10-06T19:06:50.644Z</time>
      </trkpt>
      <trkpt lat="52.275186" lon="5.727971">
        <ele>21.415942</ele>
        <time>2026-10-06T19:07:16.269Z</time>
      </trkpt>
      <trkpt lat="52.275034" lon="5.727657">
        <ele>21.630996</ele>
        <time>2026-10-06T19:07:22.142Z</time>
      </trkpt>
      <trkpt lat="52.274947" lon="5.727269">
        <ele>21.852953</ele>
        <time>2026-10-06T19:07:27.988Z</time>
      </trkpt>
      <trkpt lat="52.274944" lon="5.727068">
        <ele>21.960946</ele>
        <time>2026-10-06T19:07:30.092Z</time>
      </trkpt>
      <trkpt lat="52.274855" lon="5.726950">
        <ele>22.061549</ele>
        <time>2026-10-06T19:07:32.015Z</time>
      </trkpt>
      <trkpt lat="52.274812" lon="5.726889">
        <ele>22.111533</ele>
        <time>2026-10-06T19:07:32.938Z</time>
      </trkpt>
      <trkpt lat="52.274682" lon="5.726764">
        <ele>22.118366</ele>
        <time>2026-10-06T19:07:35.329Z</time>
      </trkpt>
      <trkpt lat="52.274364" lon="5.726293">
        <ele>22.113467</ele>
        <time>2026-10-06T19:07:41.660Z</time>
      </trkpt>
      <trkpt lat="52.274254" lon="5.725854">
        <ele>22.110154</ele>
        <time>2026-10-06T19:07:45.801Z</time>
      </trkpt>
      <trkpt lat="52.274146" lon="5.725156">
        <ele>22.105125</ele>
        <time>2026-10-06T19:07:52.140Z</time>
      </trkpt>
      <trkpt lat="52.274037" lon="5.724837">
        <ele>22.102573</ele>
        <time>2026-10-06T19:07:55.286Z</time>
      </trkpt>
      <trkpt lat="52.273400" lon="5.722958">
        <ele>22.159917</ele>
        <time>2026-10-06T19:08:14.186Z</time>
      </trkpt>
      <trkpt lat="52.272126" lon="5.719205">
        <ele>22.733983</ele>
        <time>2026-10-06T19:08:56.033Z</time>
      </trkpt>
      <trkpt lat="52.272101" lon="5.719130">
        <ele>22.756551</ele>
        <time>2026-10-06T19:08:56.841Z</time>
      </trkpt>
      <trkpt lat="52.271668" lon="5.717814">
        <ele>23.151367</ele>
        <time>2026-10-06T19:09:11.961Z</time>
      </trkpt>
      <trkpt lat="52.271549" lon="5.717381">
        <ele>23.276792</ele>
        <time>2026-10-06T19:09:16.897Z</time>
      </trkpt>
      <trkpt lat="52.271471" lon="5.716728">
        <ele>23.452596</ele>
        <time>2026-10-06T19:09:23.800Z</time>
      </trkpt>
      <trkpt lat="52.271463" lon="5.716597">
        <ele>23.484194</ele>
        <time>2026-10-06T19:09:25.114Z</time>
      </trkpt>
      <trkpt lat="52.271377" lon="5.715371">
        <ele>23.654663</ele>
        <time>2026-10-06T19:09:37.398Z</time>
      </trkpt>
      <trkpt lat="52.271310" lon="5.714446">
        <ele>23.783336</ele>
        <time>2026-10-06T19:09:46.011Z</time>
      </trkpt>
      <trkpt lat="52.271298" lon="5.713819">
        <ele>23.869992</ele>
        <time>2026-10-06T19:09:51.747Z</time>
      </trkpt>
      <trkpt lat="52.271332" lon="5.713259">
        <ele>23.975806</ele>
        <time>2026-10-06T19:09:56.905Z</time>
      </trkpt>
      <trkpt lat="52.271612" lon="5.709880">
        <ele>24.612321</ele>
        <time>2026-10-06T19:10:31.179Z</time>
      </trkpt>
      <trkpt lat="52.271352" lon="5.708191">
        <ele>24.865596</ele>
        <time>2026-10-06T19:10:53.590Z</time>
      </trkpt>
      <trkpt lat="52.271221" lon="5.707695">
        <ele>24.926511</ele>
        <time>2026-10-06T19:11:00.408Z</time>
      </trkpt>
      <trkpt lat="52.271003" lon="5.707200">
        <ele>24.972916</ele>
        <time>2026-10-06T19:11:08.082Z</time>
      </trkpt>
      <trkpt lat="52.270334" lon="5.705833">
        <ele>25.106107</ele>
        <time>2026-10-06T19:11:30.428Z</time>
      </trkpt>
      <trkpt lat="52.269861" lon="5.704621">
        <ele>25.373842</ele>
        <time>2026-10-06T19:11:48.613Z</time>
      </trkpt>
      <trkpt lat="52.269734" lon="5.704390">
        <ele>25.441653</ele>
        <time>2026-10-06T19:11:52.661Z</time>
      </trkpt>
      <trkpt lat="52.269532" lon="5.704305">
        <ele>25.516087</ele>
        <time>2026-10-06T19:11:56.024Z</time>
      </trkpt>
      <trkpt lat="52.269112" lon="5.704250">
        <ele>25.666442</ele>
        <time>2026-10-06T19:12:03.055Z</time>
      </trkpt>
      <trkpt lat="52.268594" lon="5.704197">
        <ele>25.908385</ele>
        <time>2026-10-06T19:12:11.961Z</time>
      </trkpt>
      <trkpt lat="52.267797" lon="5.704173">
        <ele>26.397089</ele>
        <time>2026-10-06T19:12:25.692Z</time>
      </trkpt>
      <trkpt lat="52.267671" lon="5.704178">
        <ele>26.474360</ele>
        <time>2026-10-06T19:12:27.882Z</time>
      </trkpt>
      <trkpt lat="52.267604" lon="5.704183">
        <ele>26.515479</ele>
        <time>2026-10-06T19:12:29.050Z</time>
      </trkpt>
      <trkpt lat="52.267557" lon="5.704043">
        <ele>26.575389</ele>
        <time>2026-10-06T19:12:31.292Z</time>
      </trkpt>
      <trkpt lat="52.267488" lon="5.704085">
        <ele>26.620531</ele>
        <time>2026-10-06T19:12:32.972Z</time>
      </trkpt>
      <trkpt lat="52.267161" lon="5.704099">
        <ele>26.821076</ele>
        <time>2026-10-06T19:12:40.509Z</time>
      </trkpt>
      <trkpt lat="52.267039" lon="5.704104">
        <ele>26.904196</ele>
        <time>2026-10-06T19:12:43.334Z</time>
      </trkpt>
      <trkpt lat="52.266863" lon="5.704115">
        <ele>27.055788</ele>
        <time>2026-10-06T19:12:47.394Z</time>
      </trkpt>
      <trkpt lat="52.266480" lon="5.704141">
        <ele>27.385715</ele>
        <time>2026-10-06T19:12:56.274Z</time>
      </trkpt>
      <trkpt lat="52.266130" lon="5.704253">
        <ele>27.692677</ele>
        <time>2026-10-06T19:13:04.788Z</time>
      </trkpt>
      <trkpt lat="52.264469" lon="5.705169">
        <ele>29.108701</ele>
        <time>2026-10-06T19:13:47.076Z</time>
      </trkpt>
      <trkpt lat="52.264196" lon="5.705400">
        <ele>29.341747</ele>
        <time>2026-10-06T19:13:54.032Z</time>
      </trkpt>
      <trkpt lat="52.264061" lon="5.705457">
        <ele>29.447443</ele>
        <time>2026-10-06T19:13:57.148Z</time>
      </trkpt>
      <trkpt lat="52.263649" lon="5.706085">
        <ele>29.857077</ele>
        <time>2026-10-06T19:14:09.545Z</time>
      </trkpt>
      <trkpt lat="52.263593" lon="5.706126">
        <ele>29.894326</ele>
        <time>2026-10-06T19:14:10.883Z</time>
      </trkpt>
      <trkpt lat="52.262984" lon="5.706180">
        <ele>30.264537</ele>
        <time>2026-10-06T19:14:23.932Z</time>
      </trkpt>
      <trkpt lat="52.262771" lon="5.706263">
        <ele>30.397456</ele>
        <time>2026-10-06T19:14:28.792Z</time>
      </trkpt>
      <trkpt lat="52.262457" lon="5.706897">
        <ele>30.700454</ele>
        <time>2026-10-06T19:14:40.462Z</time>
      </trkpt>
      <trkpt lat="52.262229" lon="5.707085">
        <ele>30.855477</ele>
        <time>2026-10-06T19:14:46.616Z</time>
      </trkpt>
      <trkpt lat="52.262069" lon="5.707195">
        <ele>30.980970</ele>
        <time>2026-10-06T19:14:50.852Z</time>
      </trkpt>
      <trkpt lat="52.260937" lon="5.707938">
        <ele>31.902719</ele>
        <time>2026-10-06T19:15:20.109Z</time>
      </trkpt>
      <trkpt lat="52.260563" lon="5.708192">
        <ele>32.208746</ele>
        <time>2026-10-06T19:15:29.139Z</time>
      </trkpt>
      <trkpt lat="52.259878" lon="5.708465">
        <ele>32.275933</ele>
        <time>2026-10-06T19:15:44.081Z</time>
      </trkpt>
      <trkpt lat="52.259168" lon="5.708761">
        <ele>32.318017</ele>
        <time>2026-10-06T19:15:58.528Z</time>
      </trkpt>
      <trkpt lat="52.258758" lon="5.708851">
        <ele>32.336532</ele>
        <time>2026-10-06T19:16:06.745Z</time>
      </trkpt>
      <trkpt lat="52.258118" lon="5.708944">
        <ele>32.143390</ele>
        <time>2026-10-06T19:16:19.244Z</time>
      </trkpt>
      <trkpt lat="52.257298" lon="5.709121">
        <ele>31.894757</ele>
        <time>2026-10-06T19:16:34.686Z</time>
      </trkpt>
      <trkpt lat="52.257249" lon="5.709161">
        <ele>31.878291</ele>
        <time>2026-10-06T19:16:35.697Z</time>
      </trkpt>
      <trkpt lat="52.255690" lon="5.709994">
        <ele>31.834448</ele>
        <time>2026-10-06T19:17:07.616Z</time>
      </trkpt>
      <trkpt lat="52.255062" lon="5.710220">
        <ele>32.029674</ele>
        <time>2026-10-06T19:17:22.392Z</time>
      </trkpt>
      <trkpt lat="52.254518" lon="5.710496">
        <ele>32.497490</ele>
        <time>2026-10-06T19:17:35.835Z</time>
      </trkpt>
      <trkpt lat="52.254244" lon="5.710483">
        <ele>32.722610</ele>
        <time>2026-10-06T19:17:42.283Z</time>
      </trkpt>
      <trkpt lat="52.253670" lon="5.710620">
        <ele>33.199019</ele>
        <time>2026-10-06T19:17:55.829Z</time>
      </trkpt>
      <trkpt lat="52.253326" lon="5.710784">
        <ele>33.615604</ele>
        <time>2026-10-06T19:18:04.437Z</time>
      </trkpt>
      <trkpt lat="52.253064" lon="5.710963">
        <ele>34.015265</ele>
        <time>2026-10-06T19:18:11.466Z</time>
      </trkpt>
      <trkpt lat="52.252629" lon="5.711328">
        <ele>34.703479</ele>
        <time>2026-10-06T19:18:24.084Z</time>
      </trkpt>
      <trkpt lat="52.252545" lon="5.711437">
        <ele>34.854452</ele>
        <time>2026-10-06T19:18:26.941Z</time>
      </trkpt>
      <trkpt lat="52.251980" lon="5.711823">
        <ele>35.716316</ele>
        <time>2026-10-06T19:18:43.570Z</time>
      </trkpt>
      <trkpt lat="52.251522" lon="5.712003">
        <ele>36.663818</ele>
        <time>2026-10-06T19:18:56.368Z</time>
      </trkpt>
      <trkpt lat="52.251154" lon="5.712009">
        <ele>37.461880</ele>
        <time>2026-10-06T19:19:06.276Z</time>
      </trkpt>
      <trkpt lat="52.250876" lon="5.711876">
        <ele>38.090059</ele>
        <time>2026-10-06T19:19:14.329Z</time>
      </trkpt>
      <trkpt lat="52.250729" lon="5.711672">
        <ele>38.508348</ele>
        <time>2026-10-06T19:19:19.927Z</time>
      </trkpt>
      <trkpt lat="52.250509" lon="5.711457">
        <ele>39.064294</ele>
        <time>2026-10-06T19:19:27.687Z</time>
      </trkpt>
      <trkpt lat="52.250196" lon="5.710591">
        <ele>40.420761</ele>
        <time>2026-10-06T19:19:47.551Z</time>
      </trkpt>
      <trkpt lat="52.249886" lon="5.709960">
        <ele>41.530378</ele>
        <time>2026-10-06T19:20:03.679Z</time>
      </trkpt>
      <trkpt lat="52.249739" lon="5.709769">
        <ele>41.951176</ele>
        <time>2026-10-06T19:20:09.669Z</time>
      </trkpt>
      <trkpt lat="52.249429" lon="5.709229">
        <ele>42.966467</ele>
        <time>2026-10-06T19:20:22.786Z</time>
      </trkpt>
      <trkpt lat="52.249224" lon="5.709060">
        <ele>43.480894</ele>
        <time>2026-10-06T19:20:28.587Z</time>
      </trkpt>
      <trkpt lat="52.249008" lon="5.708713">
        <ele>43.827262</ele>
        <time>2026-10-06T19:20:35.578Z</time>
      </trkpt>
      <trkpt lat="52.248893" lon="5.708243">
        <ele>43.908869</ele>
        <time>2026-10-06T19:20:41.923Z</time>
      </trkpt>
      <trkpt lat="52.248852" lon="5.708185">
        <ele>43.923153</ele>
        <time>2026-10-06T19:20:43.006Z</time>
      </trkpt>
      <trkpt lat="52.248632" lon="5.708112">
        <ele>43.982273</ele>
        <time>2026-10-06T19:20:47.349Z</time>
      </trkpt>
      <trkpt lat="52.248586" lon="5.708067">
        <ele>43.996394</ele>
        <time>2026-10-06T19:20:48.411Z</time>
      </trkpt>
      <trkpt lat="52.248316" lon="5.707568">
        <ele>44.103766</ele>
        <time>2026-10-06T19:20:56.258Z</time>
      </trkpt>
      <trkpt lat="52.248200" lon="5.707406">
        <ele>44.143959</ele>
        <time>2026-10-06T19:20:59.304Z</time>
      </trkpt>
      <trkpt lat="52.247799" lon="5.707006">
        <ele>44.269831</ele>
        <time>2026-10-06T19:21:09.317Z</time>
      </trkpt>
      <trkpt lat="52.247606" lon="5.706856">
        <ele>44.336992</ele>
        <time>2026-10-06T19:21:14.448Z</time>
      </trkpt>
      <trkpt lat="52.247337" lon="5.706714">
        <ele>44.425824</ele>
        <time>2026-10-06T19:21:21.116Z</time>
      </trkpt>
      <trkpt lat="52.247143" lon="5.706652">
        <ele>44.487940</ele>
        <time>2026-10-06T19:21:25.754Z</time>
      </trkpt>
      <trkpt lat="52.246937" lon="5.706636">
        <ele>44.552744</ele>
        <time>2026-10-06T19:21:30.476Z</time>
      </trkpt>
      <trkpt lat="52.246600" lon="5.706682">
        <ele>44.659007</ele>
        <time>2026-10-06T19:21:37.862Z</time>
      </trkpt>
      <trkpt lat="52.246285" lon="5.706848">
        <ele>44.763013</ele>
        <time>2026-10-06T19:21:44.614Z</time>
      </trkpt>
      <trkpt lat="52.245814" lon="5.707183">
        <ele>44.674985</ele>
        <time>2026-10-06T19:21:54.245Z</time>
      </trkpt>
      <trkpt lat="52.244984" lon="5.707594">
        <ele>44.284885</ele>
        <time>2026-10-06T19:22:09.709Z</time>
      </trkpt>
      <trkpt lat="52.243291" lon="5.708436">
        <ele>44.038511</ele>
        <time>2026-10-06T19:22:44.122Z</time>
      </trkpt>
      <trkpt lat="52.242533" lon="5.708760">
        <ele>44.029523</ele>
        <time>2026-10-06T19:23:01.241Z</time>
      </trkpt>
      <trkpt lat="52.242471" lon="5.708761">
        <ele>44.020025</ele>
        <time>2026-10-06T19:23:02.617Z</time>
      </trkpt>
      <trkpt lat="52.242159" lon="5.708665">
        <ele>43.971390</ele>
        <time>2026-10-06T19:23:09.638Z</time>
      </trkpt>
      <trkpt lat="52.241705" lon="5.708419">
        <ele>43.898114</ele>
        <time>2026-10-06T19:23:19.510Z</time>
      </trkpt>
      <trkpt lat="52.241483" lon="5.708372">
        <ele>43.863822</ele>
        <time>2026-10-06T19:23:23.757Z</time>
      </trkpt>
      <trkpt lat="52.241278" lon="5.708274">
        <ele>43.831101</ele>
        <time>2026-10-06T19:23:27.654Z</time>
      </trkpt>
      <trkpt lat="52.240909" lon="5.708317">
        <ele>43.766166</ele>
        <time>2026-10-06T19:23:34.229Z</time>
      </trkpt>
      <trkpt lat="52.240701" lon="5.708409">
        <ele>43.624592</ele>
        <time>2026-10-06T19:23:38.046Z</time>
      </trkpt>
      <trkpt lat="52.240556" lon="5.708383">
        <ele>43.528759</ele>
        <time>2026-10-06T19:23:40.627Z</time>
      </trkpt>
      <trkpt lat="52.240112" lon="5.708700">
        <ele>43.210403</ele>
        <time>2026-10-06T19:23:49.210Z</time>
      </trkpt>
      <trkpt lat="52.239493" lon="5.708881">
        <ele>42.797269</ele>
        <time>2026-10-06T19:24:00.557Z</time>
      </trkpt>
      <trkpt lat="52.239421" lon="5.708963">
        <ele>42.739600</ele>
        <time>2026-10-06T19:24:02.200Z</time>
      </trkpt>
      <trkpt lat="52.239377" lon="5.708985">
        <ele>42.709368</ele>
        <time>2026-10-06T19:24:02.802Z</time>
      </trkpt>
      <trkpt lat="52.239223" lon="5.709114">
        <ele>42.595660</ele>
        <time>2026-10-06T19:24:05.144Z</time>
      </trkpt>
      <trkpt lat="52.238420" lon="5.709957">
        <ele>42.274330</ele>
        <time>2026-10-06T19:24:18.424Z</time>
      </trkpt>
      <trkpt lat="52.238070" lon="5.710297">
        <ele>42.137327</ele>
        <time>2026-10-06T19:24:23.868Z</time>
      </trkpt>
      <trkpt lat="52.237172" lon="5.710909">
        <ele>42.047934</ele>
        <time>2026-10-06T19:24:37.349Z</time>
      </trkpt>
      <trkpt lat="52.237057" lon="5.710987">
        <ele>42.061354</ele>
        <time>2026-10-06T19:24:39.154Z</time>
      </trkpt>
      <trkpt lat="52.236574" lon="5.711273">
        <ele>42.116724</ele>
        <time>2026-10-06T19:24:47.118Z</time>
      </trkpt>
      <trkpt lat="52.235983" lon="5.711542">
        <ele>42.182845</ele>
        <time>2026-10-06T19:24:57.132Z</time>
      </trkpt>
      <trkpt lat="52.235702" lon="5.711668">
        <ele>42.352071</ele>
        <time>2026-10-06T19:25:02.146Z</time>
      </trkpt>
      <trkpt lat="52.235256" lon="5.711906">
        <ele>42.633337</ele>
        <time>2026-10-06T19:25:10.337Z</time>
      </trkpt>
      <trkpt lat="52.234766" lon="5.712166">
        <ele>42.942183</ele>
        <time>2026-10-06T19:25:19.331Z</time>
      </trkpt>
      <trkpt lat="52.234655" lon="5.712207">
        <ele>43.010402</ele>
        <time>2026-10-06T19:25:21.861Z</time>
      </trkpt>
      <trkpt lat="52.234572" lon="5.712213">
        <ele>43.060204</ele>
        <time>2026-10-06T19:25:23.700Z</time>
      </trkpt>
      <trkpt lat="52.234423" lon="5.712059">
        <ele>43.165910</ele>
        <time>2026-10-06T19:25:27.610Z</time>
      </trkpt>
      <trkpt lat="52.234269" lon="5.712285">
        <ele>43.301718</ele>
        <time>2026-10-06T19:25:32.242Z</time>
      </trkpt>
      <trkpt lat="52.233882" lon="5.712635">
        <ele>43.678368</ele>
        <time>2026-10-06T19:25:42.616Z</time>
      </trkpt>
      <trkpt lat="52.233385" lon="5.713340">
        <ele>44.238883</ele>
        <time>2026-10-06T19:25:58.568Z</time>
      </trkpt>
      <trkpt lat="52.233212" lon="5.713667">
        <ele>44.464197</ele>
        <time>2026-10-06T19:26:04.857Z</time>
      </trkpt>
      <trkpt lat="52.233074" lon="5.713543">
        <ele>44.598304</ele>
        <time>2026-10-06T19:26:08.576Z</time>
      </trkpt>
      <trkpt lat="52.232461" lon="5.713237">
        <ele>45.047412</ele>
        <time>2026-10-06T19:26:23.565Z</time>
      </trkpt>
      <trkpt lat="52.232281" lon="5.713146">
        <ele>45.163608</ele>
        <time>2026-10-06T19:26:27.992Z</time>
      </trkpt>
      <trkpt lat="52.232156" lon="5.713078">
        <ele>45.244855</ele>
        <time>2026-10-06T19:26:31.045Z</time>
      </trkpt>
      <trkpt lat="52.232024" lon="5.713012">
        <ele>45.329983</ele>
        <time>2026-10-06T19:26:34.169Z</time>
      </trkpt>
      <trkpt lat="52.231894" lon="5.712945">
        <ele>45.414046</ele>
        <time>2026-10-06T19:26:37.220Z</time>
      </trkpt>
      <trkpt lat="52.231812" lon="5.712894">
        <ele>45.468156</ele>
        <time>2026-10-06T19:26:39.169Z</time>
      </trkpt>
      <trkpt lat="52.231705" lon="5.712824">
        <ele>45.539237</ele>
        <time>2026-10-06T19:26:41.724Z</time>
      </trkpt>
      <trkpt lat="52.230442" lon="5.711902">
        <ele>46.108353</ele>
        <time>2026-10-06T19:27:04.941Z</time>
      </trkpt>
      <trkpt lat="52.230121" lon="5.711713">
        <ele>46.196732</ele>
        <time>2026-10-06T19:27:10.431Z</time>
      </trkpt>
      <trkpt lat="52.229600" lon="5.711550">
        <ele>46.334125</ele>
        <time>2026-10-06T19:27:18.488Z</time>
      </trkpt>
      <trkpt lat="52.229547" lon="5.711474">
        <ele>46.352394</ele>
        <time>2026-10-06T19:27:19.533Z</time>
      </trkpt>
      <trkpt lat="52.229486" lon="5.711275">
        <ele>46.327386</ele>
        <time>2026-10-06T19:27:21.472Z</time>
      </trkpt>
      <trkpt lat="52.228793" lon="5.710741">
        <ele>45.901459</ele>
        <time>2026-10-06T19:27:31.714Z</time>
      </trkpt>
      <trkpt lat="52.227180" lon="5.709312">
        <ele>44.315625</ele>
        <time>2026-10-06T19:27:54.868Z</time>
      </trkpt>
      <trkpt lat="52.226560" lon="5.708880">
        <ele>43.505969</ele>
        <time>2026-10-06T19:28:02.551Z</time>
      </trkpt>
      <trkpt lat="52.226417" lon="5.708800">
        <ele>43.324410</ele>
        <time>2026-10-06T19:28:04.260Z</time>
      </trkpt>
      <trkpt lat="52.226115" lon="5.708623">
        <ele>42.924551</ele>
        <time>2026-10-06T19:28:07.892Z</time>
      </trkpt>
      <trkpt lat="52.225924" lon="5.708563">
        <ele>42.678395</ele>
        <time>2026-10-06T19:28:10.078Z</time>
      </trkpt>
      <trkpt lat="52.224264" lon="5.708263">
        <ele>40.782461</ele>
        <time>2026-10-06T19:28:30.062Z</time>
      </trkpt>
      <trkpt lat="52.224303" lon="5.708168">
        <ele>40.746331</ele>
        <time>2026-10-06T19:28:30.999Z</time>
      </trkpt>
      <trkpt lat="52.224765" lon="5.707044">
        <ele>40.318697</ele>
        <time>2026-10-06T19:28:41.986Z</time>
      </trkpt>
      <trkpt lat="52.223927" lon="5.706159">
        <ele>40.023956</ele>
        <time>2026-10-06T19:29:18.386Z</time>
      </trkpt>
      <trkpt lat="52.223845" lon="5.706072">
        <ele>40.028827</ele>
        <time>2026-10-06T19:29:21.981Z</time>
      </trkpt>
      <trkpt lat="52.223927" lon="5.706159">
        <ele>40.033697</ele>
        <time>2026-10-06T19:29:25.665Z</time>
      </trkpt>
      <trkpt lat="52.224765" lon="5.707044">
        <ele>40.083403</ele>
        <time>2026-10-06T19:30:03.228Z</time>
      </trkpt>
      <trkpt lat="52.224303" lon="5.708168">
        <ele>39.855583</ele>
        <time>2026-10-06T19:30:15.938Z</time>
      </trkpt>
      <trkpt lat="52.224264" lon="5.708263">
        <ele>39.828327</ele>
        <time>2026-10-06T19:30:16.920Z</time>
      </trkpt>
      <trkpt lat="52.223729" lon="5.708172">
        <ele>39.619050</ele>
        <time>2026-10-06T19:30:24.154Z</time>
      </trkpt>
      <trkpt lat="52.222318" lon="5.708053">
        <ele>38.138800</ele>
        <time>2026-10-06T19:30:41.764Z</time>
      </trkpt>
      <trkpt lat="52.220114" lon="5.707915">
        <ele>34.254411</ele>
        <time>2026-10-06T19:31:05.846Z</time>
      </trkpt>
      <trkpt lat="52.219886" lon="5.707899">
        <ele>33.806823</ele>
        <time>2026-10-06T19:31:08.334Z</time>
      </trkpt>
      <trkpt lat="52.219673" lon="5.707876">
        <ele>33.388155</ele>
        <time>2026-10-06T19:31:10.678Z</time>
      </trkpt>
      <trkpt lat="52.218661" lon="5.707804">
        <ele>32.313248</ele>
        <time>2026-10-06T19:31:22.440Z</time>
      </trkpt>
      <trkpt lat="52.216538" lon="5.707609">
        <ele>31.107129</ele>
        <time>2026-10-06T19:31:51.308Z</time>
      </trkpt>
      <trkpt lat="52.216239" lon="5.707572">
        <ele>31.020514</ele>
        <time>2026-10-06T19:31:55.654Z</time>
      </trkpt>
      <trkpt lat="52.215846" lon="5.707433">
        <ele>30.868679</ele>
        <time>2026-10-06T19:32:01.468Z</time>
      </trkpt>
      <trkpt lat="52.215543" lon="5.707280">
        <ele>30.689617</ele>
        <time>2026-10-06T19:32:06.035Z</time>
      </trkpt>
      <trkpt lat="52.215193" lon="5.707030">
        <ele>30.473927</ele>
        <time>2026-10-06T19:32:11.338Z</time>
      </trkpt>
      <trkpt lat="52.214657" lon="5.706512">
        <ele>30.122252</ele>
        <time>2026-10-06T19:32:19.426Z</time>
      </trkpt>
      <trkpt lat="52.213901" lon="5.705958">
        <ele>29.410694</ele>
        <time>2026-10-06T19:32:29.278Z</time>
      </trkpt>
      <trkpt lat="52.213759" lon="5.705920">
        <ele>29.256643</ele>
        <time>2026-10-06T19:32:30.985Z</time>
      </trkpt>
      <trkpt lat="52.213454" lon="5.705987">
        <ele>28.927174</ele>
        <time>2026-10-06T19:32:34.646Z</time>
      </trkpt>
      <trkpt lat="52.213391" lon="5.705963">
        <ele>28.857915</ele>
        <time>2026-10-06T19:32:35.748Z</time>
      </trkpt>
      <trkpt lat="52.213338" lon="5.705896">
        <ele>28.786144</ele>
        <time>2026-10-06T19:32:36.878Z</time>
      </trkpt>
      <trkpt lat="52.212958" lon="5.704692">
        <ele>27.956762</ele>
        <time>2026-10-06T19:32:46.918Z</time>
      </trkpt>
      <trkpt lat="52.212407" lon="5.703133">
        <ele>27.452801</ele>
        <time>2026-10-06T19:33:01.449Z</time>
      </trkpt>
      <trkpt lat="52.208608" lon="5.689878">
        <ele>26.474587</ele>
        <time>2026-10-06T19:35:12.515Z</time>
      </trkpt>
      <trkpt lat="52.207025" lon="5.684372">
        <ele>24.505766</ele>
        <time>2026-10-06T19:36:00.941Z</time>
      </trkpt>
      <trkpt lat="52.204077" lon="5.674103">
        <ele>20.620558</ele>
        <time>2026-10-06T19:37:31.982Z</time>
      </trkpt>
      <trkpt lat="52.201944" lon="5.666770">
        <ele>19.042841</ele>
        <time>2026-10-06T19:38:40.566Z</time>
      </trkpt>
      <trkpt lat="52.200900" lon="5.663072">
        <ele>18.438689</ele>
        <time>2026-10-06T19:39:15.531Z</time>
      </trkpt>
      <trkpt lat="52.200830" lon="5.663167">
        <ele>18.416256</ele>
        <time>2026-10-06T19:39:17.283Z</time>
      </trkpt>
      <trkpt lat="52.200745" lon="5.663235">
        <ele>18.392931</ele>
        <time>2026-10-06T19:39:18.583Z</time>
      </trkpt>
      <trkpt lat="52.200463" lon="5.663469">
        <ele>18.311698</ele>
        <time>2026-10-06T19:39:22.929Z</time>
      </trkpt>
      <trkpt lat="52.200361" lon="5.663590">
        <ele>18.269079</ele>
        <time>2026-10-06T19:39:24.660Z</time>
      </trkpt>
      <trkpt lat="52.199597" lon="5.665384">
        <ele>17.816592</ele>
        <time>2026-10-06T19:39:42.895Z</time>
      </trkpt>
      <trkpt lat="52.199272" lon="5.666131">
        <ele>17.659470</ele>
        <time>2026-10-06T19:39:50.656Z</time>
      </trkpt>
      <trkpt lat="52.197294" lon="5.670681">
        <ele>17.112408</ele>
        <time>2026-10-06T19:40:38.976Z</time>
      </trkpt>
      <trkpt lat="52.195972" lon="5.673732">
        <ele>17.619935</ele>
        <time>2026-10-06T19:41:15.526Z</time>
      </trkpt>
      <trkpt lat="52.193927" lon="5.678453">
        <ele>18.404713</ele>
        <time>2026-10-06T19:42:12.482Z</time>
      </trkpt>
      <trkpt lat="52.193141" lon="5.680275">
        <ele>18.127864</ele>
        <time>2026-10-06T19:42:30.706Z</time>
      </trkpt>
      <trkpt lat="52.193068" lon="5.680445">
        <ele>18.092797</ele>
        <time>2026-10-06T19:42:32.393Z</time>
      </trkpt>
      <trkpt lat="52.193043" lon="5.680498">
        <ele>18.081499</ele>
        <time>2026-10-06T19:42:32.938Z</time>
      </trkpt>
      <trkpt lat="52.190068" lon="5.682154">
        <ele>17.430010</ele>
        <time>2026-10-06T19:43:34.001Z</time>
      </trkpt>
      <trkpt lat="52.188314" lon="5.683157">
        <ele>17.701141</ele>
        <time>2026-10-06T19:44:13.041Z</time>
      </trkpt>
      <trkpt lat="52.186689" lon="5.678192">
        <ele>18.382088</ele>
        <time>2026-10-06T19:45:25.711Z</time>
      </trkpt>
      <trkpt lat="52.186660" lon="5.678040">
        <ele>18.400735</ele>
        <time>2026-10-06T19:45:27.749Z</time>
      </trkpt>
      <trkpt lat="52.186663" lon="5.677876">
        <ele>18.419953</ele>
        <time>2026-10-06T19:45:29.850Z</time>
      </trkpt>
      <trkpt lat="52.186720" lon="5.677701">
        <ele>18.435414</ele>
        <time>2026-10-06T19:45:32.386Z</time>
      </trkpt>
      <trkpt lat="52.186856" lon="5.677451">
        <ele>18.432427</ele>
        <time>2026-10-06T19:45:36.645Z</time>
      </trkpt>
      <trkpt lat="52.186865" lon="5.677202">
        <ele>18.430198</ele>
        <time>2026-10-06T19:45:39.791Z</time>
      </trkpt>
      <trkpt lat="52.186487" lon="5.677730">
        <ele>18.422944</ele>
        <time>2026-10-06T19:45:47.022Z</time>
      </trkpt>
      <trkpt lat="52.186109" lon="5.678303">
        <ele>18.415422</ele>
        <time>2026-10-06T19:45:57.373Z</time>
      </trkpt>
      <trkpt lat="52.185758" lon="5.678836">
        <ele>18.384185</ele>
        <time>2026-10-06T19:46:04.424Z</time>
      </trkpt>
      <trkpt lat="52.185582" lon="5.679016">
        <ele>18.325295</ele>
        <time>2026-10-06T19:46:07.293Z</time>
      </trkpt>
      <trkpt lat="52.185426" lon="5.679102">
        <ele>18.278614</ele>
        <time>2026-10-06T19:46:09.541Z</time>
      </trkpt>
      <trkpt lat="52.185218" lon="5.679199">
        <ele>18.217286</ele>
        <time>2026-10-06T19:46:12.459Z</time>
      </trkpt>
      <trkpt lat="52.183838" lon="5.679163">
        <ele>17.858768</ele>
        <time>2026-10-06T19:46:31.518Z</time>
      </trkpt>
      <trkpt lat="52.182504" lon="5.679141">
        <ele>17.648279</ele>
        <time>2026-10-06T19:46:50.653Z</time>
      </trkpt>
      <trkpt lat="52.182081" lon="5.679134">
        <ele>17.563929</ele>
        <time>2026-10-06T19:46:56.545Z</time>
      </trkpt>
      <trkpt lat="52.180632" lon="5.679110">
        <ele>17.218739</ele>
        <time>2026-10-06T19:47:16.611Z</time>
      </trkpt>
      <trkpt lat="52.179685" lon="5.679112">
        <ele>17.192366</ele>
        <time>2026-10-06T19:47:30.889Z</time>
      </trkpt>
      <trkpt lat="52.179613" lon="5.679138">
        <ele>17.192795</ele>
        <time>2026-10-06T19:47:32.024Z</time>
      </trkpt>
      <trkpt lat="52.178081" lon="5.680308">
        <ele>17.034908</ele>
        <time>2026-10-06T19:47:56.931Z</time>
      </trkpt>
      <trkpt lat="52.177885" lon="5.680329">
        <ele>16.993978</ele>
        <time>2026-10-06T19:47:59.638Z</time>
      </trkpt>
      <trkpt lat="52.177271" lon="5.680085">
        <ele>16.862289</ele>
        <time>2026-10-06T19:48:08.154Z</time>
      </trkpt>
      <trkpt lat="52.177248" lon="5.679459">
        <ele>16.828070</ele>
        <time>2026-10-06T19:48:13.346Z</time>
      </trkpt>
      <trkpt lat="52.177120" lon="5.678620">
        <ele>16.840910</ele>
        <time>2026-10-06T19:48:20.689Z</time>
      </trkpt>
      <trkpt lat="52.176190" lon="5.675720">
        <ele>17.098436</ele>
        <time>2026-10-06T19:48:52.575Z</time>
      </trkpt>
      <trkpt lat="52.176108" lon="5.675270">
        <ele>17.169679</ele>
        <time>2026-10-06T19:48:57.274Z</time>
      </trkpt>
      <trkpt lat="52.176102" lon="5.674976">
        <ele>17.214321</ele>
        <time>2026-10-06T19:49:00.185Z</time>
      </trkpt>
      <trkpt lat="52.176153" lon="5.674599">
        <ele>17.272910</ele>
        <time>2026-10-06T19:49:05.219Z</time>
      </trkpt>
      <trkpt lat="52.176348" lon="5.673865">
        <ele>17.311144</ele>
        <time>2026-10-06T19:49:15.473Z</time>
      </trkpt>
      <trkpt lat="52.176386" lon="5.673645">
        <ele>17.310797</ele>
        <time>2026-10-06T19:49:18.401Z</time>
      </trkpt>
      <trkpt lat="52.176457" lon="5.672415">
        <ele>17.308922</ele>
        <time>2026-10-06T19:49:33.535Z</time>
      </trkpt>
      <trkpt lat="52.176480" lon="5.671610">
        <ele>17.307699</ele>
        <time>2026-10-06T19:49:43.306Z</time>
      </trkpt>
      <trkpt lat="52.176435" lon="5.671002">
        <ele>17.245598</ele>
        <time>2026-10-06T19:49:50.725Z</time>
      </trkpt>
      <trkpt lat="52.176122" lon="5.668422">
        <ele>16.908615</ele>
        <time>2026-10-06T19:50:22.105Z</time>
      </trkpt>
      <trkpt lat="52.175935" lon="5.667554">
        <ele>16.764251</ele>
        <time>2026-10-06T19:50:32.887Z</time>
      </trkpt>
      <trkpt lat="52.175790" lon="5.666700">
        <ele>16.625203</ele>
        <time>2026-10-06T19:50:43.351Z</time>
      </trkpt>
      <trkpt lat="52.175719" lon="5.666049">
        <ele>16.521447</ele>
        <time>2026-10-06T19:50:51.223Z</time>
      </trkpt>
      <trkpt lat="52.175709" lon="5.665888">
        <ele>16.496054</ele>
        <time>2026-10-06T19:50:52.595Z</time>
      </trkpt>
      <trkpt lat="52.175670" lon="5.665375">
        <ele>16.430214</ele>
        <time>2026-10-06T19:50:57.023Z</time>
      </trkpt>
      <trkpt lat="52.175550" lon="5.664250">
        <ele>16.294438</ele>
        <time>2026-10-06T19:51:07.096Z</time>
      </trkpt>
      <trkpt lat="52.175440" lon="5.663630">
        <ele>16.217694</ele>
        <time>2026-10-06T19:51:12.733Z</time>
      </trkpt>
      <trkpt lat="52.175282" lon="5.662961">
        <ele>16.132452</ele>
        <time>2026-10-06T19:51:18.887Z</time>
      </trkpt>
      <trkpt lat="52.175080" lon="5.662348">
        <ele>15.990463</ele>
        <time>2026-10-06T19:51:24.701Z</time>
      </trkpt>
      <trkpt lat="52.174804" lon="5.661771">
        <ele>15.838644</ele>
        <time>2026-10-06T19:51:30.703Z</time>
      </trkpt>
      <trkpt lat="52.174023" lon="5.660361">
        <ele>15.512998</ele>
        <time>2026-10-06T19:51:46.529Z</time>
      </trkpt>
      <trkpt lat="52.172883" lon="5.658759">
        <ele>15.461289</ele>
        <time>2026-10-06T19:52:08.999Z</time>
      </trkpt>
      <trkpt lat="52.172722" lon="5.658465">
        <ele>15.475617</ele>
        <time>2026-10-06T19:52:12.747Z</time>
      </trkpt>
      <trkpt lat="52.171430" lon="5.655040">
        <ele>15.567997</ele>
        <time>2026-10-06T19:52:50.160Z</time>
      </trkpt>
      <trkpt lat="52.171340" lon="5.654750">
        <ele>15.552893</ele>
        <time>2026-10-06T19:52:53.037Z</time>
      </trkpt>
      <trkpt lat="52.171230" lon="5.654220">
        <ele>15.526890</ele>
        <time>2026-10-06T19:52:57.943Z</time>
      </trkpt>
      <trkpt lat="52.171170" lon="5.653610">
        <ele>15.498180</ele>
        <time>2026-10-06T19:53:03.293Z</time>
      </trkpt>
      <trkpt lat="52.171060" lon="5.649606">
        <ele>14.974912</ele>
        <time>2026-10-06T19:53:37.603Z</time>
      </trkpt>
      <trkpt lat="52.171020" lon="5.649205">
        <ele>14.941986</ele>
        <time>2026-10-06T19:53:41.092Z</time>
      </trkpt>
      <trkpt lat="52.169454" lon="5.642705">
        <ele>14.470926</ele>
        <time>2026-10-06T19:54:42.751Z</time>
      </trkpt>
      <trkpt lat="52.169360" lon="5.642480">
        <ele>14.459034</ele>
        <time>2026-10-06T19:54:45.222Z</time>
      </trkpt>
      <trkpt lat="52.168116" lon="5.641737">
        <ele>14.575110</ele>
        <time>2026-10-06T19:55:05.544Z</time>
      </trkpt>
      <trkpt lat="52.166476" lon="5.640772">
        <ele>14.442048</ele>
        <time>2026-10-06T19:55:31.795Z</time>
      </trkpt>
      <trkpt lat="52.164634" lon="5.639639">
        <ele>13.665216</ele>
        <time>2026-10-06T19:55:57.770Z</time>
      </trkpt>
      <trkpt lat="52.164337" lon="5.639313">
        <ele>13.486212</ele>
        <time>2026-10-06T19:56:02.549Z</time>
      </trkpt>
      <trkpt lat="52.164032" lon="5.638868">
        <ele>13.323955</ele>
        <time>2026-10-06T19:56:08.012Z</time>
      </trkpt>
      <trkpt lat="52.163900" lon="5.638510">
        <ele>13.228263</ele>
        <time>2026-10-06T19:56:11.445Z</time>
      </trkpt>
      <trkpt lat="52.163365" lon="5.636752">
        <ele>12.778674</ele>
        <time>2026-10-06T19:56:27.698Z</time>
      </trkpt>
      <trkpt lat="52.163282" lon="5.636395">
        <ele>12.801585</ele>
        <time>2026-10-06T19:56:30.975Z</time>
      </trkpt>
      <trkpt lat="52.162967" lon="5.633586">
        <ele>12.988928</ele>
        <time>2026-10-06T19:56:58.410Z</time>
      </trkpt>
      <trkpt lat="52.162880" lon="5.633090">
        <ele>13.027741</ele>
        <time>2026-10-06T19:57:03.577Z</time>
      </trkpt>
      <trkpt lat="52.162719" lon="5.632406">
        <ele>13.082862</ele>
        <time>2026-10-06T19:57:10.706Z</time>
      </trkpt>
      <trkpt lat="52.162664" lon="5.632257">
        <ele>13.095946</ele>
        <time>2026-10-06T19:57:12.380Z</time>
      </trkpt>
      <trkpt lat="52.161747" lon="5.633649">
        <ele>13.136512</ele>
        <time>2026-10-06T19:57:30.659Z</time>
      </trkpt>
      <trkpt lat="52.161488" lon="5.633969">
        <ele>13.104364</ele>
        <time>2026-10-06T19:57:35.193Z</time>
      </trkpt>
      <trkpt lat="52.161100" lon="5.634360">
        <ele>13.059241</ele>
        <time>2026-10-06T19:57:41.725Z</time>
      </trkpt>
      <trkpt lat="52.160995" lon="5.634406">
        <ele>13.048486</ele>
        <time>2026-10-06T19:57:43.313Z</time>
      </trkpt>
      <trkpt lat="52.160816" lon="5.634411">
        <ele>13.030776</ele>
        <time>2026-10-06T19:57:45.949Z</time>
      </trkpt>
      <trkpt lat="52.159760" lon="5.634350">
        <ele>12.887847</ele>
        <time>2026-10-06T19:58:01.381Z</time>
      </trkpt>
      <trkpt lat="52.158400" lon="5.635208">
        <ele>12.741601</ele>
        <time>2026-10-06T19:58:21.793Z</time>
      </trkpt>
      <trkpt lat="52.158287" lon="5.635336">
        <ele>12.739641</ele>
        <time>2026-10-06T19:58:23.751Z</time>
      </trkpt>
      <trkpt lat="52.158212" lon="5.635509">
        <ele>12.737789</ele>
        <time>2026-10-06T19:58:25.610Z</time>
      </trkpt>
      <trkpt lat="52.158185" lon="5.635757">
        <ele>12.735588</ele>
        <time>2026-10-06T19:58:27.857Z</time>
      </trkpt>
      <trkpt lat="52.158149" lon="5.640417">
        <ele>12.981992</ele>
        <time>2026-10-06T19:59:12.206Z</time>
      </trkpt>
      <trkpt lat="52.158114" lon="5.643069">
        <ele>13.150305</ele>
        <time>2026-10-06T19:59:36.633Z</time>
      </trkpt>
      <trkpt lat="52.158076" lon="5.643414">
        <ele>13.202923</ele>
        <time>2026-10-06T19:59:39.960Z</time>
      </trkpt>
      <trkpt lat="52.158015" lon="5.643700">
        <ele>13.248377</ele>
        <time>2026-10-06T19:59:42.869Z</time>
      </trkpt>
      <trkpt lat="52.156843" lon="5.647307">
        <ele>13.850359</ele>
        <time>2026-10-06T20:00:22.803Z</time>
      </trkpt>
      <trkpt lat="52.156676" lon="5.647664">
        <ele>13.915100</ele>
        <time>2026-10-06T20:00:27.147Z</time>
      </trkpt>
      <trkpt lat="52.156500" lon="5.647953">
        <ele>13.973824</ele>
        <time>2026-10-06T20:00:31.032Z</time>
      </trkpt>
      <trkpt lat="52.155819" lon="5.648871">
        <ele>14.050481</ele>
        <time>2026-10-06T20:00:44.431Z</time>
      </trkpt>
      <trkpt lat="52.155487" lon="5.648765">
        <ele>14.068942</ele>
        <time>2026-10-06T20:00:49.500Z</time>
      </trkpt>
      <trkpt lat="52.155106" lon="5.648696">
        <ele>14.089861</ele>
        <time>2026-10-06T20:00:55.253Z</time>
      </trkpt>
      <trkpt lat="52.154904" lon="5.648624">
        <ele>14.101145</ele>
        <time>2026-10-06T20:00:58.337Z</time>
      </trkpt>
      <trkpt lat="52.154729" lon="5.648492">
        <ele>14.110757</ele>
        <time>2026-10-06T20:01:01.200Z</time>
      </trkpt>
      <trkpt lat="52.152911" lon="5.646378">
        <ele>14.127452</ele>
        <time>2026-10-06T20:01:34.751Z</time>
      </trkpt>
      <trkpt lat="52.152727" lon="5.646336">
        <ele>14.109723</ele>
        <time>2026-10-06T20:01:37.446Z</time>
      </trkpt>
      <trkpt lat="52.151044" lon="5.646434">
        <ele>13.925702</ele>
        <time>2026-10-06T20:02:01.306Z</time>
      </trkpt>
      <trkpt lat="52.151018" lon="5.646132">
        <ele>13.899977</ele>
        <time>2026-10-06T20:02:03.974Z</time>
      </trkpt>
      <trkpt lat="52.150924" lon="5.645750">
        <ele>13.865259</ele>
        <time>2026-10-06T20:02:07.536Z</time>
      </trkpt>
      <trkpt lat="52.150780" lon="5.645498">
        <ele>13.836211</ele>
        <time>2026-10-06T20:02:10.487Z</time>
      </trkpt>
      <trkpt lat="52.150522" lon="5.645285">
        <ele>13.796450</ele>
        <time>2026-10-06T20:02:14.541Z</time>
      </trkpt>
      <trkpt lat="52.150304" lon="5.645108">
        <ele>13.762966</ele>
        <time>2026-10-06T20:02:18.115Z</time>
      </trkpt>
      <trkpt lat="52.150060" lon="5.644791">
        <ele>13.768262</ele>
        <time>2026-10-06T20:02:22.874Z</time>
      </trkpt>
      <trkpt lat="52.149919" lon="5.644424">
        <ele>13.782599</ele>
        <time>2026-10-06T20:02:26.977Z</time>
      </trkpt>
      <trkpt lat="52.149862" lon="5.644128">
        <ele>13.792871</ele>
        <time>2026-10-06T20:02:29.813Z</time>
      </trkpt>
      <trkpt lat="52.149846" lon="5.643914">
        <ele>13.800009</ele>
        <time>2026-10-06T20:02:31.788Z</time>
      </trkpt>
      <trkpt lat="52.149769" lon="5.643925">
        <ele>13.804180</ele>
        <time>2026-10-06T20:02:33.355Z</time>
      </trkpt>
      <trkpt lat="52.149704" lon="5.643936">
        <ele>13.807707</ele>
        <time>2026-10-06T20:02:34.321Z</time>
      </trkpt>
      <trkpt lat="52.148494" lon="5.643535">
        <ele>13.816395</ele>
        <time>2026-10-06T20:02:53.026Z</time>
      </trkpt>
      <trkpt lat="52.145773" lon="5.642789">
        <ele>13.526056</ele>
        <time>2026-10-06T20:03:47.283Z</time>
      </trkpt>
      <trkpt lat="52.145620" lon="5.642766">
        <ele>13.506684</ele>
        <time>2026-10-06T20:03:50.340Z</time>
      </trkpt>
      <trkpt lat="52.146069" lon="5.641234">
        <ele>13.410639</ele>
        <time>2026-10-06T20:04:05.606Z</time>
      </trkpt>
      <trkpt lat="52.146714" lon="5.639054">
        <ele>13.282063</ele>
        <time>2026-10-06T20:04:27.211Z</time>
      </trkpt>
      <trkpt lat="52.145153" lon="5.638270">
        <ele>13.140693</ele>
        <time>2026-10-06T20:04:59.441Z</time>
      </trkpt>
      <trkpt lat="52.144889" lon="5.638138">
        <ele>13.133207</ele>
        <time>2026-10-06T20:05:04.939Z</time>
      </trkpt>
      <trkpt lat="52.142408" lon="5.636862">
        <ele>13.101429</ele>
        <time>2026-10-06T20:05:57.724Z</time>
      </trkpt>
      <trkpt lat="52.142256" lon="5.636845">
        <ele>13.101587</ele>
        <time>2026-10-06T20:06:00.711Z</time>
      </trkpt>
      <trkpt lat="52.142215" lon="5.636901">
        <ele>13.101642</ele>
        <time>2026-10-06T20:06:01.763Z</time>
      </trkpt>
      <trkpt lat="52.141868" lon="5.637785">
        <ele>13.161985</ele>
        <time>2026-10-06T20:06:14.625Z</time>
      </trkpt>
      <trkpt lat="52.141809" lon="5.637865">
        <ele>13.172768</ele>
        <time>2026-10-06T20:06:16.184Z</time>
      </trkpt>
      <trkpt lat="52.141668" lon="5.637902">
        <ele>13.192832</ele>
        <time>2026-10-06T20:06:19.104Z</time>
      </trkpt>
      <trkpt lat="52.141577" lon="5.637875">
        <ele>13.205826</ele>
        <time>2026-10-06T20:06:20.999Z</time>
      </trkpt>
      <trkpt lat="52.140161" lon="5.637011">
        <ele>13.327673</ele>
        <time>2026-10-06T20:06:53.063Z</time>
      </trkpt>
      <trkpt lat="52.138738" lon="5.636125">
        <ele>13.226337</ele>
        <time>2026-10-06T20:07:22.977Z</time>
      </trkpt>
      <trkpt lat="52.138624" lon="5.635958">
        <ele>13.207747</ele>
        <time>2026-10-06T20:07:25.996Z</time>
      </trkpt>
      <trkpt lat="52.138351" lon="5.635135">
        <ele>13.138118</ele>
        <time>2026-10-06T20:07:37.326Z</time>
      </trkpt>
      <trkpt lat="52.138225" lon="5.634766">
        <ele>13.106689</ele>
        <time>2026-10-06T20:07:42.450Z</time>
      </trkpt>
      <trkpt lat="52.138130" lon="5.634530">
        <ele>13.085683</ele>
        <time>2026-10-06T20:07:45.898Z</time>
      </trkpt>
      <trkpt lat="52.137980" lon="5.634300">
        <ele>13.060705</ele>
        <time>2026-10-06T20:07:50.022Z</time>
      </trkpt>
      <trkpt lat="52.137593" lon="5.633815">
        <ele>12.994326</ele>
        <time>2026-10-06T20:07:59.670Z</time>
      </trkpt>
      <trkpt lat="52.136548" lon="5.632675">
        <ele>12.803207</ele>
        <time>2026-10-06T20:08:17.484Z</time>
      </trkpt>
      <trkpt lat="52.134880" lon="5.630710">
        <ele>12.418610</ele>
        <time>2026-10-06T20:08:47.002Z</time>
      </trkpt>
      <trkpt lat="52.134000" lon="5.629810">
        <ele>12.048991</ele>
        <time>2026-10-06T20:09:00.856Z</time>
      </trkpt>
      <trkpt lat="52.133543" lon="5.629536">
        <ele>11.871942</ele>
        <time>2026-10-06T20:09:07.364Z</time>
      </trkpt>
      <trkpt lat="52.133360" lon="5.629360">
        <ele>11.794679</ele>
        <time>2026-10-06T20:09:10.260Z</time>
      </trkpt>
      <trkpt lat="52.132280" lon="5.628072">
        <ele>11.692989</ele>
        <time>2026-10-06T20:09:29.742Z</time>
      </trkpt>
      <trkpt lat="52.132421" lon="5.626940">
        <ele>11.663029</ele>
        <time>2026-10-06T20:09:40.621Z</time>
      </trkpt>
      <trkpt lat="52.132664" lon="5.624832">
        <ele>11.652546</ele>
        <time>2026-10-06T20:10:00.141Z</time>
      </trkpt>
      <trkpt lat="52.132684" lon="5.624560">
        <ele>11.651207</ele>
        <time>2026-10-06T20:10:02.555Z</time>
      </trkpt>
      <trkpt lat="52.132663" lon="5.624001">
        <ele>11.619083</ele>
        <time>2026-10-06T20:10:07.455Z</time>
      </trkpt>
      <trkpt lat="52.132543" lon="5.623064">
        <ele>11.513338</ele>
        <time>2026-10-06T20:10:15.678Z</time>
      </trkpt>
      <trkpt lat="52.132354" lon="5.622132">
        <ele>11.404902</ele>
        <time>2026-10-06T20:10:23.982Z</time>
      </trkpt>
      <trkpt lat="52.131978" lon="5.620530">
        <ele>11.380804</ele>
        <time>2026-10-06T20:10:39.537Z</time>
      </trkpt>
      <trkpt lat="52.131908" lon="5.619975">
        <ele>11.411727</ele>
        <time>2026-10-06T20:10:44.951Z</time>
      </trkpt>
      <trkpt lat="52.131876" lon="5.619385">
        <ele>11.444054</ele>
        <time>2026-10-06T20:10:50.662Z</time>
      </trkpt>
      <trkpt lat="52.131885" lon="5.618835">
        <ele>11.474082</ele>
        <time>2026-10-06T20:10:55.956Z</time>
      </trkpt>
      <trkpt lat="52.132043" lon="5.615556">
        <ele>11.517469</ele>
        <time>2026-10-06T20:11:25.655Z</time>
      </trkpt>
      <trkpt lat="52.132022" lon="5.613145">
        <ele>11.604353</ele>
        <time>2026-10-06T20:11:48.239Z</time>
      </trkpt>
      <trkpt lat="52.131935" lon="5.608744">
        <ele>11.793380</ele>
        <time>2026-10-06T20:12:29.078Z</time>
      </trkpt>
      <trkpt lat="52.131945" lon="5.608336">
        <ele>11.807708</ele>
        <time>2026-10-06T20:12:33.033Z</time>
      </trkpt>
      <trkpt lat="52.131881" lon="5.608328">
        <ele>11.811378</ele>
        <time>2026-10-06T20:12:34.401Z</time>
      </trkpt>
      <trkpt lat="52.131772" lon="5.608310">
        <ele>11.817641</ele>
        <time>2026-10-06T20:12:36.680Z</time>
      </trkpt>
      <trkpt lat="52.130970" lon="5.608460">
        <ele>11.833764</ele>
        <time>2026-10-06T20:12:53.071Z</time>
      </trkpt>
      <trkpt lat="52.130164" lon="5.606904">
        <ele>11.546716</ele>
        <time>2026-10-06T20:13:17.198Z</time>
      </trkpt>
      <trkpt lat="52.129028" lon="5.608458">
        <ele>11.163090</ele>
        <time>2026-10-06T20:13:45.493Z</time>
      </trkpt>
      <trkpt lat="52.128848" lon="5.608638">
        <ele>11.105857</ele>
        <time>2026-10-06T20:13:49.545Z</time>
      </trkpt>
      <trkpt lat="52.128702" lon="5.608710">
        <ele>11.064521</ele>
        <time>2026-10-06T20:13:52.482Z</time>
      </trkpt>
      <trkpt lat="52.125973" lon="5.608868">
        <ele>10.686542</ele>
        <time>2026-10-06T20:14:46.106Z</time>
      </trkpt>
      <trkpt lat="52.125709" lon="5.608932">
        <ele>10.687572</ele>
        <time>2026-10-06T20:14:51.561Z</time>
      </trkpt>
      <trkpt lat="52.125252" lon="5.609178">
        <ele>10.689429</ele>
        <time>2026-10-06T20:15:01.406Z</time>
      </trkpt>
      <trkpt lat="52.125192" lon="5.609215">
        <ele>10.689677</ele>
        <time>2026-10-06T20:15:02.718Z</time>
      </trkpt>
      <trkpt lat="52.125029" lon="5.609317">
        <ele>10.690350</ele>
        <time>2026-10-06T20:15:06.298Z</time>
      </trkpt>
      <trkpt lat="52.124622" lon="5.609544">
        <ele>10.685939</ele>
        <time>2026-10-06T20:15:15.061Z</time>
      </trkpt>
      <trkpt lat="52.123923" lon="5.609869">
        <ele>10.660266</ele>
        <time>2026-10-06T20:15:29.676Z</time>
      </trkpt>
      <trkpt lat="52.123243" lon="5.610191">
        <ele>10.635256</ele>
        <time>2026-10-06T20:15:43.784Z</time>
      </trkpt>
      <trkpt lat="52.122987" lon="5.610367">
        <ele>10.638451</ele>
        <time>2026-10-06T20:15:49.355Z</time>
      </trkpt>
      <trkpt lat="52.122771" lon="5.610636">
        <ele>10.679893</ele>
        <time>2026-10-06T20:15:54.825Z</time>
      </trkpt>
      <trkpt lat="52.122123" lon="5.611757">
        <ele>10.823972</ele>
        <time>2026-10-06T20:16:14.289Z</time>
      </trkpt>
      <trkpt lat="52.121941" lon="5.611445">
        <ele>10.864245</ele>
        <time>2026-10-06T20:16:19.906Z</time>
      </trkpt>
      <trkpt lat="52.121832" lon="5.611330">
        <ele>10.884040</ele>
        <time>2026-10-06T20:16:22.686Z</time>
      </trkpt>
      <trkpt lat="52.120460" lon="5.610390">
        <ele>11.396919</ele>
        <time>2026-10-06T20:16:55.500Z</time>
      </trkpt>
      <trkpt lat="52.119550" lon="5.609270">
        <ele>11.459257</ele>
        <time>2026-10-06T20:17:19.432Z</time>
      </trkpt>
      <trkpt lat="52.118796" lon="5.611072">
        <ele>11.322173</ele>
        <time>2026-10-06T20:17:44.826Z</time>
      </trkpt>
      <trkpt lat="52.118507" lon="5.611916">
        <ele>11.330747</ele>
        <time>2026-10-06T20:17:56.342Z</time>
      </trkpt>
      <trkpt lat="52.117673" lon="5.614027">
        <ele>11.481126</ele>
        <time>2026-10-06T20:18:28.950Z</time>
      </trkpt>
      <trkpt lat="52.117627" lon="5.614096">
        <ele>11.495637</ele>
        <time>2026-10-06T20:18:30.273Z</time>
      </trkpt>
      <trkpt lat="52.117257" lon="5.613846">
        <ele>11.588581</ele>
        <time>2026-10-06T20:18:38.899Z</time>
      </trkpt>
      <trkpt lat="52.116161" lon="5.612648">
        <ele>11.756657</ele>
        <time>2026-10-06T20:19:06.672Z</time>
      </trkpt>
      <trkpt lat="52.116036" lon="5.612520">
        <ele>11.755322</ele>
        <time>2026-10-06T20:19:09.660Z</time>
      </trkpt>
      <trkpt lat="52.115379" lon="5.611577">
        <ele>11.747405</ele>
        <time>2026-10-06T20:19:27.084Z</time>
      </trkpt>
      <trkpt lat="52.115426" lon="5.611210">
        <ele>11.741932</ele>
        <time>2026-10-06T20:19:31.586Z</time>
      </trkpt>
      <trkpt lat="52.115417" lon="5.611110">
        <ele>11.733922</ele>
        <time>2026-10-06T20:19:32.793Z</time>
      </trkpt>
      <trkpt lat="52.115367" lon="5.611020">
        <ele>11.724303</ele>
        <time>2026-10-06T20:19:34.234Z</time>
      </trkpt>
      <trkpt lat="52.114306" lon="5.609810">
        <ele>11.557125</ele>
        <time>2026-10-06T20:19:59.558Z</time>
      </trkpt>
      <trkpt lat="52.114047" lon="5.609640">
        <ele>11.521084</ele>
        <time>2026-10-06T20:20:05.262Z</time>
      </trkpt>
      <trkpt lat="52.113223" lon="5.608980">
        <ele>11.420173</ele>
        <time>2026-10-06T20:20:23.718Z</time>
      </trkpt>
      <trkpt lat="52.113549" lon="5.607926">
        <ele>11.341492</ele>
        <time>2026-10-06T20:20:34.080Z</time>
      </trkpt>
      <trkpt lat="52.115189" lon="5.602969">
        <ele>10.432701</ele>
        <time>2026-10-06T20:21:21.910Z</time>
      </trkpt>
      <trkpt lat="52.117361" lon="5.596381">
        <ele>9.801599</ele>
        <time>2026-10-06T20:22:26.757Z</time>
      </trkpt>
      <trkpt lat="52.117410" lon="5.596187">
        <ele>9.833507</ele>
        <time>2026-10-06T20:22:29.008Z</time>
      </trkpt>
      <trkpt lat="52.117396" lon="5.596106">
        <ele>9.846307</ele>
        <time>2026-10-06T20:22:29.955Z</time>
      </trkpt>
      <trkpt lat="52.117370" lon="5.596047">
        <ele>9.857353</ele>
        <time>2026-10-06T20:22:30.736Z</time>
      </trkpt>
      <trkpt lat="52.117359" lon="5.595980">
        <ele>9.867902</ele>
        <time>2026-10-06T20:22:31.693Z</time>
      </trkpt>
      <trkpt lat="52.116508" lon="5.596703">
        <ele>10.074647</ele>
        <time>2026-10-06T20:22:48.298Z</time>
      </trkpt>
      <trkpt lat="52.116552" lon="5.596485">
        <ele>10.045968</ele>
        <time>2026-10-06T20:22:51.274Z</time>
      </trkpt>
      <trkpt lat="52.117246" lon="5.594074">
        <ele>9.711493</ele>
        <time>2026-10-06T20:23:22.166Z</time>
      </trkpt>
      <trkpt lat="52.117360" lon="5.593677">
        <ele>9.646793</ele>
        <time>2026-10-06T20:23:27.215Z</time>
      </trkpt>
      <trkpt lat="52.117398" lon="5.593460">
        <ele>9.613480</ele>
        <time>2026-10-06T20:23:29.880Z</time>
      </trkpt>
      <trkpt lat="52.117186" lon="5.592850">
        <ele>9.510004</ele>
        <time>2026-10-06T20:23:38.304Z</time>
      </trkpt>
      <trkpt lat="52.116751" lon="5.591689">
        <ele>9.309220</ele>
        <time>2026-10-06T20:23:54.340Z</time>
      </trkpt>
      <trkpt lat="52.116520" lon="5.591090">
        <ele>9.335415</ele>
        <time>2026-10-06T20:24:03.204Z</time>
      </trkpt>
      <trkpt lat="52.116400" lon="5.590700">
        <ele>9.369567</ele>
        <time>2026-10-06T20:24:08.772Z</time>
      </trkpt>
      <trkpt lat="52.116380" lon="5.590340">
        <ele>9.397868</ele>
        <time>2026-10-06T20:24:13.331Z</time>
      </trkpt>
      <trkpt lat="52.115269" lon="5.587299">
        <ele>9.655986</ele>
        <time>2026-10-06T20:24:59.446Z</time>
      </trkpt>
      <trkpt lat="52.115212" lon="5.587023">
        <ele>9.676008</ele>
        <time>2026-10-06T20:25:02.997Z</time>
      </trkpt>
      <trkpt lat="52.115239" lon="5.586844">
        <ele>9.688683</ele>
        <time>2026-10-06T20:25:05.204Z</time>
      </trkpt>
      <trkpt lat="52.115321" lon="5.586567">
        <ele>9.709827</ele>
        <time>2026-10-06T20:25:08.855Z</time>
      </trkpt>
      <trkpt lat="52.115904" lon="5.584963">
        <ele>9.525201</ele>
        <time>2026-10-06T20:25:30.923Z</time>
      </trkpt>
      <trkpt lat="52.116212" lon="5.584151">
        <ele>9.415545</ele>
        <time>2026-10-06T20:25:42.566Z</time>
      </trkpt>
      <trkpt lat="52.117110" lon="5.582160">
        <ele>9.123810</ele>
        <time>2026-10-06T20:26:12.302Z</time>
      </trkpt>
      <trkpt lat="52.117723" lon="5.581001">
        <ele>8.884763</ele>
        <time>2026-10-06T20:26:30.290Z</time>
      </trkpt>
      <trkpt lat="52.117734" lon="5.580789">
        <ele>8.844172</ele>
        <time>2026-10-06T20:26:32.788Z</time>
      </trkpt>
      <trkpt lat="52.117598" lon="5.580068">
        <ele>8.700268</ele>
        <time>2026-10-06T20:26:41.561Z</time>
      </trkpt>
      <trkpt lat="52.117651" lon="5.578559">
        <ele>8.457865</ele>
        <time>2026-10-06T20:26:59.298Z</time>
      </trkpt>
      <trkpt lat="52.117635" lon="5.578200">
        <ele>8.436645</ele>
        <time>2026-10-06T20:27:03.552Z</time>
      </trkpt>
      <trkpt lat="52.117447" lon="5.577133">
        <ele>8.371202</ele>
        <time>2026-10-06T20:27:17.024Z</time>
      </trkpt>
      <trkpt lat="52.117162" lon="5.577105">
        <ele>8.343789</ele>
        <time>2026-10-06T20:27:22.782Z</time>
      </trkpt>
      <trkpt lat="52.116995" lon="5.577021">
        <ele>8.327008</ele>
        <time>2026-10-06T20:27:26.346Z</time>
      </trkpt>
      <trkpt lat="52.116787" lon="5.576863">
        <ele>8.306963</ele>
        <time>2026-10-06T20:27:31.020Z</time>
      </trkpt>
      <trkpt lat="52.115702" lon="5.576059">
        <ele>8.491677</ele>
        <time>2026-10-06T20:27:55.619Z</time>
      </trkpt>
      <trkpt lat="52.114893" lon="5.575552">
        <ele>8.723639</ele>
        <time>2026-10-06T20:28:14.001Z</time>
      </trkpt>
      <trkpt lat="52.113715" lon="5.574659">
        <ele>9.398081</ele>
        <time>2026-10-06T20:28:43.374Z</time>
      </trkpt>
      <trkpt lat="52.112895" lon="5.574078">
        <ele>9.709960</ele>
        <time>2026-10-06T20:29:03.591Z</time>
      </trkpt>
      <trkpt lat="52.112247" lon="5.573703">
        <ele>9.908995</ele>
        <time>2026-10-06T20:29:18.406Z</time>
      </trkpt>
      <trkpt lat="52.111564" lon="5.573315">
        <ele>9.969903</ele>
        <time>2026-10-06T20:29:32.707Z</time>
      </trkpt>
      <trkpt lat="52.110885" lon="5.572915">
        <ele>9.789963</ele>
        <time>2026-10-06T20:29:46.553Z</time>
      </trkpt>
      <trkpt lat="52.110423" lon="5.572556">
        <ele>9.662395</ele>
        <time>2026-10-06T20:29:56.351Z</time>
      </trkpt>
      <trkpt lat="52.109990" lon="5.572074">
        <ele>9.514433</ele>
        <time>2026-10-06T20:30:06.289Z</time>
      </trkpt>
      <trkpt lat="52.109659" lon="5.571617">
        <ele>9.374490</ele>
        <time>2026-10-06T20:30:14.702Z</time>
      </trkpt>
      <trkpt lat="52.109628" lon="5.571568">
        <ele>9.360558</ele>
        <time>2026-10-06T20:30:15.546Z</time>
      </trkpt>
      <trkpt lat="52.109390" lon="5.571110">
        <ele>9.241741</ele>
        <time>2026-10-06T20:30:22.775Z</time>
      </trkpt>
      <trkpt lat="52.108795" lon="5.569760">
        <ele>8.849420</ele>
        <time>2026-10-06T20:30:41.954Z</time>
      </trkpt>
      <trkpt lat="52.108640" lon="5.569410">
        <ele>8.708651</ele>
        <time>2026-10-06T20:30:46.808Z</time>
      </trkpt>
      <trkpt lat="52.107750" lon="5.567430">
        <ele>8.020732</ele>
        <time>2026-10-06T20:31:14.126Z</time>
      </trkpt>
      <trkpt lat="52.107210" lon="5.565800">
        <ele>7.879846</ele>
        <time>2026-10-06T20:31:37.107Z</time>
      </trkpt>
      <trkpt lat="52.106045" lon="5.561566">
        <ele>8.201029</ele>
        <time>2026-10-06T20:32:35.718Z</time>
      </trkpt>
      <trkpt lat="52.105556" lon="5.562380">
        <ele>8.453231</ele>
        <time>2026-10-06T20:32:47.639Z</time>
      </trkpt>
      <trkpt lat="52.105144" lon="5.563166">
        <ele>8.642005</ele>
        <time>2026-10-06T20:32:58.595Z</time>
      </trkpt>
      <trkpt lat="52.104634" lon="5.564045">
        <ele>8.761932</ele>
        <time>2026-10-06T20:33:10.222Z</time>
      </trkpt>
      <trkpt lat="52.104365" lon="5.564508">
        <ele>8.825143</ele>
        <time>2026-10-06T20:33:15.955Z</time>
      </trkpt>
      <trkpt lat="52.103899" lon="5.565189">
        <ele>8.902516</ele>
        <time>2026-10-06T20:33:25.269Z</time>
      </trkpt>
      <trkpt lat="52.103739" lon="5.565361">
        <ele>8.905561</ele>
        <time>2026-10-06T20:33:28.039Z</time>
      </trkpt>
      <trkpt lat="52.103581" lon="5.565463">
        <ele>8.908261</ele>
        <time>2026-10-06T20:33:30.490Z</time>
      </trkpt>
      <trkpt lat="52.103022" lon="5.565691">
        <ele>8.917415</ele>
        <time>2026-10-06T20:33:39.049Z</time>
      </trkpt>
      <trkpt lat="52.102848" lon="5.565806">
        <ele>8.920397</ele>
        <time>2026-10-06T20:33:41.890Z</time>
      </trkpt>
      <trkpt lat="52.102663" lon="5.565967">
        <ele>8.923730</ele>
        <time>2026-10-06T20:33:45.114Z</time>
      </trkpt>
      <trkpt lat="52.102040" lon="5.566625">
        <ele>8.877364</ele>
        <time>2026-10-06T20:33:56.186Z</time>
      </trkpt>
      <trkpt lat="52.101750" lon="5.566867">
        <ele>8.839718</ele>
        <time>2026-10-06T20:34:00.707Z</time>
      </trkpt>
      <trkpt lat="52.101386" lon="5.567112">
        <ele>8.794217</ele>
        <time>2026-10-06T20:34:06.312Z</time>
      </trkpt>
      <trkpt lat="52.101000" lon="5.567265">
        <ele>8.748323</ele>
        <time>2026-10-06T20:34:11.977Z</time>
      </trkpt>
      <trkpt lat="52.100367" lon="5.567436">
        <ele>8.704485</ele>
        <time>2026-10-06T20:34:21.169Z</time>
      </trkpt>
      <trkpt lat="52.099705" lon="5.567791">
        <ele>8.676392</ele>
        <time>2026-10-06T20:34:31.354Z</time>
      </trkpt>
      <trkpt lat="52.099500" lon="5.567830">
        <ele>8.668073</ele>
        <time>2026-10-06T20:34:34.503Z</time>
      </trkpt>
      <trkpt lat="52.098390" lon="5.567570">
        <ele>8.698482</ele>
        <time>2026-10-06T20:34:51.542Z</time>
      </trkpt>
      <trkpt lat="52.098203" lon="5.567507">
        <ele>8.713745</ele>
        <time>2026-10-06T20:34:54.377Z</time>
      </trkpt>
      <trkpt lat="52.097791" lon="5.567291">
        <ele>8.748341</ele>
        <time>2026-10-06T20:35:00.823Z</time>
      </trkpt>
      <trkpt lat="52.097328" lon="5.567278">
        <ele>8.785354</ele>
        <time>2026-10-06T20:35:07.715Z</time>
      </trkpt>
      <trkpt lat="52.096968" lon="5.565290">
        <ele>8.668122</ele>
        <time>2026-10-06T20:35:33.471Z</time>
      </trkpt>
      <trkpt lat="52.096959" lon="5.565070">
        <ele>8.654028</ele>
        <time>2026-10-06T20:35:36.125Z</time>
      </trkpt>
      <trkpt lat="52.096990" lon="5.564780">
        <ele>8.635211</ele>
        <time>2026-10-06T20:35:39.648Z</time>
      </trkpt>
      <trkpt lat="52.097310" lon="5.562610">
        <ele>8.346318</ele>
        <time>2026-10-06T20:36:05.823Z</time>
      </trkpt>
      <trkpt lat="52.097340" lon="5.562280">
        <ele>8.297217</ele>
        <time>2026-10-06T20:36:09.794Z</time>
      </trkpt>
      <trkpt lat="52.097221" lon="5.561968">
        <ele>8.243162</ele>
        <time>2026-10-06T20:36:14.161Z</time>
      </trkpt>
      <trkpt lat="52.096577" lon="5.561255">
        <ele>8.127533</ele>
        <time>2026-10-06T20:36:29.532Z</time>
      </trkpt>
      <trkpt lat="52.096355" lon="5.560970">
        <ele>8.100778</ele>
        <time>2026-10-06T20:36:35.214Z</time>
      </trkpt>
      <trkpt lat="52.096280" lon="5.560783">
        <ele>8.087795</ele>
        <time>2026-10-06T20:36:37.956Z</time>
      </trkpt>
      <trkpt lat="52.096222" lon="5.560548">
        <ele>8.073071</ele>
        <time>2026-10-06T20:36:41.059Z</time>
      </trkpt>
      <trkpt lat="52.096163" lon="5.560086">
        <ele>8.045639</ele>
        <time>2026-10-06T20:36:46.819Z</time>
      </trkpt>
      <trkpt lat="52.096061" lon="5.559023">
        <ele>7.968355</ele>
        <time>2026-10-06T20:37:00.047Z</time>
      </trkpt>
      <trkpt lat="52.095947" lon="5.558667">
        <ele>7.928295</ele>
        <time>2026-10-06T20:37:05.100Z</time>
      </trkpt>
      <trkpt lat="52.095862" lon="5.558530">
        <ele>7.908866</ele>
        <time>2026-10-06T20:37:07.529Z</time>
      </trkpt>
      <trkpt lat="52.095711" lon="5.558375">
        <ele>7.879870</ele>
        <time>2026-10-06T20:37:11.062Z</time>
      </trkpt>
      <trkpt lat="52.095334" lon="5.558060">
        <ele>7.811038</ele>
        <time>2026-10-06T20:37:19.330Z</time>
      </trkpt>
      <trkpt lat="52.094948" lon="5.557615">
        <ele>7.734209</ele>
        <time>2026-10-06T20:37:28.449Z</time>
      </trkpt>
      <trkpt lat="52.094384" lon="5.556881">
        <ele>7.522022</ele>
        <time>2026-10-06T20:37:41.953Z</time>
      </trkpt>
      <trkpt lat="52.093515" lon="5.555701">
        <ele>7.153795</ele>
        <time>2026-10-06T20:38:03.527Z</time>
      </trkpt>
      <trkpt lat="52.093222" lon="5.555200">
        <ele>7.131368</ele>
        <time>2026-10-06T20:38:11.903Z</time>
      </trkpt>
      <trkpt lat="52.093092" lon="5.554892">
        <ele>7.134805</ele>
        <time>2026-10-06T20:38:16.552Z</time>
      </trkpt>
      <trkpt lat="52.093070" lon="5.554834">
        <ele>7.135432</ele>
        <time>2026-10-06T20:38:17.199Z</time>
      </trkpt>
      <trkpt lat="52.092762" lon="5.554028">
        <ele>7.144164</ele>
        <time>2026-10-06T20:38:26.186Z</time>
      </trkpt>
      <trkpt lat="52.092564" lon="5.553556">
        <ele>7.149421</ele>
        <time>2026-10-06T20:38:31.486Z</time>
      </trkpt>
      <trkpt lat="52.092450" lon="5.553390">
        <ele>7.151712</ele>
        <time>2026-10-06T20:38:33.734Z</time>
      </trkpt>
      <trkpt lat="52.091364" lon="5.552289">
        <ele>7.276495</ele>
        <time>2026-10-06T20:38:53.177Z</time>
      </trkpt>
      <trkpt lat="52.091125" lon="5.552166">
        <ele>7.302688</ele>
        <time>2026-10-06T20:38:57.005Z</time>
      </trkpt>
      <trkpt lat="52.090200" lon="5.551988">
        <ele>7.332489</ele>
        <time>2026-10-06T20:39:11.263Z</time>
      </trkpt>
      <trkpt lat="52.089892" lon="5.551875">
        <ele>7.327635</ele>
        <time>2026-10-06T20:39:16.012Z</time>
      </trkpt>
      <trkpt lat="52.089416" lon="5.551475">
        <ele>7.319399</ele>
        <time>2026-10-06T20:39:23.912Z</time>
      </trkpt>
      <trkpt lat="52.087949" lon="5.550488">
        <ele>7.126306</ele>
        <time>2026-10-06T20:39:46.384Z</time>
      </trkpt>
      <trkpt lat="52.087551" lon="5.550220">
        <ele>7.059314</ele>
        <time>2026-10-06T20:39:52.501Z</time>
      </trkpt>
      <trkpt lat="52.086567" lon="5.549413">
        <ele>7.014136</ele>
        <time>2026-10-06T20:40:08.581Z</time>
      </trkpt>
      <trkpt lat="52.086355" lon="5.549204">
        <ele>7.008950</ele>
        <time>2026-10-06T20:40:12.219Z</time>
      </trkpt>
      <trkpt lat="52.086240" lon="5.549031">
        <ele>7.005673</ele>
        <time>2026-10-06T20:40:14.507Z</time>
      </trkpt>
      <trkpt lat="52.085745" lon="5.548108">
        <ele>6.979579</ele>
        <time>2026-10-06T20:40:25.798Z</time>
      </trkpt>
      <trkpt lat="52.085584" lon="5.547857">
        <ele>6.967128</ele>
        <time>2026-10-06T20:40:29.203Z</time>
      </trkpt>
      <trkpt lat="52.086239" lon="5.546552">
        <ele>6.909302</ele>
        <time>2026-10-06T20:40:44.240Z</time>
      </trkpt>
      <trkpt lat="52.086284" lon="5.546384">
        <ele>6.903013</ele>
        <time>2026-10-06T20:40:45.906Z</time>
      </trkpt>
      <trkpt lat="52.086311" lon="5.546262">
        <ele>6.898563</ele>
        <time>2026-10-06T20:40:47.493Z</time>
      </trkpt>
      <trkpt lat="52.086320" lon="5.546060">
        <ele>6.894609</ele>
        <time>2026-10-06T20:40:49.989Z</time>
      </trkpt>
      <trkpt lat="52.086200" lon="5.544120">
        <ele>6.877152</ele>
        <time>2026-10-06T20:41:13.598Z</time>
      </trkpt>
      <trkpt lat="52.086050" lon="5.542580">
        <ele>6.957704</ele>
        <time>2026-10-06T20:41:33.397Z</time>
      </trkpt>
      <trkpt lat="52.085850" lon="5.541920">
        <ele>7.050463</ele>
        <time>2026-10-06T20:41:43.113Z</time>
      </trkpt>
      <trkpt lat="52.085650" lon="5.541100">
        <ele>7.161670</ele>
        <time>2026-10-06T20:41:54.778Z</time>
      </trkpt>
      <trkpt lat="52.085607" lon="5.540806">
        <ele>7.199764</ele>
        <time>2026-10-06T20:41:58.753Z</time>
      </trkpt>
      <trkpt lat="52.085609" lon="5.540510">
        <ele>7.237077</ele>
        <time>2026-10-06T20:42:02.636Z</time>
      </trkpt>
      <trkpt lat="52.085621" lon="5.540394">
        <ele>7.245325</ele>
        <time>2026-10-06T20:42:04.186Z</time>
      </trkpt>
      <trkpt lat="52.085659" lon="5.540373">
        <ele>7.249539</ele>
        <time>2026-10-06T20:42:05.020Z</time>
      </trkpt>
      <trkpt lat="52.085663" lon="5.540309">
        <ele>7.253690</ele>
        <time>2026-10-06T20:42:05.861Z</time>
      </trkpt>
      <trkpt lat="52.084299" lon="5.539795">
        <ele>7.400716</ele>
        <time>2026-10-06T20:42:27.019Z</time>
      </trkpt>
      <trkpt lat="52.083319" lon="5.539308">
        <ele>7.440087</ele>
        <time>2026-10-06T20:42:42.365Z</time>
      </trkpt>
      <trkpt lat="52.082959" lon="5.539170">
        <ele>7.446217</ele>
        <time>2026-10-06T20:42:47.885Z</time>
      </trkpt>
      <trkpt lat="52.082844" lon="5.539149">
        <ele>7.448135</ele>
        <time>2026-10-06T20:42:50.226Z</time>
      </trkpt>
      <trkpt lat="52.082421" lon="5.539147">
        <ele>7.455145</ele>
        <time>2026-10-06T20:42:56.520Z</time>
      </trkpt>
      <trkpt lat="52.081718" lon="5.539320">
        <ele>7.361043</ele>
        <time>2026-10-06T20:43:06.731Z</time>
      </trkpt>
      <trkpt lat="52.081289" lon="5.539400">
        <ele>7.291023</ele>
        <time>2026-10-06T20:43:12.623Z</time>
      </trkpt>
      <trkpt lat="52.080956" lon="5.539400">
        <ele>7.237025</ele>
        <time>2026-10-06T20:43:17.239Z</time>
      </trkpt>
      <trkpt lat="52.080255" lon="5.539164">
        <ele>7.185709</ele>
        <time>2026-10-06T20:43:27.559Z</time>
      </trkpt>
      <trkpt lat="52.080235" lon="5.539154">
        <ele>7.187254</ele>
        <time>2026-10-06T20:43:27.870Z</time>
      </trkpt>
      <trkpt lat="52.080121" lon="5.539112">
        <ele>7.195882</ele>
        <time>2026-10-06T20:43:29.579Z</time>
      </trkpt>
      <trkpt lat="52.079971" lon="5.539127">
        <ele>7.206976</ele>
        <time>2026-10-06T20:43:31.802Z</time>
      </trkpt>
      <trkpt lat="52.079899" lon="5.539099">
        <ele>7.212440</ele>
        <time>2026-10-06T20:43:32.930Z</time>
      </trkpt>
      <trkpt lat="52.079253" lon="5.538839">
        <ele>7.261564</ele>
        <time>2026-10-06T20:43:43.324Z</time>
      </trkpt>
      <trkpt lat="52.078978" lon="5.538671">
        <ele>7.283247</ele>
        <time>2026-10-06T20:43:48.061Z</time>
      </trkpt>
      <trkpt lat="52.078064" lon="5.538115">
        <ele>7.426817</ele>
        <time>2026-10-06T20:44:03.012Z</time>
      </trkpt>
      <trkpt lat="52.077751" lon="5.538030">
        <ele>7.479613</ele>
        <time>2026-10-06T20:44:07.884Z</time>
      </trkpt>
      <trkpt lat="52.077215" lon="5.538006">
        <ele>7.568824</ele>
        <time>2026-10-06T20:44:16.266Z</time>
      </trkpt>
      <trkpt lat="52.076976" lon="5.538003">
        <ele>7.601615</ele>
        <time>2026-10-06T20:44:19.990Z</time>
      </trkpt>
      <trkpt lat="52.076253" lon="5.538013">
        <ele>7.646449</ele>
        <time>2026-10-06T20:44:31.134Z</time>
      </trkpt>
      <trkpt lat="52.075392" lon="5.538014">
        <ele>7.699839</ele>
        <time>2026-10-06T20:44:43.774Z</time>
      </trkpt>
      <trkpt lat="52.075183" lon="5.538007">
        <ele>7.716729</ele>
        <time>2026-10-06T20:44:46.852Z</time>
      </trkpt>
      <trkpt lat="52.074993" lon="5.537782">
        <ele>7.746369</ele>
        <time>2026-10-06T20:44:51.581Z</time>
      </trkpt>
      <trkpt lat="52.074964" lon="5.537750">
        <ele>7.750788</ele>
        <time>2026-10-06T20:44:52.283Z</time>
      </trkpt>
      <trkpt lat="52.074879" lon="5.537560">
        <ele>7.769006</ele>
        <time>2026-10-06T20:44:55.233Z</time>
      </trkpt>
      <trkpt lat="52.074884" lon="5.537466">
        <ele>7.776321</ele>
        <time>2026-10-06T20:44:56.449Z</time>
      </trkpt>
      <trkpt lat="52.074817" lon="5.537421">
        <ele>7.785463</ele>
        <time>2026-10-06T20:44:57.954Z</time>
      </trkpt>
      <trkpt lat="52.074737" lon="5.537366">
        <ele>7.796417</ele>
        <time>2026-10-06T20:44:59.789Z</time>
      </trkpt>
      <trkpt lat="52.074652" lon="5.537407">
        <ele>7.807599</ele>
        <time>2026-10-06T20:45:01.650Z</time>
      </trkpt>
      <trkpt lat="52.074638" lon="5.537381">
        <ele>7.810279</ele>
        <time>2026-10-06T20:45:02.114Z</time>
      </trkpt>
      <trkpt lat="52.074572" lon="5.537283">
        <ele>7.821549</ele>
        <time>2026-10-06T20:45:04.043Z</time>
      </trkpt>
      <trkpt lat="52.074519" lon="5.537288">
        <ele>7.828245</ele>
        <time>2026-10-06T20:45:05.139Z</time>
      </trkpt>
      <trkpt lat="52.074314" lon="5.536871">
        <ele>7.869641</ele>
        <time>2026-10-06T20:45:12.049Z</time>
      </trkpt>
      <trkpt lat="52.074168" lon="5.536669">
        <ele>7.893814</ele>
        <time>2026-10-06T20:45:16.050Z</time>
      </trkpt>
      <trkpt lat="52.073962" lon="5.536413">
        <ele>7.926509</ele>
        <time>2026-10-06T20:45:21.486Z</time>
      </trkpt>
      <trkpt lat="52.073808" lon="5.536121">
        <ele>7.925662</ele>
        <time>2026-10-06T20:45:26.317Z</time>
      </trkpt>
      <trkpt lat="52.073417" lon="5.534897">
        <ele>7.872370</ele>
        <time>2026-10-06T20:45:43.571Z</time>
      </trkpt>
      <trkpt lat="52.073358" lon="5.534602">
        <ele>7.860385</ele>
        <time>2026-10-06T20:45:47.329Z</time>
      </trkpt>
      <trkpt lat="52.073288" lon="5.534113">
        <ele>7.840987</ele>
        <time>2026-10-06T20:45:53.288Z</time>
      </trkpt>
      <trkpt lat="52.073194" lon="5.533325">
        <ele>7.724603</ele>
        <time>2026-10-06T20:46:02.896Z</time>
      </trkpt>
      <trkpt lat="52.073203" lon="5.532763">
        <ele>7.558424</ele>
        <time>2026-10-06T20:46:07.748Z</time>
      </trkpt>
      <trkpt lat="52.073189" lon="5.531194">
        <ele>7.094591</ele>
        <time>2026-10-06T20:46:20.222Z</time>
      </trkpt>
      <trkpt lat="52.073105" lon="5.530862">
        <ele>6.988465</ele>
        <time>2026-10-06T20:46:23.063Z</time>
      </trkpt>
      <trkpt lat="52.073090" lon="5.530823">
        <ele>6.974866</ele>
        <time>2026-10-06T20:46:23.430Z</time>
      </trkpt>
      <trkpt lat="52.073098" lon="5.530639">
        <ele>6.940523</ele>
        <time>2026-10-06T20:46:24.917Z</time>
      </trkpt>
      <trkpt lat="52.072312" lon="5.530579">
        <ele>6.765831</ele>
        <time>2026-10-06T20:46:39.675Z</time>
      </trkpt>
      <trkpt lat="52.071370" lon="5.530550">
        <ele>6.557391</ele>
        <time>2026-10-06T20:46:58.902Z</time>
      </trkpt>
      <trkpt lat="52.070862" lon="5.530365">
        <ele>6.487480</ele>
        <time>2026-10-06T20:47:09.312Z</time>
      </trkpt>
      <trkpt lat="52.070741" lon="5.530331">
        <ele>6.470989</ele>
        <time>2026-10-06T20:47:11.742Z</time>
      </trkpt>
      <trkpt lat="52.070652" lon="5.530300">
        <ele>6.458766</ele>
        <time>2026-10-06T20:47:13.521Z</time>
      </trkpt>
      <trkpt lat="52.070430" lon="5.530224">
        <ele>6.428299</ele>
        <time>2026-10-06T20:47:17.978Z</time>
      </trkpt>
      <trkpt lat="52.069707" lon="5.530017">
        <ele>6.329710</ele>
        <time>2026-10-06T20:47:32.298Z</time>
      </trkpt>
      <trkpt lat="52.069612" lon="5.529956">
        <ele>6.315974</ele>
        <time>2026-10-06T20:47:34.277Z</time>
      </trkpt>
      <trkpt lat="52.069459" lon="5.529858">
        <ele>6.293431</ele>
        <time>2026-10-06T20:47:37.449Z</time>
      </trkpt>
      <trkpt lat="52.069100" lon="5.529530">
        <ele>6.236984</ele>
        <time>2026-10-06T20:47:45.400Z</time>
      </trkpt>
      <trkpt lat="52.068081" lon="5.529155">
        <ele>6.093757</ele>
        <time>2026-10-06T20:48:06.227Z</time>
      </trkpt>
      <trkpt lat="52.067981" lon="5.529195">
        <ele>6.079639</ele>
        <time>2026-10-06T20:48:08.236Z</time>
      </trkpt>
      <trkpt lat="52.067629" lon="5.529316">
        <ele>6.036524</ele>
        <time>2026-10-06T20:48:15.291Z</time>
      </trkpt>
      <trkpt lat="52.067479" lon="5.529299">
        <ele>6.019105</ele>
        <time>2026-10-06T20:48:18.265Z</time>
      </trkpt>
      <trkpt lat="52.066971" lon="5.528937">
        <ele>5.954854</ele>
        <time>2026-10-06T20:48:29.266Z</time>
      </trkpt>
      <trkpt lat="52.066540" lon="5.528570">
        <ele>5.898496</ele>
        <time>2026-10-06T20:48:38.839Z</time>
      </trkpt>
      <trkpt lat="52.066483" lon="5.528484">
        <ele>5.889489</ele>
        <time>2026-10-06T20:48:40.365Z</time>
      </trkpt>
      <trkpt lat="52.066365" lon="5.528174">
        <ele>5.863522</ele>
        <time>2026-10-06T20:48:44.781Z</time>
      </trkpt>
      <trkpt lat="52.066030" lon="5.526930">
        <ele>5.825502</ele>
        <time>2026-10-06T20:49:01.433Z</time>
      </trkpt>
      <trkpt lat="52.065839" lon="5.525638">
        <ele>5.789216</ele>
        <time>2026-10-06T20:49:17.863Z</time>
      </trkpt>
      <trkpt lat="52.065848" lon="5.525347">
        <ele>5.780153</ele>
        <time>2026-10-06T20:49:21.518Z</time>
      </trkpt>
      <trkpt lat="52.066137" lon="5.523446">
        <ele>5.657248</ele>
        <time>2026-10-06T20:49:45.568Z</time>
      </trkpt>
      <trkpt lat="52.065333" lon="5.523083">
        <ele>5.551726</ele>
        <time>2026-10-06T20:49:57.406Z</time>
      </trkpt>
      <trkpt lat="52.064878" lon="5.522811">
        <ele>5.464143</ele>
        <time>2026-10-06T20:50:04.125Z</time>
      </trkpt>
      <trkpt lat="52.064146" lon="5.522343">
        <ele>5.322040</ele>
        <time>2026-10-06T20:50:15.201Z</time>
      </trkpt>
      <trkpt lat="52.063576" lon="5.521963">
        <ele>5.269611</ele>
        <time>2026-10-06T20:50:24.289Z</time>
      </trkpt>
      <trkpt lat="52.062531" lon="5.521122">
        <ele>5.256507</ele>
        <time>2026-10-06T20:50:41.859Z</time>
      </trkpt>
      <trkpt lat="52.062487" lon="5.521086">
        <ele>5.255953</ele>
        <time>2026-10-06T20:50:42.607Z</time>
      </trkpt>
      <trkpt lat="52.060792" lon="5.519688">
        <ele>5.127286</ele>
        <time>2026-10-06T20:51:10.096Z</time>
      </trkpt>
      <trkpt lat="52.060617" lon="5.519544">
        <ele>5.119337</ele>
        <time>2026-10-06T20:51:12.937Z</time>
      </trkpt>
      <trkpt lat="52.059500" lon="5.518720">
        <ele>5.163143</ele>
        <time>2026-10-06T20:51:31.135Z</time>
      </trkpt>
      <trkpt lat="52.059220" lon="5.518590">
        <ele>5.173543</ele>
        <time>2026-10-06T20:51:35.551Z</time>
      </trkpt>
      <trkpt lat="52.058900" lon="5.518640">
        <ele>5.195594</ele>
        <time>2026-10-06T20:51:40.503Z</time>
      </trkpt>
      <trkpt lat="52.058311" lon="5.519050">
        <ele>5.284577</ele>
        <time>2026-10-06T20:51:50.446Z</time>
      </trkpt>
      <trkpt lat="52.057935" lon="5.519339">
        <ele>5.342337</ele>
        <time>2026-10-06T20:51:56.937Z</time>
      </trkpt>
      <trkpt lat="52.056223" lon="5.520458">
        <ele>5.516267</ele>
        <time>2026-10-06T20:52:24.847Z</time>
      </trkpt>
      <trkpt lat="52.055721" lon="5.520789">
        <ele>5.554504</ele>
        <time>2026-10-06T20:52:32.850Z</time>
      </trkpt>
      <trkpt lat="52.054155" lon="5.521814">
        <ele>5.885583</ele>
        <time>2026-10-06T20:52:59.266Z</time>
      </trkpt>
      <trkpt lat="52.053887" lon="5.522026">
        <ele>5.953221</ele>
        <time>2026-10-06T20:53:04.028Z</time>
      </trkpt>
      <trkpt lat="52.053703" lon="5.522453">
        <ele>6.036258</ele>
        <time>2026-10-06T20:53:09.127Z</time>
      </trkpt>
      <trkpt lat="52.053448" lon="5.523222">
        <ele>6.175399</ele>
        <time>2026-10-06T20:53:17.633Z</time>
      </trkpt>
      <trkpt lat="52.052628" lon="5.525732">
        <ele>6.940111</ele>
        <time>2026-10-06T20:53:45.109Z</time>
      </trkpt>
      <trkpt lat="52.052440" lon="5.526300">
        <ele>7.174113</ele>
        <time>2026-10-06T20:53:51.926Z</time>
      </trkpt>
      <trkpt lat="52.051431" lon="5.529364">
        <ele>9.561249</ele>
        <time>2026-10-06T20:54:34.972Z</time>
      </trkpt>
      <trkpt lat="52.050866" lon="5.530946">
        <ele>10.678239</ele>
        <time>2026-10-06T20:54:56.622Z</time>
      </trkpt>
      <trkpt lat="52.050704" lon="5.531476">
        <ele>11.027925</ele>
        <time>2026-10-06T20:55:03.144Z</time>
      </trkpt>
      <trkpt lat="52.050640" lon="5.531585">
        <ele>11.116965</ele>
        <time>2026-10-06T20:55:04.789Z</time>
      </trkpt>
      <trkpt lat="52.050570" lon="5.531594">
        <ele>11.184428</ele>
        <time>2026-10-06T20:55:06.039Z</time>
      </trkpt>
      <trkpt lat="52.050491" lon="5.531554">
        <ele>11.263921</ele>
        <time>2026-10-06T20:55:07.501Z</time>
      </trkpt>
      <trkpt lat="52.050432" lon="5.531433">
        <ele>11.355157</ele>
        <time>2026-10-06T20:55:09.167Z</time>
      </trkpt>
      <trkpt lat="52.050344" lon="5.530350">
        <ele>11.660926</ele>
        <time>2026-10-06T20:55:20.791Z</time>
      </trkpt>
      <trkpt lat="52.050357" lon="5.530163">
        <ele>11.704626</ele>
        <time>2026-10-06T20:55:22.823Z</time>
      </trkpt>
      <trkpt lat="52.050497" lon="5.529561">
        <ele>11.854077</ele>
        <time>2026-10-06T20:55:29.749Z</time>
      </trkpt>
      <trkpt lat="52.050481" lon="5.529401">
        <ele>11.891718</ele>
        <time>2026-10-06T20:55:31.431Z</time>
      </trkpt>
      <trkpt lat="52.050407" lon="5.529264">
        <ele>11.934059</ele>
        <time>2026-10-06T20:55:33.277Z</time>
      </trkpt>
      <trkpt lat="52.050291" lon="5.529228">
        <ele>11.978650</ele>
        <time>2026-10-06T20:55:35.176Z</time>
      </trkpt>
      <trkpt lat="52.049946" lon="5.529203">
        <ele>12.109049</ele>
        <time>2026-10-06T20:55:40.470Z</time>
      </trkpt>
      <trkpt lat="52.049774" lon="5.529205">
        <ele>11.940354</ele>
        <time>2026-10-06T20:55:42.903Z</time>
      </trkpt>
      <trkpt lat="52.049845" lon="5.527851">
        <ele>10.886682</ele>
        <time>2026-10-06T20:55:53.245Z</time>
      </trkpt>
      <trkpt lat="52.049909" lon="5.525180">
        <ele>8.617152</ele>
        <time>2026-10-06T20:56:11.228Z</time>
      </trkpt>
      <trkpt lat="52.049987" lon="5.523999">
        <ele>7.521490</ele>
        <time>2026-10-06T20:56:19.817Z</time>
      </trkpt>
      <trkpt lat="52.050094" lon="5.521737">
        <ele>6.554971</ele>
        <time>2026-10-06T20:56:38.053Z</time>
      </trkpt>
      <trkpt lat="52.050249" lon="5.516129">
        <ele>5.590495</ele>
        <time>2026-10-06T20:57:25.807Z</time>
      </trkpt>
      <trkpt lat="52.050308" lon="5.513847">
        <ele>5.507103</ele>
        <time>2026-10-06T20:57:47.274Z</time>
      </trkpt>
      <trkpt lat="52.050331" lon="5.513017">
        <ele>5.503835</ele>
        <time>2026-10-06T20:57:54.908Z</time>
      </trkpt>
      <trkpt lat="52.050446" lon="5.508554">
        <ele>5.308515</ele>
        <time>2026-10-06T20:58:34.274Z</time>
      </trkpt>
      <trkpt lat="52.050466" lon="5.506802">
        <ele>5.437920</ele>
        <time>2026-10-06T20:58:51.079Z</time>
      </trkpt>
      <trkpt lat="52.050418" lon="5.505907">
        <ele>5.489338</ele>
        <time>2026-10-06T20:58:59.700Z</time>
      </trkpt>
      <trkpt lat="52.050491" lon="5.504218">
        <ele>5.464249</ele>
        <time>2026-10-06T20:59:15.069Z</time>
      </trkpt>
      <trkpt lat="52.050689" lon="5.496012">
        <ele>5.109816</ele>
        <time>2026-10-06T21:00:28.327Z</time>
      </trkpt>
      <trkpt lat="52.050740" lon="5.493190">
        <ele>4.994641</ele>
        <time>2026-10-06T21:00:53.674Z</time>
      </trkpt>
      <trkpt lat="52.050592" lon="5.492050">
        <ele>4.947747</ele>
        <time>2026-10-06T21:01:04.181Z</time>
      </trkpt>
      <trkpt lat="52.050595" lon="5.491599">
        <ele>4.929594</ele>
        <time>2026-10-06T21:01:08.159Z</time>
      </trkpt>
      <trkpt lat="52.050366" lon="5.491522">
        <ele>4.914932</ele>
        <time>2026-10-06T21:01:11.459Z</time>
      </trkpt>
      <trkpt lat="52.049253" lon="5.491331">
        <ele>4.846023</ele>
        <time>2026-10-06T21:01:27.565Z</time>
      </trkpt>
      <trkpt lat="52.048924" lon="5.491272">
        <ele>4.825643</ele>
        <time>2026-10-06T21:01:32.420Z</time>
      </trkpt>
      <trkpt lat="52.048903" lon="5.491268">
        <ele>4.824341</ele>
        <time>2026-10-06T21:01:32.745Z</time>
      </trkpt>
      <trkpt lat="52.048711" lon="5.491235">
        <ele>4.819257</ele>
        <time>2026-10-06T21:01:35.643Z</time>
      </trkpt>
      <trkpt lat="52.048682" lon="5.491231">
        <ele>4.823753</ele>
        <time>2026-10-06T21:01:36.075Z</time>
      </trkpt>
      <trkpt lat="52.048253" lon="5.491186">
        <ele>4.890164</ele>
        <time>2026-10-06T21:01:42.652Z</time>
      </trkpt>
      <trkpt lat="52.046958" lon="5.490954">
        <ele>5.091429</ele>
        <time>2026-10-06T21:02:02.997Z</time>
      </trkpt>
      <trkpt lat="52.045916" lon="5.490770">
        <ele>5.212065</ele>
        <time>2026-10-06T21:02:19.431Z</time>
      </trkpt>
      <trkpt lat="52.043594" lon="5.490398">
        <ele>5.385143</ele>
        <time>2026-10-06T21:02:54.078Z</time>
      </trkpt>
      <trkpt lat="52.043211" lon="5.490454">
        <ele>5.440174</ele>
        <time>2026-10-06T21:03:00.294Z</time>
      </trkpt>
      <trkpt lat="52.042575" lon="5.490693">
        <ele>5.611796</ele>
        <time>2026-10-06T21:03:10.585Z</time>
      </trkpt>
      <trkpt lat="52.042520" lon="5.490712">
        <ele>5.626580</ele>
        <time>2026-10-06T21:03:11.469Z</time>
      </trkpt>
      <trkpt lat="52.042015" lon="5.490906">
        <ele>5.763008</ele>
        <time>2026-10-06T21:03:19.855Z</time>
      </trkpt>
      <trkpt lat="52.041314" lon="5.491180">
        <ele>5.986355</ele>
        <time>2026-10-06T21:03:31.069Z</time>
      </trkpt>
      <trkpt lat="52.040920" lon="5.491345">
        <ele>6.137173</ele>
        <time>2026-10-06T21:03:37.635Z</time>
      </trkpt>
      <trkpt lat="52.040844" lon="5.491292">
        <ele>6.167828</ele>
        <time>2026-10-06T21:03:39.002Z</time>
      </trkpt>
      <trkpt lat="52.040574" lon="5.491397">
        <ele>6.270738</ele>
        <time>2026-10-06T21:03:43.649Z</time>
      </trkpt>
      <trkpt lat="52.040231" lon="5.491533">
        <ele>6.401610</ele>
        <time>2026-10-06T21:03:49.647Z</time>
      </trkpt>
      <trkpt lat="52.040115" lon="5.491576">
        <ele>6.445714</ele>
        <time>2026-10-06T21:03:51.650Z</time>
      </trkpt>
      <trkpt lat="52.038545" lon="5.492181">
        <ele>7.060307</ele>
        <time>2026-10-06T21:04:17.621Z</time>
      </trkpt>
      <trkpt lat="52.038232" lon="5.492273">
        <ele>7.182048</ele>
        <time>2026-10-06T21:04:23.127Z</time>
      </trkpt>
      <trkpt lat="52.037836" lon="5.492274">
        <ele>7.252201</ele>
        <time>2026-10-06T21:04:29.971Z</time>
      </trkpt>
      <trkpt lat="52.037386" lon="5.492148">
        <ele>7.295629</ele>
        <time>2026-10-06T21:04:37.154Z</time>
      </trkpt>
      <trkpt lat="52.037020" lon="5.491927">
        <ele>7.332761</ele>
        <time>2026-10-06T21:04:43.045Z</time>
      </trkpt>
      <trkpt lat="52.036420" lon="5.491446">
        <ele>7.396468</ele>
        <time>2026-10-06T21:04:52.388Z</time>
      </trkpt>
      <trkpt lat="52.035916" lon="5.490891">
        <ele>7.567030</ele>
        <time>2026-10-06T21:05:00.654Z</time>
      </trkpt>
      <trkpt lat="52.035892" lon="5.490860">
        <ele>7.575618</ele>
        <time>2026-10-06T21:05:01.091Z</time>
      </trkpt>
      <trkpt lat="52.035473" lon="5.490273">
        <ele>7.730596</ele>
        <time>2026-10-06T21:05:10.011Z</time>
      </trkpt>
      <trkpt lat="52.035209" lon="5.489902">
        <ele>7.828373</ele>
        <time>2026-10-06T21:05:16.268Z</time>
      </trkpt>
      <trkpt lat="52.035099" lon="5.489791">
        <ele>7.864649</ele>
        <time>2026-10-06T21:05:18.649Z</time>
      </trkpt>
      <trkpt lat="52.034865" lon="5.489661">
        <ele>8.031634</ele>
        <time>2026-10-06T21:05:23.309Z</time>
      </trkpt>
      <trkpt lat="52.033884" lon="5.489525">
        <ele>9.108511</ele>
        <time>2026-10-06T21:05:41.940Z</time>
      </trkpt>
      <trkpt lat="52.033455" lon="5.489408">
        <ele>9.584294</ele>
        <time>2026-10-06T21:05:50.662Z</time>
      </trkpt>
      <trkpt lat="52.033069" lon="5.489238">
        <ele>10.011629</ele>
        <time>2026-10-06T21:05:58.616Z</time>
      </trkpt>
      <trkpt lat="52.032890" lon="5.489166">
        <ele>10.200129</ele>
        <time>2026-10-06T21:06:02.211Z</time>
      </trkpt>
      <trkpt lat="52.032778" lon="5.489118">
        <ele>10.318532</ele>
        <time>2026-10-06T21:06:04.476Z</time>
      </trkpt>
      <trkpt lat="52.032560" lon="5.489043">
        <ele>10.546316</ele>
        <time>2026-10-06T21:06:08.812Z</time>
      </trkpt>
      <trkpt lat="52.031659" lon="5.488732">
        <ele>11.487889</ele>
        <time>2026-10-06T21:06:26.636Z</time>
      </trkpt>
      <trkpt lat="52.031024" lon="5.488206">
        <ele>12.181804</ele>
        <time>2026-10-06T21:06:38.242Z</time>
      </trkpt>
      <trkpt lat="52.030977" lon="5.488170">
        <ele>12.231311</ele>
        <time>2026-10-06T21:06:39.079Z</time>
      </trkpt>
      <trkpt lat="52.030302" lon="5.487575">
        <ele>12.962971</ele>
        <time>2026-10-06T21:06:52.625Z</time>
      </trkpt>
      <trkpt lat="52.029950" lon="5.487168">
        <ele>13.374579</ele>
        <time>2026-10-06T21:07:01.458Z</time>
      </trkpt>
      <trkpt lat="52.029545" lon="5.486541">
        <ele>14.966505</ele>
        <time>2026-10-06T21:07:14.452Z</time>
      </trkpt>
      <trkpt lat="52.029305" lon="5.486285">
        <ele>15.834233</ele>
        <time>2026-10-06T21:07:21.783Z</time>
      </trkpt>
      <trkpt lat="52.028199" lon="5.485531">
        <ele>19.842265</ele>
        <time>2026-10-06T21:07:56.750Z</time>
      </trkpt>
      <trkpt lat="52.027543" lon="5.485040">
        <ele>23.411559</ele>
        <time>2026-10-06T21:08:21.554Z</time>
      </trkpt>
      <trkpt lat="52.026738" lon="5.484334">
        <ele>27.935665</ele>
        <time>2026-10-06T21:08:55.719Z</time>
      </trkpt>
      <trkpt lat="52.026040" lon="5.483914">
        <ele>31.681754</ele>
        <time>2026-10-06T21:09:22.889Z</time>
      </trkpt>
      <trkpt lat="52.025466" lon="5.483478">
        <ele>34.870663</ele>
        <time>2026-10-06T21:09:44.176Z</time>
      </trkpt>
      <trkpt lat="52.025114" lon="5.483080">
        <ele>37.050804</ele>
        <time>2026-10-06T21:09:58.060Z</time>
      </trkpt>
      <trkpt lat="52.024404" lon="5.481955">
        <ele>42.516954</ele>
        <time>2026-10-06T21:10:32.969Z</time>
      </trkpt>
      <trkpt lat="52.023539" lon="5.480253">
        <ele>49.773304</ele>
        <time>2026-10-06T21:11:27.272Z</time>
      </trkpt>
      <trkpt lat="52.023356" lon="5.479958">
        <ele>51.094330</ele>
        <time>2026-10-06T21:11:37.154Z</time>
      </trkpt>
      <trkpt lat="52.023126" lon="5.479745">
        <ele>52.451045</ele>
        <time>2026-10-06T21:11:46.781Z</time>
      </trkpt>
      <trkpt lat="52.022273" lon="5.479165">
        <ele>56.464199</ele>
        <time>2026-10-06T21:12:15.461Z</time>
      </trkpt>
      <trkpt lat="52.021948" lon="5.478865">
        <ele>57.275114</ele>
        <time>2026-10-06T21:12:24.972Z</time>
      </trkpt>
      <trkpt lat="52.021698" lon="5.478533">
        <ele>57.975576</ele>
        <time>2026-10-06T21:12:32.563Z</time>
      </trkpt>
      <trkpt lat="52.020450" lon="5.476565">
        <ele>60.543415</ele>
        <time>2026-10-06T21:13:06.519Z</time>
      </trkpt>
      <trkpt lat="52.020179" lon="5.476227">
        <ele>60.818131</ele>
        <time>2026-10-06T21:13:12.517Z</time>
      </trkpt>
      <trkpt lat="52.019472" lon="5.475632">
        <ele>61.236222</ele>
        <time>2026-10-06T21:13:25.714Z</time>
      </trkpt>
      <trkpt lat="52.019245" lon="5.475434">
        <ele>61.185240</ele>
        <time>2026-10-06T21:13:29.781Z</time>
      </trkpt>
      <trkpt lat="52.018216" lon="5.474557">
        <ele>60.955308</ele>
        <time>2026-10-06T21:13:45.997Z</time>
      </trkpt>
      <trkpt lat="52.017537" lon="5.474054">
        <ele>60.053746</ele>
        <time>2026-10-06T21:13:55.182Z</time>
      </trkpt>
      <trkpt lat="52.015770" lon="5.472914">
        <ele>56.536092</ele>
        <time>2026-10-06T21:14:16.370Z</time>
      </trkpt>
      <trkpt lat="52.015616" lon="5.472817">
        <ele>56.122949</ele>
        <time>2026-10-06T21:14:18.095Z</time>
      </trkpt>
      <trkpt lat="52.015210" lon="5.472558">
        <ele>55.031920</ele>
        <time>2026-10-06T21:14:22.594Z</time>
      </trkpt>
      <trkpt lat="52.014386" lon="5.472079">
        <ele>52.799708</ele>
        <time>2026-10-06T21:14:31.477Z</time>
      </trkpt>
      <trkpt lat="52.012985" lon="5.471435">
        <ele>49.019568</ele>
        <time>2026-10-06T21:14:46.724Z</time>
      </trkpt>
      <trkpt lat="52.012954" lon="5.471418">
        <ele>48.973097</ele>
        <time>2026-10-06T21:14:47.084Z</time>
      </trkpt>
      <trkpt lat="52.012909" lon="5.471402">
        <ele>48.907670</ele>
        <time>2026-10-06T21:14:47.589Z</time>
      </trkpt>
      <trkpt lat="52.012877" lon="5.471388">
        <ele>48.860601</ele>
        <time>2026-10-06T21:14:47.960Z</time>
      </trkpt>
      <trkpt lat="52.011229" lon="5.470637">
        <ele>46.429467</ele>
        <time>2026-10-06T21:15:08.381Z</time>
      </trkpt>
      <trkpt lat="52.008854" lon="5.469520">
        <ele>42.089887</ele>
        <time>2026-10-06T21:15:37.064Z</time>
      </trkpt>
      <trkpt lat="52.008289" lon="5.469253">
        <ele>40.585770</ele>
        <time>2026-10-06T21:15:43.095Z</time>
      </trkpt>
      <trkpt lat="52.007944" lon="5.468991">
        <ele>39.612282</ele>
        <time>2026-10-06T21:15:46.884Z</time>
      </trkpt>
      <trkpt lat="52.007684" lon="5.468667">
        <ele>38.578703</ele>
        <time>2026-10-06T21:15:50.109Z</time>
      </trkpt>
      <trkpt lat="52.007269" lon="5.468067">
        <ele>36.671902</ele>
        <time>2026-10-06T21:15:55.591Z</time>
      </trkpt>
      <trkpt lat="52.006711" lon="5.467161">
        <ele>33.964098</ele>
        <time>2026-10-06T21:16:03.544Z</time>
      </trkpt>
      <trkpt lat="52.006435" lon="5.466646">
        <ele>32.616863</ele>
        <time>2026-10-06T21:16:07.812Z</time>
      </trkpt>
      <trkpt lat="52.006349" lon="5.466475">
        <ele>32.218674</ele>
        <time>2026-10-06T21:16:09.190Z</time>
      </trkpt>
      <trkpt lat="52.006267" lon="5.466305">
        <ele>31.829214</ele>
        <time>2026-10-06T21:16:10.544Z</time>
      </trkpt>
      <trkpt lat="52.006119" lon="5.466024">
        <ele>31.162330</ele>
        <time>2026-10-06T21:16:13.883Z</time>
      </trkpt>
      <trkpt lat="52.005826" lon="5.465520">
        <ele>29.912236</ele>
        <time>2026-10-06T21:16:20.170Z</time>
      </trkpt>
      <trkpt lat="52.005544" lon="5.465093">
        <ele>28.782924</ele>
        <time>2026-10-06T21:16:25.927Z</time>
      </trkpt>
      <trkpt lat="52.005347" lon="5.464796">
        <ele>27.995594</ele>
        <time>2026-10-06T21:16:29.905Z</time>
      </trkpt>
      <trkpt lat="52.004134" lon="5.463331">
        <ele>24.910187</ele>
        <time>2026-10-06T21:16:53.523Z</time>
      </trkpt>
      <trkpt lat="52.004333" lon="5.462822">
        <ele>24.198745</ele>
        <time>2026-10-06T21:16:59.718Z</time>
      </trkpt>
      <trkpt lat="52.004388" lon="5.462630">
        <ele>24.032107</ele>
        <time>2026-10-06T21:17:01.901Z</time>
      </trkpt>
      <trkpt lat="52.004566" lon="5.462016">
        <ele>23.498068</ele>
        <time>2026-10-06T21:17:08.845Z</time>
      </trkpt>
      <trkpt lat="52.004592" lon="5.461887">
        <ele>23.391259</ele>
        <time>2026-10-06T21:17:10.229Z</time>
      </trkpt>
      <trkpt lat="52.004609" lon="5.461803">
        <ele>23.321680</ele>
        <time>2026-10-06T21:17:11.118Z</time>
      </trkpt>
      <trkpt lat="52.004576" lon="5.461089">
        <ele>22.758267</ele>
        <time>2026-10-06T21:17:18.591Z</time>
      </trkpt>
      <trkpt lat="52.004455" lon="5.460996">
        <ele>22.587162</ele>
        <time>2026-10-06T21:17:20.870Z</time>
      </trkpt>
      <trkpt lat="52.004161" lon="5.460769">
        <ele>22.171070</ele>
        <time>2026-10-06T21:17:26.325Z</time>
      </trkpt>
      <trkpt lat="52.004017" lon="5.460555">
        <ele>21.939909</ele>
        <time>2026-10-06T21:17:29.598Z</time>
      </trkpt>
      <trkpt lat="52.003959" lon="5.460844">
        <ele>21.796895</ele>
        <time>2026-10-06T21:17:42.605Z</time>
      </trkpt>
      <trkpt lat="52.003851" lon="5.461162">
        <ele>21.626023</ele>
        <time>2026-10-06T21:17:58.189Z</time>
      </trkpt>
      <trkpt lat="52.003568" lon="5.461798">
        <ele>21.256810</ele>
        <time>2026-10-06T21:18:31.768Z</time>
      </trkpt>
      <trkpt lat="52.003420" lon="5.462191">
        <ele>21.040054</ele>
        <time>2026-10-06T21:18:51.453Z</time>
      </trkpt>
      <trkpt lat="52.003311" lon="5.462481">
        <ele>20.880191</ele>
        <time>2026-10-06T21:19:05.986Z</time>
      </trkpt>
      <trkpt lat="52.003081" lon="5.462251">
        <ele>20.673772</ele>
        <time>2026-10-06T21:19:10.915Z</time>
      </trkpt>
      <trkpt lat="52.002963" lon="5.462136">
        <ele>20.558270</ele>
        <time>2026-10-06T21:19:13.411Z</time>
      </trkpt>
      <trkpt lat="52.002873" lon="5.462049">
        <ele>20.443623</ele>
        <time>2026-10-06T21:19:15.301Z</time>
      </trkpt>
      <trkpt lat="52.002487" lon="5.461696">
        <ele>19.958712</ele>
        <time>2026-10-06T21:19:23.118Z</time>
      </trkpt>
      <trkpt lat="52.001813" lon="5.461113">
        <ele>19.122805</ele>
        <time>2026-10-06T21:19:35.834Z</time>
      </trkpt>
      <trkpt lat="52.001293" lon="5.460730">
        <ele>18.518287</ele>
        <time>2026-10-06T21:19:45.515Z</time>
      </trkpt>
      <trkpt lat="52.000750" lon="5.460315">
        <ele>17.968446</ele>
        <time>2026-10-06T21:19:56.040Z</time>
      </trkpt>
      <trkpt lat="52.000764" lon="5.460245">
        <ele>17.926929</ele>
        <time>2026-10-06T21:19:56.845Z</time>
      </trkpt>
      <trkpt lat="52.000665" lon="5.460103">
        <ele>17.805917</ele>
        <time>2026-10-06T21:19:59.172Z</time>
      </trkpt>
      <trkpt lat="52.000663" lon="5.460016">
        <ele>17.756807</ele>
        <time>2026-10-06T21:19:59.857Z</time>
      </trkpt>
      <trkpt lat="52.000606" lon="5.459871">
        <ele>17.659763</ele>
        <time>2026-10-06T21:20:01.191Z</time>
      </trkpt>
      <trkpt lat="52.000619" lon="5.459709">
        <ele>17.567608</ele>
        <time>2026-10-06T21:20:03.007Z</time>
      </trkpt>
      <trkpt lat="52.000643" lon="5.459355">
        <ele>17.366714</ele>
        <time>2026-10-06T21:20:07.022Z</time>
      </trkpt>
      <trkpt lat="52.000869" lon="5.457196">
        <ele>16.009599</ele>
        <time>2026-10-06T21:20:30.443Z</time>
      </trkpt>
      <trkpt lat="52.000962" lon="5.456329">
        <ele>15.441561</ele>
        <time>2026-10-06T21:20:39.611Z</time>
      </trkpt>
      <trkpt lat="52.000982" lon="5.456124">
        <ele>15.307592</ele>
        <time>2026-10-06T21:20:41.796Z</time>
      </trkpt>
      <trkpt lat="52.001016" lon="5.455913">
        <ele>15.166814</ele>
        <time>2026-10-06T21:20:44.075Z</time>
      </trkpt>
      <trkpt lat="52.001030" lon="5.455813">
        <ele>15.100621</ele>
        <time>2026-10-06T21:20:45.142Z</time>
      </trkpt>
      <trkpt lat="52.001046" lon="5.455672">
        <ele>15.043730</ele>
        <time>2026-10-06T21:20:46.670Z</time>
      </trkpt>
      <trkpt lat="52.001196" lon="5.454656">
        <ele>14.663372</ele>
        <time>2026-10-06T21:20:57.889Z</time>
      </trkpt>
      <trkpt lat="52.001221" lon="5.454530">
        <ele>14.615179</ele>
        <time>2026-10-06T21:20:59.345Z</time>
      </trkpt>
      <trkpt lat="52.001403" lon="5.453256">
        <ele>14.139063</ele>
        <time>2026-10-06T21:21:14.471Z</time>
      </trkpt>
      <trkpt lat="52.001574" lon="5.452097">
        <ele>13.898949</ele>
        <time>2026-10-06T21:21:29.248Z</time>
      </trkpt>
      <trkpt lat="52.001666" lon="5.451824">
        <ele>13.854022</ele>
        <time>2026-10-06T21:21:33.174Z</time>
      </trkpt>
      <trkpt lat="52.001710" lon="5.451584">
        <ele>13.817872</ele>
        <time>2026-10-06T21:21:36.295Z</time>
      </trkpt>
      <trkpt lat="52.001765" lon="5.451097">
        <ele>13.746398</ele>
        <time>2026-10-06T21:21:42.286Z</time>
      </trkpt>
      <trkpt lat="52.001776" lon="5.450994">
        <ele>13.731307</ele>
        <time>2026-10-06T21:21:43.524Z</time>
      </trkpt>
      <trkpt lat="52.001782" lon="5.450808">
        <ele>13.704420</ele>
        <time>2026-10-06T21:21:45.716Z</time>
      </trkpt>
      <trkpt lat="52.001831" lon="5.450349">
        <ele>13.637171</ele>
        <time>2026-10-06T21:21:51.110Z</time>
      </trkpt>
      <trkpt lat="52.001927" lon="5.449706">
        <ele>13.449499</ele>
        <time>2026-10-06T21:21:58.569Z</time>
      </trkpt>
      <trkpt lat="52.001916" lon="5.449622">
        <ele>13.418925</ele>
        <time>2026-10-06T21:21:59.518Z</time>
      </trkpt>
      <trkpt lat="52.001963" lon="5.449477">
        <ele>13.360587</ele>
        <time>2026-10-06T21:22:00.805Z</time>
      </trkpt>
      <trkpt lat="52.001965" lon="5.449312">
        <ele>13.301835</ele>
        <time>2026-10-06T21:22:02.090Z</time>
      </trkpt>
      <trkpt lat="52.002134" lon="5.448630">
        <ele>13.040110</ele>
        <time>2026-10-06T21:22:07.823Z</time>
      </trkpt>
      <trkpt lat="52.002384" lon="5.447969">
        <ele>12.763932</ele>
        <time>2026-10-06T21:22:14.003Z</time>
      </trkpt>
      <trkpt lat="52.002539" lon="5.447666">
        <ele>12.623684</ele>
        <time>2026-10-06T21:22:17.276Z</time>
      </trkpt>
      <trkpt lat="52.002901" lon="5.447074">
        <ele>12.324544</ele>
        <time>2026-10-06T21:22:24.249Z</time>
      </trkpt>
      <trkpt lat="52.003002" lon="5.446909">
        <ele>12.240981</ele>
        <time>2026-10-06T21:22:26.219Z</time>
      </trkpt>
      <trkpt lat="52.004794" lon="5.443993">
        <ele>10.422504</ele>
        <time>2026-10-06T21:22:59.048Z</time>
      </trkpt>
      <trkpt lat="52.005811" lon="5.442373">
        <ele>9.241272</ele>
        <time>2026-10-06T21:23:15.766Z</time>
      </trkpt>
      <trkpt lat="52.005985" lon="5.442088">
        <ele>9.038568</ele>
        <time>2026-10-06T21:23:18.809Z</time>
      </trkpt>
      <trkpt lat="52.006915" lon="5.440569">
        <ele>8.347190</ele>
        <time>2026-10-06T21:23:37.464Z</time>
      </trkpt>
      <trkpt lat="52.007355" lon="5.439866">
        <ele>8.192619</ele>
        <time>2026-10-06T21:23:46.712Z</time>
      </trkpt>
      <trkpt lat="52.007825" lon="5.439099">
        <ele>7.980929</ele>
        <time>2026-10-06T21:23:55.534Z</time>
      </trkpt>
      <trkpt lat="52.007732" lon="5.438872">
        <ele>7.894598</ele>
        <time>2026-10-06T21:23:58.589Z</time>
      </trkpt>
      <trkpt lat="52.007700" lon="5.438784">
        <ele>7.862239</ele>
        <time>2026-10-06T21:23:59.387Z</time>
      </trkpt>
      <trkpt lat="52.007461" lon="5.438394">
        <ele>7.688007</ele>
        <time>2026-10-06T21:24:03.694Z</time>
      </trkpt>
      <trkpt lat="52.007412" lon="5.438155">
        <ele>7.608252</ele>
        <time>2026-10-06T21:24:05.662Z</time>
      </trkpt>
      <trkpt lat="52.007736" lon="5.437079">
        <ele>7.229013</ele>
        <time>2026-10-06T21:24:15.297Z</time>
      </trkpt>
      <trkpt lat="52.008023" lon="5.435816">
        <ele>6.962589</ele>
        <time>2026-10-06T21:24:27.287Z</time>
      </trkpt>
      <trkpt lat="52.008085" lon="5.435658">
        <ele>6.931115</ele>
        <time>2026-10-06T21:24:28.961Z</time>
      </trkpt>
      <trkpt lat="52.007182" lon="5.433889">
        <ele>6.522347</ele>
        <time>2026-10-06T21:24:48.366Z</time>
      </trkpt>
      <trkpt lat="52.007042" lon="5.433564">
        <ele>6.441595</ele>
        <time>2026-10-06T21:24:51.757Z</time>
      </trkpt>
      <trkpt lat="52.006992" lon="5.433422">
        <ele>6.408293</ele>
        <time>2026-10-06T21:24:53.142Z</time>
      </trkpt>
      <trkpt lat="52.006949" lon="5.433177">
        <ele>6.356430</ele>
        <time>2026-10-06T21:24:55.321Z</time>
      </trkpt>
      <trkpt lat="52.006900" lon="5.432463">
        <ele>6.210180</ele>
        <time>2026-10-06T21:25:01.543Z</time>
      </trkpt>
      <trkpt lat="52.006795" lon="5.432099">
        <ele>6.128347</ele>
        <time>2026-10-06T21:25:04.909Z</time>
      </trkpt>
      <trkpt lat="52.006704" lon="5.431912">
        <ele>6.079821</ele>
        <time>2026-10-06T21:25:06.857Z</time>
      </trkpt>
      <trkpt lat="52.006563" lon="5.431512">
        <ele>5.963279</ele>
        <time>2026-10-06T21:25:10.516Z</time>
      </trkpt>
      <trkpt lat="52.006435" lon="5.431532">
        <ele>5.907264</ele>
        <time>2026-10-06T21:25:12.136Z</time>
      </trkpt>
      <trkpt lat="52.006365" lon="5.431468">
        <ele>5.872273</ele>
        <time>2026-10-06T21:25:13.143Z</time>
      </trkpt>
      <trkpt lat="52.005533" lon="5.430046">
        <ele>5.346202</ele>
        <time>2026-10-06T21:25:29.198Z</time>
      </trkpt>
      <trkpt lat="52.005457" lon="5.429964">
        <ele>5.306459</ele>
        <time>2026-10-06T21:25:30.453Z</time>
      </trkpt>
      <trkpt lat="52.005358" lon="5.429916">
        <ele>5.270562</ele>
        <time>2026-10-06T21:25:31.943Z</time>
      </trkpt>
      <trkpt lat="52.004875" lon="5.429799">
        <ele>5.211471</ele>
        <time>2026-10-06T21:25:39.159Z</time>
      </trkpt>
      <trkpt lat="52.004708" lon="5.429652">
        <ele>5.188487</ele>
        <time>2026-10-06T21:25:42.094Z</time>
      </trkpt>
      <trkpt lat="52.004628" lon="5.429536">
        <ele>5.175511</ele>
        <time>2026-10-06T21:25:43.802Z</time>
      </trkpt>
      <trkpt lat="52.003676" lon="5.427871">
        <ele>5.017738</ele>
        <time>2026-10-06T21:26:03.805Z</time>
      </trkpt>
      <trkpt lat="52.003285" lon="5.427278">
        <ele>4.967841</ele>
        <time>2026-10-06T21:26:11.403Z</time>
      </trkpt>
      <trkpt lat="52.002813" lon="5.426258">
        <ele>4.894568</ele>
        <time>2026-10-06T21:26:23.061Z</time>
      </trkpt>
      <trkpt lat="52.001324" lon="5.423531">
        <ele>4.833099</ele>
        <time>2026-10-06T21:26:55.829Z</time>
      </trkpt>
      <trkpt lat="52.000181" lon="5.421497">
        <ele>4.835513</ele>
        <time>2026-10-06T21:27:21.462Z</time>
      </trkpt>
      <trkpt lat="51.996905" lon="5.415558">
        <ele>4.366602</ele>
        <time>2026-10-06T21:28:31.930Z</time>
      </trkpt>
      <trkpt lat="51.996696" lon="5.415173">
        <ele>4.350089</ele>
        <time>2026-10-06T21:28:36.702Z</time>
      </trkpt>
      <trkpt lat="51.996446" lon="5.414727">
        <ele>4.350716</ele>
        <time>2026-10-06T21:28:42.282Z</time>
      </trkpt>
      <trkpt lat="51.996106" lon="5.414116">
        <ele>4.351572</ele>
        <time>2026-10-06T21:28:49.897Z</time>
      </trkpt>
      <trkpt lat="51.995897" lon="5.413738">
        <ele>4.352100</ele>
        <time>2026-10-06T21:28:54.598Z</time>
      </trkpt>
      <trkpt lat="51.995080" lon="5.412265">
        <ele>4.211986</ele>
        <time>2026-10-06T21:29:12.466Z</time>
      </trkpt>
      <trkpt lat="51.994898" lon="5.411938">
        <ele>4.158964</ele>
        <time>2026-10-06T21:29:16.118Z</time>
      </trkpt>
      <trkpt lat="51.994703" lon="5.411587">
        <ele>4.102096</ele>
        <time>2026-10-06T21:29:20.083Z</time>
      </trkpt>
      <trkpt lat="51.994375" lon="5.410995">
        <ele>4.006298</ele>
        <time>2026-10-06T21:29:26.849Z</time>
      </trkpt>
      <trkpt lat="51.993707" lon="5.409797">
        <ele>3.902542</ele>
        <time>2026-10-06T21:29:40.924Z</time>
      </trkpt>
      <trkpt lat="51.993571" lon="5.409547">
        <ele>3.881594</ele>
        <time>2026-10-06T21:29:43.987Z</time>
      </trkpt>
      <trkpt lat="51.993395" lon="5.409226">
        <ele>3.854603</ele>
        <time>2026-10-06T21:29:48.003Z</time>
      </trkpt>
      <trkpt lat="51.993233" lon="5.408935">
        <ele>3.829968</ele>
        <time>2026-10-06T21:29:51.614Z</time>
      </trkpt>
      <trkpt lat="51.993123" lon="5.408737">
        <ele>3.818563</ele>
        <time>2026-10-06T21:29:54.081Z</time>
      </trkpt>
      <trkpt lat="51.992955" lon="5.408433">
        <ele>3.820841</ele>
        <time>2026-10-06T21:29:57.871Z</time>
      </trkpt>
      <trkpt lat="51.992851" lon="5.408247">
        <ele>3.822241</ele>
        <time>2026-10-06T21:30:00.208Z</time>
      </trkpt>
      <trkpt lat="51.992522" lon="5.407654">
        <ele>3.826692</ele>
        <time>2026-10-06T21:30:07.388Z</time>
      </trkpt>
      <trkpt lat="51.992283" lon="5.407227">
        <ele>3.829909</ele>
        <time>2026-10-06T21:30:12.522Z</time>
      </trkpt>
      <trkpt lat="51.992090" lon="5.406882">
        <ele>3.832508</ele>
        <time>2026-10-06T21:30:16.850Z</time>
      </trkpt>
      <trkpt lat="51.991466" lon="5.405745">
        <ele>3.790055</ele>
        <time>2026-10-06T21:30:31.096Z</time>
      </trkpt>
      <trkpt lat="51.990237" lon="5.403520">
        <ele>3.541835</ele>
        <time>2026-10-06T21:30:57.258Z</time>
      </trkpt>
      <trkpt lat="51.989800" lon="5.402725">
        <ele>3.385826</ele>
        <time>2026-10-06T21:31:06.247Z</time>
      </trkpt>
      <trkpt lat="51.989624" lon="5.402407">
        <ele>3.323232</ele>
        <time>2026-10-06T21:31:09.919Z</time>
      </trkpt>
      <trkpt lat="51.989041" lon="5.401322">
        <ele>3.151650</ele>
        <time>2026-10-06T21:31:22.321Z</time>
      </trkpt>
      <trkpt lat="51.988877" lon="5.401017">
        <ele>3.104961</ele>
        <time>2026-10-06T21:31:25.902Z</time>
      </trkpt>
      <trkpt lat="51.988764" lon="5.400810">
        <ele>3.073065</ele>
        <time>2026-10-06T21:31:28.353Z</time>
      </trkpt>
      <trkpt lat="51.988008" lon="5.399399">
        <ele>2.941898</ele>
        <time>2026-10-06T21:31:44.975Z</time>
      </trkpt>
      <trkpt lat="51.987946" lon="5.399010">
        <ele>2.933597</ele>
        <time>2026-10-06T21:31:48.536Z</time>
      </trkpt>
      <trkpt lat="51.987903" lon="5.398396">
        <ele>2.920830</ele>
        <time>2026-10-06T21:31:54.123Z</time>
      </trkpt>
      <trkpt lat="51.987872" lon="5.397949">
        <ele>2.911536</ele>
        <time>2026-10-06T21:31:58.244Z</time>
      </trkpt>
      <trkpt lat="51.987824" lon="5.397308">
        <ele>2.899008</ele>
        <time>2026-10-06T21:32:04.282Z</time>
      </trkpt>
      <trkpt lat="51.987586" lon="5.394163">
        <ele>2.827724</ele>
        <time>2026-10-06T21:32:33.245Z</time>
      </trkpt>
      <trkpt lat="51.987389" lon="5.391570">
        <ele>2.526241</ele>
        <time>2026-10-06T21:32:55.628Z</time>
      </trkpt>
      <trkpt lat="51.987322" lon="5.390687">
        <ele>2.526822</ele>
        <time>2026-10-06T21:33:03.250Z</time>
      </trkpt>
      <trkpt lat="51.987136" lon="5.388245">
        <ele>2.603683</ele>
        <time>2026-10-06T21:33:26.445Z</time>
      </trkpt>
      <trkpt lat="51.987022" lon="5.386651">
        <ele>2.869025</ele>
        <time>2026-10-06T21:33:42.978Z</time>
      </trkpt>
      <trkpt lat="51.986993" lon="5.386196">
        <ele>2.944662</ele>
        <time>2026-10-06T21:33:47.362Z</time>
      </trkpt>
      <trkpt lat="51.986943" lon="5.385492">
        <ele>3.001786</ele>
        <time>2026-10-06T21:33:53.831Z</time>
      </trkpt>
      <trkpt lat="51.986837" lon="5.384402">
        <ele>2.968459</ele>
        <time>2026-10-06T21:34:03.434Z</time>
      </trkpt>
      <trkpt lat="51.986736" lon="5.383471">
        <ele>2.939908</ele>
        <time>2026-10-06T21:34:11.592Z</time>
      </trkpt>
      <trkpt lat="51.986446" lon="5.380922">
        <ele>3.286723</ele>
        <time>2026-10-06T21:34:36.735Z</time>
      </trkpt>
      <trkpt lat="51.986412" lon="5.380588">
        <ele>3.347479</ele>
        <time>2026-10-06T21:34:40.212Z</time>
      </trkpt>
      <trkpt lat="51.986157" lon="5.378318">
        <ele>3.683611</ele>
        <time>2026-10-06T21:35:03.791Z</time>
      </trkpt>
      <trkpt lat="51.986125" lon="5.378027">
        <ele>3.723511</ele>
        <time>2026-10-06T21:35:06.569Z</time>
      </trkpt>
      <trkpt lat="51.986084" lon="5.377664">
        <ele>3.773325</ele>
        <time>2026-10-06T21:35:09.948Z</time>
      </trkpt>
      <trkpt lat="51.985827" lon="5.375299">
        <ele>3.927409</ele>
        <time>2026-10-06T21:35:31.042Z</time>
      </trkpt>
      <trkpt lat="51.985577" lon="5.373003">
        <ele>4.099195</ele>
        <time>2026-10-06T21:35:54.675Z</time>
      </trkpt>
      <trkpt lat="51.985510" lon="5.372355">
        <ele>4.162110</ele>
        <time>2026-10-06T21:36:01.196Z</time>
      </trkpt>
      <trkpt lat="51.984955" lon="5.367443">
        <ele>3.711564</ele>
        <time>2026-10-06T21:36:44.135Z</time>
      </trkpt>
      <trkpt lat="51.984932" lon="5.367230">
        <ele>3.684523</ele>
        <time>2026-10-06T21:36:45.962Z</time>
      </trkpt>
      <trkpt lat="51.984634" lon="5.364493">
        <ele>3.426255</ele>
        <time>2026-10-06T21:37:10.479Z</time>
      </trkpt>
      <trkpt lat="51.984359" lon="5.361994">
        <ele>3.367577</ele>
        <time>2026-10-06T21:37:33.431Z</time>
      </trkpt>
      <trkpt lat="51.984025" lon="5.358911">
        <ele>3.565249</ele>
        <time>2026-10-06T21:38:02.908Z</time>
      </trkpt>
      <trkpt lat="51.983989" lon="5.358506">
        <ele>3.615138</ele>
        <time>2026-10-06T21:38:06.971Z</time>
      </trkpt>
      <trkpt lat="51.983869" lon="5.357359">
        <ele>3.756983</ele>
        <time>2026-10-06T21:38:18.369Z</time>
      </trkpt>
      <trkpt lat="51.983761" lon="5.356927">
        <ele>3.782760</ele>
        <time>2026-10-06T21:38:22.786Z</time>
      </trkpt>
      <trkpt lat="51.983671" lon="5.356864">
        <ele>3.767126</ele>
        <time>2026-10-06T21:38:24.308Z</time>
      </trkpt>
      <trkpt lat="51.983555" lon="5.356537">
        <ele>3.730051</ele>
        <time>2026-10-06T21:38:27.884Z</time>
      </trkpt>
      <trkpt lat="51.982744" lon="5.354046">
        <ele>3.605160</ele>
        <time>2026-10-06T21:38:51.714Z</time>
      </trkpt>
      <trkpt lat="51.982560" lon="5.353294">
        <ele>3.739541</ele>
        <time>2026-10-06T21:38:58.861Z</time>
      </trkpt>
      <trkpt lat="51.982381" lon="5.352463">
        <ele>3.885744</ele>
        <time>2026-10-06T21:39:08.050Z</time>
      </trkpt>
      <trkpt lat="51.982314" lon="5.352132">
        <ele>3.943607</ele>
        <time>2026-10-06T21:39:11.949Z</time>
      </trkpt>
      <trkpt lat="51.982230" lon="5.351709">
        <ele>4.070273</ele>
        <time>2026-10-06T21:39:18.478Z</time>
      </trkpt>
      <trkpt lat="51.982157" lon="5.351361">
        <ele>4.273296</ele>
        <time>2026-10-06T21:39:23.982Z</time>
      </trkpt>
      <trkpt lat="51.982047" lon="5.351005">
        <ele>4.493250</ele>
        <time>2026-10-06T21:39:29.959Z</time>
      </trkpt>
      <trkpt lat="51.982015" lon="5.350927">
        <ele>4.545006</ele>
        <time>2026-10-06T21:39:31.069Z</time>
      </trkpt>
      <trkpt lat="51.982115" lon="5.350843">
        <ele>4.645960</ele>
        <time>2026-10-06T21:39:33.830Z</time>
      </trkpt>
      <trkpt lat="51.982158" lon="5.350794">
        <ele>4.693064</ele>
        <time>2026-10-06T21:39:35.145Z</time>
      </trkpt>
      <trkpt lat="51.982132" lon="5.350628">
        <ele>4.787655</ele>
        <time>2026-10-06T21:39:37.750Z</time>
      </trkpt>
      <trkpt lat="51.981860" lon="5.349874">
        <ele>5.270217</ele>
        <time>2026-10-06T21:39:51.062Z</time>
      </trkpt>
      <trkpt lat="51.981277" lon="5.348934">
        <ele>5.656781</ele>
        <time>2026-10-06T21:40:09.305Z</time>
      </trkpt>
      <trkpt lat="51.981255" lon="5.348890">
        <ele>5.660648</ele>
        <time>2026-10-06T21:40:10.045Z</time>
      </trkpt>
      <trkpt lat="51.981231" lon="5.348839">
        <ele>5.665027</ele>
        <time>2026-10-06T21:40:10.858Z</time>
      </trkpt>
      <trkpt lat="51.981192" lon="5.348791">
        <ele>5.670448</ele>
        <time>2026-10-06T21:40:11.886Z</time>
      </trkpt>
      <trkpt lat="51.981117" lon="5.348736">
        <ele>5.679564</ele>
        <time>2026-10-06T21:40:13.603Z</time>
      </trkpt>
      <trkpt lat="51.981064" lon="5.348741">
        <ele>5.685445</ele>
        <time>2026-10-06T21:40:14.690Z</time>
      </trkpt>
      <trkpt lat="51.980733" lon="5.348459">
        <ele>5.726853</ele>
        <time>2026-10-06T21:40:22.302Z</time>
      </trkpt>
      <trkpt lat="51.980460" lon="5.348223">
        <ele>5.761114</ele>
        <time>2026-10-06T21:40:28.450Z</time>
      </trkpt>
      <trkpt lat="51.980264" lon="5.348053">
        <ele>5.785730</ele>
        <time>2026-10-06T21:40:32.797Z</time>
      </trkpt>
      <trkpt lat="51.979946" lon="5.347747">
        <ele>5.808241</ele>
        <time>2026-10-06T21:40:39.928Z</time>
      </trkpt>
      <trkpt lat="51.979622" lon="5.347358">
        <ele>5.811751</ele>
        <time>2026-10-06T21:40:47.662Z</time>
      </trkpt>
      <trkpt lat="51.979536" lon="5.347233">
        <ele>5.812757</ele>
        <time>2026-10-06T21:40:49.933Z</time>
      </trkpt>
      <trkpt lat="51.979442" lon="5.347139">
        <ele>5.813718</ele>
        <time>2026-10-06T21:40:52.125Z</time>
      </trkpt>
      <trkpt lat="51.979212" lon="5.346918">
        <ele>5.816046</ele>
        <time>2026-10-06T21:40:57.564Z</time>
      </trkpt>
      <trkpt lat="51.978845" lon="5.346329">
        <ele>5.820541</ele>
        <time>2026-10-06T21:41:08.504Z</time>
      </trkpt>
      <trkpt lat="51.978667" lon="5.345989">
        <ele>5.831576</ele>
        <time>2026-10-06T21:41:14.395Z</time>
      </trkpt>
      <trkpt lat="51.978518" lon="5.345663">
        <ele>5.865087</ele>
        <time>2026-10-06T21:41:19.808Z</time>
      </trkpt>
      <trkpt lat="51.978390" lon="5.345322">
        <ele>5.898051</ele>
        <time>2026-10-06T21:41:25.020Z</time>
      </trkpt>
      <trkpt lat="51.978363" lon="5.345244">
        <ele>5.905437</ele>
        <time>2026-10-06T21:41:26.207Z</time>
      </trkpt>
      <trkpt lat="51.978304" lon="5.345073">
        <ele>5.921617</ele>
        <time>2026-10-06T21:41:28.800Z</time>
      </trkpt>
      <trkpt lat="51.978254" lon="5.344926">
        <ele>5.935479</ele>
        <time>2026-10-06T21:41:31.029Z</time>
      </trkpt>
      <trkpt lat="51.978029" lon="5.344210">
        <ele>6.001832</ele>
        <time>2026-10-06T21:41:41.426Z</time>
      </trkpt>
      <trkpt lat="51.978010" lon="5.344144">
        <ele>6.007846</ele>
        <time>2026-10-06T21:41:42.340Z</time>
      </trkpt>
      <trkpt lat="51.978063" lon="5.343947">
        <ele>6.025592</ele>
        <time>2026-10-06T21:41:44.961Z</time>
      </trkpt>
      <trkpt lat="51.978049" lon="5.343838">
        <ele>6.034784</ele>
        <time>2026-10-06T21:41:45.931Z</time>
      </trkpt>
      <trkpt lat="51.978011" lon="5.343747">
        <ele>6.043859</ele>
        <time>2026-10-06T21:41:46.881Z</time>
      </trkpt>
      <trkpt lat="51.977909" lon="5.343674">
        <ele>6.058798</ele>
        <time>2026-10-06T21:41:48.992Z</time>
      </trkpt>
      <trkpt lat="51.977829" lon="5.343695">
        <ele>6.068946</ele>
        <time>2026-10-06T21:41:50.524Z</time>
      </trkpt>
      <trkpt lat="51.977771" lon="5.343764">
        <ele>6.077489</ele>
        <time>2026-10-06T21:41:51.880Z</time>
      </trkpt>
      <trkpt lat="51.977728" lon="5.343950">
        <ele>6.092026</ele>
        <time>2026-10-06T21:41:54.200Z</time>
      </trkpt>
      <trkpt lat="51.977691" lon="5.343971">
        <ele>6.096682</ele>
        <time>2026-10-06T21:41:54.958Z</time>
      </trkpt>
      <trkpt lat="51.977230" lon="5.344308">
        <ele>6.156744</ele>
        <time>2026-10-06T21:42:04.847Z</time>
      </trkpt>
      <trkpt lat="51.976850" lon="5.344571">
        <ele>6.205817</ele>
        <time>2026-10-06T21:42:13.369Z</time>
      </trkpt>
      <trkpt lat="51.976491" lon="5.344746">
        <ele>6.250346</ele>
        <time>2026-10-06T21:42:21.299Z</time>
      </trkpt>
      <trkpt lat="51.976297" lon="5.344787">
        <ele>6.273587</ele>
        <time>2026-10-06T21:42:25.737Z</time>
      </trkpt>
      <trkpt lat="51.975894" lon="5.344799">
        <ele>6.393518</ele>
        <time>2026-10-06T21:42:35.214Z</time>
      </trkpt>
      <trkpt lat="51.975590" lon="5.344755">
        <ele>6.488594</ele>
        <time>2026-10-06T21:42:42.633Z</time>
      </trkpt>
      <trkpt lat="51.975186" lon="5.344633">
        <ele>6.616603</ele>
        <time>2026-10-06T21:42:51.778Z</time>
      </trkpt>
      <trkpt lat="51.975125" lon="5.344664">
        <ele>6.636515</ele>
        <time>2026-10-06T21:42:53.101Z</time>
      </trkpt>
      <trkpt lat="51.975101" lon="5.344728">
        <ele>6.650892</ele>
        <time>2026-10-06T21:42:54.010Z</time>
      </trkpt>
      <trkpt lat="51.974994" lon="5.344690">
        <ele>6.685012</ele>
        <time>2026-10-06T21:42:55.672Z</time>
      </trkpt>
      <trkpt lat="51.974915" lon="5.344644">
        <ele>6.711157</ele>
        <time>2026-10-06T21:42:56.892Z</time>
      </trkpt>
      <trkpt lat="51.974884" lon="5.344626">
        <ele>6.721413</ele>
        <time>2026-10-06T21:42:57.370Z</time>
      </trkpt>
      <trkpt lat="51.974784" lon="5.344468">
        <ele>6.764883</ele>
        <time>2026-10-06T21:42:59.408Z</time>
      </trkpt>
      <trkpt lat="51.974726" lon="5.344393">
        <ele>6.787982</ele>
        <time>2026-10-06T21:43:00.494Z</time>
      </trkpt>
      <trkpt lat="51.974668" lon="5.344390">
        <ele>6.806059</ele>
        <time>2026-10-06T21:43:01.297Z</time>
      </trkpt>
      <trkpt lat="51.974587" lon="5.344417">
        <ele>6.831818</ele>
        <time>2026-10-06T21:43:02.484Z</time>
      </trkpt>
      <trkpt lat="51.974487" lon="5.344471">
        <ele>6.784209</ele>
        <time>2026-10-06T21:43:03.907Z</time>
      </trkpt>
      <trkpt lat="51.974256" lon="5.344485">
        <ele>6.643982</ele>
        <time>2026-10-06T21:43:08.188Z</time>
      </trkpt>
      <trkpt lat="51.974188" lon="5.344530">
        <ele>6.599436</ele>
        <time>2026-10-06T21:43:09.524Z</time>
      </trkpt>
      <trkpt lat="51.974130" lon="5.344622">
        <ele>6.550244</ele>
        <time>2026-10-06T21:43:10.967Z</time>
      </trkpt>
      <trkpt lat="51.973976" lon="5.344445">
        <ele>6.435780</ele>
        <time>2026-10-06T21:43:13.324Z</time>
      </trkpt>
      <trkpt lat="51.973948" lon="5.344328">
        <ele>6.388875</ele>
        <time>2026-10-06T21:43:14.303Z</time>
      </trkpt>
      <trkpt lat="51.973717" lon="5.343902">
        <ele>6.176795</ele>
        <time>2026-10-06T21:43:18.603Z</time>
      </trkpt>
      <trkpt lat="51.973552" lon="5.343659">
        <ele>6.041650</ele>
        <time>2026-10-06T21:43:21.324Z</time>
      </trkpt>
      <trkpt lat="51.973284" lon="5.343320">
        <ele>5.835546</ele>
        <time>2026-10-06T21:43:25.803Z</time>
      </trkpt>
      <trkpt lat="51.973108" lon="5.343208">
        <ele>5.750003</ele>
        <time>2026-10-06T21:43:28.348Z</time>
      </trkpt>
      <trkpt lat="51.972706" lon="5.343055">
        <ele>5.786861</ele>
        <time>2026-10-06T21:43:34.084Z</time>
      </trkpt>
      <trkpt lat="51.972105" lon="5.342886">
        <ele>5.841310</ele>
        <time>2026-10-06T21:43:43.353Z</time>
      </trkpt>
      <trkpt lat="51.971181" lon="5.342651">
        <ele>5.921587</ele>
        <time>2026-10-06T21:43:58.731Z</time>
      </trkpt>
      <trkpt lat="51.971116" lon="5.342619">
        <ele>5.926567</ele>
        <time>2026-10-06T21:43:59.884Z</time>
      </trkpt>
      <trkpt lat="51.970964" lon="5.342427">
        <ele>5.940688</ele>
        <time>2026-10-06T21:44:03.086Z</time>
      </trkpt>
      <trkpt lat="51.970838" lon="5.342207">
        <ele>5.954255</ele>
        <time>2026-10-06T21:44:06.059Z</time>
      </trkpt>
      <trkpt lat="51.970739" lon="5.342139">
        <ele>5.962136</ele>
        <time>2026-10-06T21:44:07.689Z</time>
      </trkpt>
      <trkpt lat="51.970493" lon="5.342066">
        <ele>5.980470</ele>
        <time>2026-10-06T21:44:11.332Z</time>
      </trkpt>
      <trkpt lat="51.970305" lon="5.342043">
        <ele>5.994292</ele>
        <time>2026-10-06T21:44:13.983Z</time>
      </trkpt>
      <trkpt lat="51.970159" lon="5.341973">
        <ele>6.005453</ele>
        <time>2026-10-06T21:44:16.097Z</time>
      </trkpt>
      <trkpt lat="51.970084" lon="5.341863">
        <ele>6.012864</ele>
        <time>2026-10-06T21:44:17.506Z</time>
      </trkpt>
      <trkpt lat="51.969988" lon="5.341478">
        <ele>6.031624</ele>
        <time>2026-10-06T21:44:21.112Z</time>
      </trkpt>
      <trkpt lat="51.969943" lon="5.341259">
        <ele>6.035321</ele>
        <time>2026-10-06T21:44:23.147Z</time>
      </trkpt>
      <trkpt lat="51.969799" lon="5.341115">
        <ele>6.022874</ele>
        <time>2026-10-06T21:44:25.676Z</time>
      </trkpt>
      <trkpt lat="51.969667" lon="5.341066">
        <ele>6.012910</ele>
        <time>2026-10-06T21:44:27.724Z</time>
      </trkpt>
      <trkpt lat="51.969518" lon="5.341146">
        <ele>6.001361</ele>
        <time>2026-10-06T21:44:30.121Z</time>
      </trkpt>
      <trkpt lat="51.969387" lon="5.341290">
        <ele>5.989718</ele>
        <time>2026-10-06T21:44:32.503Z</time>
      </trkpt>
      <trkpt lat="51.969284" lon="5.341423">
        <ele>5.980032</ele>
        <time>2026-10-06T21:44:34.458Z</time>
      </trkpt>
      <trkpt lat="51.969152" lon="5.341593">
        <ele>5.967633</ele>
        <time>2026-10-06T21:44:36.956Z</time>
      </trkpt>
      <trkpt lat="51.969052" lon="5.341775">
        <ele>5.956576</ele>
        <time>2026-10-06T21:44:39.197Z</time>
      </trkpt>
      <trkpt lat="51.968902" lon="5.342014">
        <ele>5.941109</ele>
        <time>2026-10-06T21:44:42.310Z</time>
      </trkpt>
      <trkpt lat="51.968774" lon="5.342096">
        <ele>5.930982</ele>
        <time>2026-10-06T21:44:44.238Z</time>
      </trkpt>
      <trkpt lat="51.968616" lon="5.342111">
        <ele>5.919335</ele>
        <time>2026-10-06T21:44:46.449Z</time>
      </trkpt>
      <trkpt lat="51.968243" lon="5.342070">
        <ele>5.866892</ele>
        <time>2026-10-06T21:44:51.724Z</time>
      </trkpt>
      <trkpt lat="51.968026" lon="5.342059">
        <ele>5.823462</ele>
        <time>2026-10-06T21:44:54.777Z</time>
      </trkpt>
      <trkpt lat="51.967782" lon="5.342046">
        <ele>5.774625</ele>
        <time>2026-10-06T21:44:58.167Z</time>
      </trkpt>
      <trkpt lat="51.967712" lon="5.342101">
        <ele>5.759067</ele>
        <time>2026-10-06T21:44:59.258Z</time>
      </trkpt>
      <trkpt lat="51.967650" lon="5.342210">
        <ele>5.740783</ele>
        <time>2026-10-06T21:45:00.503Z</time>
      </trkpt>
      <trkpt lat="51.967631" lon="5.342333">
        <ele>5.725154</ele>
        <time>2026-10-06T21:45:01.589Z</time>
      </trkpt>
      <trkpt lat="51.967668" lon="5.342578">
        <ele>5.694064</ele>
        <time>2026-10-06T21:45:03.742Z</time>
      </trkpt>
      <trkpt lat="51.967924" lon="5.343300">
        <ele>5.591395</ele>
        <time>2026-10-06T21:45:10.914Z</time>
      </trkpt>
      <trkpt lat="51.967968" lon="5.343487">
        <ele>5.566724</ele>
        <time>2026-10-06T21:45:12.628Z</time>
      </trkpt>
      <trkpt lat="51.967978" lon="5.343669">
        <ele>5.546394</ele>
        <time>2026-10-06T21:45:14.226Z</time>
      </trkpt>
      <trkpt lat="51.967936" lon="5.344003">
        <ele>5.544053</ele>
        <time>2026-10-06T21:45:17.274Z</time>
      </trkpt>
      <trkpt lat="51.967819" lon="5.344389">
        <ele>5.541098</ele>
        <time>2026-10-06T21:45:21.208Z</time>
      </trkpt>
      <trkpt lat="51.967672" lon="5.344645">
        <ele>5.538694</ele>
        <time>2026-10-06T21:45:24.401Z</time>
      </trkpt>
      <trkpt lat="51.967492" lon="5.344332">
        <ele>5.535753</ele>
        <time>2026-10-06T21:45:28.401Z</time>
      </trkpt>
      <trkpt lat="51.967264" lon="5.344069">
        <ele>5.532635</ele>
        <time>2026-10-06T21:45:32.591Z</time>
      </trkpt>
      <trkpt lat="51.967003" lon="5.343865">
        <ele>5.529405</ele>
        <time>2026-10-06T21:45:36.785Z</time>
      </trkpt>
      <trkpt lat="51.966223" lon="5.343642">
        <ele>5.753465</ele>
        <time>2026-10-06T21:45:48.795Z</time>
      </trkpt>
      <trkpt lat="51.965986" lon="5.343381">
        <ele>5.876404</ele>
        <time>2026-10-06T21:45:53.625Z</time>
      </trkpt>
      <trkpt lat="51.964706" lon="5.340947">
        <ele>6.788440</ele>
        <time>2026-10-06T21:46:27.647Z</time>
      </trkpt>
      <trkpt lat="51.964614" lon="5.340700">
        <ele>6.876600</ele>
        <time>2026-10-06T21:46:30.577Z</time>
      </trkpt>
      <trkpt lat="51.964559" lon="5.340421">
        <ele>6.966075</ele>
        <time>2026-10-06T21:46:33.516Z</time>
      </trkpt>
      <trkpt lat="51.964531" lon="5.340105">
        <ele>7.063590</ele>
        <time>2026-10-06T21:46:36.681Z</time>
      </trkpt>
      <trkpt lat="51.964501" lon="5.340014">
        <ele>7.095114</ele>
        <time>2026-10-06T21:46:37.700Z</time>
      </trkpt>
      <trkpt lat="51.964600" lon="5.339955">
        <ele>7.147396</ele>
        <time>2026-10-06T21:46:49.575Z</time>
      </trkpt>
      <trkpt lat="51.964740" lon="5.339969">
        <ele>7.207580</ele>
        <time>2026-10-06T21:47:05.336Z</time>
      </trkpt>
      <trkpt lat="51.965125" lon="5.340006">
        <ele>7.331924</ele>
        <time>2026-10-06T21:47:49.058Z</time>
      </trkpt>
      <trkpt lat="51.965149" lon="5.339581">
        <ele>7.416703</ele>
        <time>2026-10-06T21:48:18.647Z</time>
      </trkpt>
      <trkpt lat="51.965125" lon="5.340006">
        <ele>7.501482</ele>
        <time>2026-10-06T21:48:47.921Z</time>
      </trkpt>
      <trkpt lat="51.964740" lon="5.339969">
        <ele>7.625826</ele>
        <time>2026-10-06T21:49:31.236Z</time>
      </trkpt>
      <trkpt lat="51.964600" lon="5.339955">
        <ele>7.671049</ele>
        <time>2026-10-06T21:49:47.080Z</time>
      </trkpt>
      <trkpt lat="51.964501" lon="5.340014">
        <ele>7.705051</ele>
        <time>2026-10-06T21:49:59.059Z</time>
      </trkpt>
      <trkpt lat="51.964452" lon="5.339920">
        <ele>7.729510</ele>
        <time>2026-10-06T21:50:00.383Z</time>
      </trkpt>
      <trkpt lat="51.964243" lon="5.339732">
        <ele>7.737543</ele>
        <time>2026-10-06T21:50:04.410Z</time>
      </trkpt>
      <trkpt lat="51.964291" lon="5.339498">
        <ele>7.693833</ele>
        <time>2026-10-06T21:50:06.942Z</time>
      </trkpt>
      <trkpt lat="51.964536" lon="5.338767">
        <ele>7.546350</ele>
        <time>2026-10-06T21:50:14.851Z</time>
      </trkpt>
      <trkpt lat="51.964629" lon="5.338308">
        <ele>7.460715</ele>
        <time>2026-10-06T21:50:18.877Z</time>
      </trkpt>
      <trkpt lat="51.964723" lon="5.337439">
        <ele>7.304346</ele>
        <time>2026-10-06T21:50:25.853Z</time>
      </trkpt>
      <trkpt lat="51.964703" lon="5.335638">
        <ele>6.494329</ele>
        <time>2026-10-06T21:50:39.171Z</time>
      </trkpt>
      <trkpt lat="51.964723" lon="5.335117">
        <ele>6.232147</ele>
        <time>2026-10-06T21:50:43.180Z</time>
      </trkpt>
      <trkpt lat="51.964765" lon="5.335151">
        <ele>6.193888</ele>
        <time>2026-10-06T21:50:43.798Z</time>
      </trkpt>
      <trkpt lat="51.964792" lon="5.335116">
        <ele>6.165720</ele>
        <time>2026-10-06T21:50:44.241Z</time>
      </trkpt>
      <trkpt lat="51.965024" lon="5.334452">
        <ele>5.785465</ele>
        <time>2026-10-06T21:50:50.375Z</time>
      </trkpt>
      <trkpt lat="51.965451" lon="5.332939">
        <ele>5.572019</ele>
        <time>2026-10-06T21:51:04.928Z</time>
      </trkpt>
      <trkpt lat="51.967263" lon="5.326518">
        <ele>5.147867</ele>
        <time>2026-10-06T21:52:07.703Z</time>
      </trkpt>
      <trkpt lat="51.967581" lon="5.325387">
        <ele>5.555421</ele>
        <time>2026-10-06T21:52:20.560Z</time>
      </trkpt>
      <trkpt lat="51.967566" lon="5.325349">
        <ele>5.570508</ele>
        <time>2026-10-06T21:52:21.045Z</time>
      </trkpt>
      <trkpt lat="51.967585" lon="5.325211">
        <ele>5.617782</ele>
        <time>2026-10-06T21:52:22.596Z</time>
      </trkpt>
      <trkpt lat="51.967911" lon="5.323879">
        <ele>6.096943</ele>
        <time>2026-10-06T21:52:38.128Z</time>
      </trkpt>
      <trkpt lat="51.968024" lon="5.323417">
        <ele>6.217393</ele>
        <time>2026-10-06T21:52:43.505Z</time>
      </trkpt>
      <trkpt lat="51.968001" lon="5.323183">
        <ele>6.270681</ele>
        <time>2026-10-06T21:52:46.040Z</time>
      </trkpt>
      <trkpt lat="51.967883" lon="5.323029">
        <ele>6.325949</ele>
        <time>2026-10-06T21:52:48.649Z</time>
      </trkpt>
      <trkpt lat="51.967818" lon="5.322796">
        <ele>6.383468</ele>
        <time>2026-10-06T21:52:51.311Z</time>
      </trkpt>
      <trkpt lat="51.967832" lon="5.322674">
        <ele>6.411375</ele>
        <time>2026-10-06T21:52:52.572Z</time>
      </trkpt>
      <trkpt lat="51.967949" lon="5.322456">
        <ele>6.476393</ele>
        <time>2026-10-06T21:52:55.498Z</time>
      </trkpt>
      <trkpt lat="51.968257" lon="5.321742">
        <ele>6.672404</ele>
        <time>2026-10-06T21:53:04.033Z</time>
      </trkpt>
      <trkpt lat="51.968712" lon="5.320129">
        <ele>6.558487</ele>
        <time>2026-10-06T21:53:20.326Z</time>
      </trkpt>
      <trkpt lat="51.968868" lon="5.319471">
        <ele>6.438000</ele>
        <time>2026-10-06T21:53:26.299Z</time>
      </trkpt>
      <trkpt lat="51.968912" lon="5.319078">
        <ele>6.369739</ele>
        <time>2026-10-06T21:53:29.480Z</time>
      </trkpt>
      <trkpt lat="51.969234" lon="5.317803">
        <ele>6.173558</ele>
        <time>2026-10-06T21:53:40.244Z</time>
      </trkpt>
      <trkpt lat="51.968947" lon="5.317584">
        <ele>6.109148</ele>
        <time>2026-10-06T21:53:44.575Z</time>
      </trkpt>
      <trkpt lat="51.968915" lon="5.317561">
        <ele>6.102040</ele>
        <time>2026-10-06T21:53:45.033Z</time>
      </trkpt>
      <trkpt lat="51.967569" lon="5.316562">
        <ele>5.780552</ele>
        <time>2026-10-06T21:54:07.833Z</time>
      </trkpt>
      <trkpt lat="51.967451" lon="5.316471">
        <ele>5.749168</ele>
        <time>2026-10-06T21:54:09.884Z</time>
      </trkpt>
      <trkpt lat="51.966375" lon="5.315678">
        <ele>5.415826</ele>
        <time>2026-10-06T21:54:25.895Z</time>
      </trkpt>
      <trkpt lat="51.966081" lon="5.315362">
        <ele>5.102791</ele>
        <time>2026-10-06T21:54:30.237Z</time>
      </trkpt>
      <trkpt lat="51.965919" lon="5.315147">
        <ele>4.917019</ele>
        <time>2026-10-06T21:54:32.787Z</time>
      </trkpt>
      <trkpt lat="51.965669" lon="5.314743">
        <ele>4.603836</ele>
        <time>2026-10-06T21:54:37.064Z</time>
      </trkpt>
      <trkpt lat="51.965453" lon="5.314299">
        <ele>4.294408</ele>
        <time>2026-10-06T21:54:41.277Z</time>
      </trkpt>
      <trkpt lat="51.965261" lon="5.313747">
        <ele>3.947694</ele>
        <time>2026-10-06T21:54:46.054Z</time>
      </trkpt>
      <trkpt lat="51.965139" lon="5.313284">
        <ele>3.776353</ele>
        <time>2026-10-06T21:54:49.943Z</time>
      </trkpt>
      <trkpt lat="51.965048" lon="5.312812">
        <ele>3.637021</ele>
        <time>2026-10-06T21:54:53.877Z</time>
      </trkpt>
      <trkpt lat="51.964994" lon="5.312242">
        <ele>3.474550</ele>
        <time>2026-10-06T21:54:58.638Z</time>
      </trkpt>
      <trkpt lat="51.964979" lon="5.311715">
        <ele>3.325923</ele>
        <time>2026-10-06T21:55:03.125Z</time>
      </trkpt>
      <trkpt lat="51.964994" lon="5.311276">
        <ele>3.202055</ele>
        <time>2026-10-06T21:55:06.940Z</time>
      </trkpt>
      <trkpt lat="51.965126" lon="5.310384">
        <ele>3.018202</ele>
        <time>2026-10-06T21:55:15.034Z</time>
      </trkpt>
      <trkpt lat="51.965525" lon="5.308625">
        <ele>2.815966</ele>
        <time>2026-10-06T21:55:31.483Z</time>
      </trkpt>
      <trkpt lat="51.965610" lon="5.308045">
        <ele>2.751642</ele>
        <time>2026-10-06T21:55:36.640Z</time>
      </trkpt>
      <trkpt lat="51.965828" lon="5.306998">
        <ele>2.574143</ele>
        <time>2026-10-06T21:55:46.298Z</time>
      </trkpt>
      <trkpt lat="51.965880" lon="5.306639">
        <ele>2.514564</ele>
        <time>2026-10-06T21:55:49.451Z</time>
      </trkpt>
      <trkpt lat="51.965939" lon="5.306569">
        <ele>2.495401</ele>
        <time>2026-10-06T21:55:50.451Z</time>
      </trkpt>
      <trkpt lat="51.965995" lon="5.306558">
        <ele>2.480610</ele>
        <time>2026-10-06T21:55:51.229Z</time>
      </trkpt>
      <trkpt lat="51.966061" lon="5.306597">
        <ele>2.462193</ele>
        <time>2026-10-06T21:55:52.172Z</time>
      </trkpt>
      <trkpt lat="51.966173" lon="5.306092">
        <ele>2.375484</ele>
        <time>2026-10-06T21:55:56.614Z</time>
      </trkpt>
      <trkpt lat="51.966188" lon="5.305725">
        <ele>2.316063</ele>
        <time>2026-10-06T21:55:59.639Z</time>
      </trkpt>
      <trkpt lat="51.965810" lon="5.304060">
        <ele>2.383843</ele>
        <time>2026-10-06T21:56:14.833Z</time>
      </trkpt>
      <trkpt lat="51.964663" lon="5.298901">
        <ele>3.668741</ele>
        <time>2026-10-06T21:57:12.465Z</time>
      </trkpt>
      <trkpt lat="51.964368" lon="5.297526">
        <ele>3.893286</ele>
        <time>2026-10-06T21:57:26.269Z</time>
      </trkpt>
      <trkpt lat="51.964211" lon="5.296859">
        <ele>3.955608</ele>
        <time>2026-10-06T21:57:32.625Z</time>
      </trkpt>
      <trkpt lat="51.964104" lon="5.296411">
        <ele>3.976948</ele>
        <time>2026-10-06T21:57:36.952Z</time>
      </trkpt>
      <trkpt lat="51.964050" lon="5.296047">
        <ele>3.993576</ele>
        <time>2026-10-06T21:57:40.376Z</time>
      </trkpt>
      <trkpt lat="51.964048" lon="5.295827">
        <ele>4.003348</ele>
        <time>2026-10-06T21:57:42.413Z</time>
      </trkpt>
      <trkpt lat="51.964113" lon="5.295083">
        <ele>4.036722</ele>
        <time>2026-10-06T21:57:49.533Z</time>
      </trkpt>
      <trkpt lat="51.964251" lon="5.294138">
        <ele>4.058673</ele>
        <time>2026-10-06T21:57:58.793Z</time>
      </trkpt>
      <trkpt lat="51.964322" lon="5.293464">
        <ele>4.042864</ele>
        <time>2026-10-06T21:58:05.287Z</time>
      </trkpt>
      <trkpt lat="51.964377" lon="5.292208">
        <ele>4.013751</ele>
        <time>2026-10-06T21:58:16.622Z</time>
      </trkpt>
      <trkpt lat="51.964410" lon="5.292011">
        <ele>4.009031</ele>
        <time>2026-10-06T21:58:18.386Z</time>
      </trkpt>
      <trkpt lat="51.964487" lon="5.291717">
        <ele>4.001645</ele>
        <time>2026-10-06T21:58:21.120Z</time>
      </trkpt>
      <trkpt lat="51.965070" lon="5.290243">
        <ele>3.841132</ele>
        <time>2026-10-06T21:58:36.154Z</time>
      </trkpt>
      <trkpt lat="51.965191" lon="5.289833">
        <ele>3.796788</ele>
        <time>2026-10-06T21:58:40.173Z</time>
      </trkpt>
      <trkpt lat="51.965244" lon="5.289562">
        <ele>3.769053</ele>
        <time>2026-10-06T21:58:42.714Z</time>
      </trkpt>
      <trkpt lat="51.965279" lon="5.289138">
        <ele>3.727325</ele>
        <time>2026-10-06T21:58:46.584Z</time>
      </trkpt>
      <trkpt lat="51.965277" lon="5.287661">
        <ele>3.761567</ele>
        <time>2026-10-06T21:59:00.273Z</time>
      </trkpt>
      <trkpt lat="51.965126" lon="5.285046">
        <ele>3.898735</ele>
        <time>2026-10-06T21:59:24.869Z</time>
      </trkpt>
      <trkpt lat="51.965130" lon="5.284638">
        <ele>3.930192</ele>
        <time>2026-10-06T21:59:28.646Z</time>
      </trkpt>
      <trkpt lat="51.965186" lon="5.283810">
        <ele>3.994406</ele>
        <time>2026-10-06T21:59:36.369Z</time>
      </trkpt>
      <trkpt lat="51.965112" lon="5.282226">
        <ele>4.179311</ele>
        <time>2026-10-06T21:59:52.016Z</time>
      </trkpt>
      <trkpt lat="51.965068" lon="5.281334">
        <ele>4.306823</ele>
        <time>2026-10-06T22:00:00.798Z</time>
      </trkpt>
      <trkpt lat="51.965126" lon="5.280574">
        <ele>4.415946</ele>
        <time>2026-10-06T22:00:08.124Z</time>
      </trkpt>
      <trkpt lat="51.965234" lon="5.279883">
        <ele>4.450179</ele>
        <time>2026-10-06T22:00:14.793Z</time>
      </trkpt>
      <trkpt lat="51.965322" lon="5.279535">
        <ele>4.441851</ele>
        <time>2026-10-06T22:00:18.136Z</time>
      </trkpt>
      <trkpt lat="51.965601" lon="5.278734">
        <ele>4.421479</ele>
        <time>2026-10-06T22:00:26.358Z</time>
      </trkpt>
      <trkpt lat="51.965743" lon="5.278053">
        <ele>4.405561</ele>
        <time>2026-10-06T22:00:32.799Z</time>
      </trkpt>
      <trkpt lat="51.965931" lon="5.276767">
        <ele>4.340517</ele>
        <time>2026-10-06T22:00:44.782Z</time>
      </trkpt>
      <trkpt lat="51.966257" lon="5.273656">
        <ele>4.205048</ele>
        <time>2026-10-06T22:01:12.728Z</time>
      </trkpt>
      <trkpt lat="51.966294" lon="5.273443">
        <ele>4.205342</ele>
        <time>2026-10-06T22:01:14.741Z</time>
      </trkpt>
      <trkpt lat="51.966395" lon="5.273183">
        <ele>4.205751</ele>
        <time>2026-10-06T22:01:17.557Z</time>
      </trkpt>
      <trkpt lat="51.966510" lon="5.273037">
        <ele>4.206066</ele>
        <time>2026-10-06T22:01:19.736Z</time>
      </trkpt>
      <trkpt lat="51.967071" lon="5.272471">
        <ele>4.207492</ele>
        <time>2026-10-06T22:01:29.773Z</time>
      </trkpt>
      <trkpt lat="51.967580" lon="5.271937">
        <ele>4.295597</ele>
        <time>2026-10-06T22:01:39.084Z</time>
      </trkpt>
      <trkpt lat="51.968077" lon="5.271581">
        <ele>4.376045</ele>
        <time>2026-10-06T22:01:47.464Z</time>
      </trkpt>
      <trkpt lat="51.968276" lon="5.271382">
        <ele>4.410659</ele>
        <time>2026-10-06T22:01:51.080Z</time>
      </trkpt>
      <trkpt lat="51.968752" lon="5.270806">
        <ele>4.489776</ele>
        <time>2026-10-06T22:02:00.251Z</time>
      </trkpt>
      <trkpt lat="51.970043" lon="5.269489">
        <ele>4.635093</ele>
        <time>2026-10-06T22:02:23.712Z</time>
      </trkpt>
      <trkpt lat="51.970775" lon="5.268617">
        <ele>4.487607</ele>
        <time>2026-10-06T22:02:36.760Z</time>
      </trkpt>
      <trkpt lat="51.971445" lon="5.268164">
        <ele>4.344722</ele>
        <time>2026-10-06T22:02:46.704Z</time>
      </trkpt>
      <trkpt lat="51.971904" lon="5.267613">
        <ele>4.269369</ele>
        <time>2026-10-06T22:02:54.628Z</time>
      </trkpt>
      <trkpt lat="51.972113" lon="5.267432">
        <ele>4.252073</ele>
        <time>2026-10-06T22:02:57.991Z</time>
      </trkpt>
      <trkpt lat="51.972809" lon="5.266911">
        <ele>4.196113</ele>
        <time>2026-10-06T22:03:09.149Z</time>
      </trkpt>
      <trkpt lat="51.973645" lon="5.266141">
        <ele>4.210198</ele>
        <time>2026-10-06T22:03:23.819Z</time>
      </trkpt>
      <trkpt lat="51.973900" lon="5.266004">
        <ele>4.239274</ele>
        <time>2026-10-06T22:03:27.959Z</time>
      </trkpt>
      <trkpt lat="51.974124" lon="5.265840">
        <ele>4.265873</ele>
        <time>2026-10-06T22:03:31.760Z</time>
      </trkpt>
      <trkpt lat="51.975100" lon="5.264834">
        <ele>4.336196</ele>
        <time>2026-10-06T22:03:49.205Z</time>
      </trkpt>
      <trkpt lat="51.975254" lon="5.264632">
        <ele>4.325389</ele>
        <time>2026-10-06T22:03:52.140Z</time>
      </trkpt>
      <trkpt lat="51.975595" lon="5.264143">
        <ele>4.300555</ele>
        <time>2026-10-06T22:03:58.805Z</time>
      </trkpt>
      <trkpt lat="51.976864" lon="5.261981">
        <ele>4.224176</ele>
        <time>2026-10-06T22:04:25.567Z</time>
      </trkpt>
      <trkpt lat="51.977010" lon="5.261635">
        <ele>4.216098</ele>
        <time>2026-10-06T22:04:29.385Z</time>
      </trkpt>
      <trkpt lat="51.977422" lon="5.260429">
        <ele>4.184559</ele>
        <time>2026-10-06T22:04:41.966Z</time>
      </trkpt>
      <trkpt lat="51.977533" lon="5.260230">
        <ele>4.176966</ele>
        <time>2026-10-06T22:04:44.421Z</time>
      </trkpt>
      <trkpt lat="51.977815" lon="5.259913">
        <ele>4.161215</ele>
        <time>2026-10-06T22:04:49.452Z</time>
      </trkpt>
      <trkpt lat="51.978450" lon="5.259326">
        <ele>4.127660</ele>
        <time>2026-10-06T22:05:00.076Z</time>
      </trkpt>
      <trkpt lat="51.978555" lon="5.259183">
        <ele>4.121366</ele>
        <time>2026-10-06T22:05:02.078Z</time>
      </trkpt>
      <trkpt lat="51.979005" lon="5.258343">
        <ele>4.110846</ele>
        <time>2026-10-06T22:05:12.181Z</time>
      </trkpt>
      <trkpt lat="51.979928" lon="5.256366">
        <ele>4.059829</ele>
        <time>2026-10-06T22:05:34.952Z</time>
      </trkpt>
      <trkpt lat="51.980010" lon="5.256229">
        <ele>4.046484</ele>
        <time>2026-10-06T22:05:36.644Z</time>
      </trkpt>
      <trkpt lat="51.980136" lon="5.256111">
        <ele>4.029986</ele>
        <time>2026-10-06T22:05:38.719Z</time>
      </trkpt>
      <trkpt lat="51.980155" lon="5.255935">
        <ele>4.017503</ele>
        <time>2026-10-06T22:05:40.269Z</time>
      </trkpt>
      <trkpt lat="51.980445" lon="5.255439">
        <ele>3.969728</ele>
        <time>2026-10-06T22:05:46.282Z</time>
      </trkpt>
      <trkpt lat="51.980615" lon="5.255079">
        <ele>3.938038</ele>
        <time>2026-10-06T22:05:50.243Z</time>
      </trkpt>
      <trkpt lat="51.980719" lon="5.254779">
        <ele>3.913989</ele>
        <time>2026-10-06T22:05:53.211Z</time>
      </trkpt>
      <trkpt lat="51.980774" lon="5.254507">
        <ele>3.893989</ele>
        <time>2026-10-06T22:05:55.671Z</time>
      </trkpt>
      <trkpt lat="51.980797" lon="5.254143">
        <ele>3.863749</ele>
        <time>2026-10-06T22:05:58.859Z</time>
      </trkpt>
      <trkpt lat="51.980780" lon="5.253835">
        <ele>3.838118</ele>
        <time>2026-10-06T22:06:01.586Z</time>
      </trkpt>
      <trkpt lat="51.980771" lon="5.252705">
        <ele>3.744451</ele>
        <time>2026-10-06T22:06:11.758Z</time>
      </trkpt>
      <trkpt lat="51.980846" lon="5.251990">
        <ele>3.684336</ele>
        <time>2026-10-06T22:06:18.163Z</time>
      </trkpt>
      <trkpt lat="51.980911" lon="5.251644">
        <ele>3.654354</ele>
        <time>2026-10-06T22:06:21.292Z</time>
      </trkpt>
      <trkpt lat="51.981307" lon="5.250198">
        <ele>3.458903</ele>
        <time>2026-10-06T22:06:34.911Z</time>
      </trkpt>
      <trkpt lat="51.981486" lon="5.249419">
        <ele>3.355457</ele>
        <time>2026-10-06T22:06:42.095Z</time>
      </trkpt>
      <trkpt lat="51.981881" lon="5.247172">
        <ele>3.210070</ele>
        <time>2026-10-06T22:07:02.990Z</time>
      </trkpt>
      <trkpt lat="51.982295" lon="5.245530">
        <ele>3.200490</ele>
        <time>2026-10-06T22:07:18.974Z</time>
      </trkpt>
      <trkpt lat="51.982386" lon="5.245009">
        <ele>3.233262</ele>
        <time>2026-10-06T22:07:23.980Z</time>
      </trkpt>
      <trkpt lat="51.982508" lon="5.244051">
        <ele>3.292461</ele>
        <time>2026-10-06T22:07:33.303Z</time>
      </trkpt>
      <trkpt lat="51.982838" lon="5.241683">
        <ele>3.508137</ele>
        <time>2026-10-06T22:07:57.006Z</time>
      </trkpt>
      <trkpt lat="51.982854" lon="5.240498">
        <ele>3.628459</ele>
        <time>2026-10-06T22:08:08.001Z</time>
      </trkpt>
      <trkpt lat="51.982817" lon="5.240075">
        <ele>3.612975</ele>
        <time>2026-10-06T22:08:11.847Z</time>
      </trkpt>
      <trkpt lat="51.982757" lon="5.239729">
        <ele>3.592161</ele>
        <time>2026-10-06T22:08:15.039Z</time>
      </trkpt>
      <trkpt lat="51.982383" lon="5.238144">
        <ele>3.493875</ele>
        <time>2026-10-06T22:08:29.991Z</time>
      </trkpt>
      <trkpt lat="51.982038" lon="5.236938">
        <ele>3.446699</ele>
        <time>2026-10-06T22:08:41.864Z</time>
      </trkpt>
      <trkpt lat="51.981940" lon="5.236511">
        <ele>3.436581</ele>
        <time>2026-10-06T22:08:46.003Z</time>
      </trkpt>
      <trkpt lat="51.981908" lon="5.236180">
        <ele>3.429141</ele>
        <time>2026-10-06T22:08:49.057Z</time>
      </trkpt>
      <trkpt lat="51.981893" lon="5.235282">
        <ele>3.409195</ele>
        <time>2026-10-06T22:08:57.233Z</time>
      </trkpt>
      <trkpt lat="51.981821" lon="5.234820">
        <ele>3.402431</ele>
        <time>2026-10-06T22:09:01.579Z</time>
      </trkpt>
      <trkpt lat="51.981551" lon="5.233778">
        <ele>3.430812</ele>
        <time>2026-10-06T22:09:11.858Z</time>
      </trkpt>
      <trkpt lat="51.980841" lon="5.231424">
        <ele>3.616265</ele>
        <time>2026-10-06T22:09:36.357Z</time>
      </trkpt>
      <trkpt lat="51.980661" lon="5.231027">
        <ele>3.693318</ele>
        <time>2026-10-06T22:09:41.305Z</time>
      </trkpt>
      <trkpt lat="51.980493" lon="5.230800">
        <ele>3.748784</ele>
        <time>2026-10-06T22:09:44.898Z</time>
      </trkpt>
      <trkpt lat="51.980311" lon="5.230639">
        <ele>3.801382</ele>
        <time>2026-10-06T22:09:48.323Z</time>
      </trkpt>
      <trkpt lat="51.980177" lon="5.230560">
        <ele>3.837560</ele>
        <time>2026-10-06T22:09:50.682Z</time>
      </trkpt>
      <trkpt lat="51.979783" lon="5.230423">
        <ele>3.919545</ele>
        <time>2026-10-06T22:09:57.271Z</time>
      </trkpt>
      <trkpt lat="51.979553" lon="5.230234">
        <ele>3.847536</ele>
        <time>2026-10-06T22:10:01.150Z</time>
      </trkpt>
      <trkpt lat="51.979260" lon="5.229835">
        <ele>3.740708</ele>
        <time>2026-10-06T22:10:06.629Z</time>
      </trkpt>
      <trkpt lat="51.979160" lon="5.229644">
        <ele>3.697577</ele>
        <time>2026-10-06T22:10:08.761Z</time>
      </trkpt>
      <trkpt lat="51.979074" lon="5.229348">
        <ele>3.641265</ele>
        <time>2026-10-06T22:10:11.474Z</time>
      </trkpt>
      <trkpt lat="51.979023" lon="5.229120">
        <ele>3.599528</ele>
        <time>2026-10-06T22:10:13.443Z</time>
      </trkpt>
      <trkpt lat="51.979102" lon="5.229119">
        <ele>3.577460</ele>
        <time>2026-10-06T22:10:14.461Z</time>
      </trkpt>
      <trkpt lat="51.980389" lon="5.227333">
        <ele>2.980395</ele>
        <time>2026-10-06T22:10:36.573Z</time>
      </trkpt>
      <trkpt lat="51.980417" lon="5.227188">
        <ele>2.944210</ele>
        <time>2026-10-06T22:10:37.915Z</time>
      </trkpt>
      <trkpt lat="51.980382" lon="5.227022">
        <ele>2.902429</ele>
        <time>2026-10-06T22:10:40.044Z</time>
      </trkpt>
      <trkpt lat="51.980505" lon="5.226774">
        <ele>2.826609</ele>
        <time>2026-10-06T22:10:42.902Z</time>
      </trkpt>
      <trkpt lat="51.980918" lon="5.225670">
        <ele>2.674795</ele>
        <time>2026-10-06T22:10:59.046Z</time>
      </trkpt>
      <trkpt lat="51.981409" lon="5.224369">
        <ele>2.576761</ele>
        <time>2026-10-06T22:11:17.916Z</time>
      </trkpt>
      <trkpt lat="51.981753" lon="5.223505">
        <ele>2.410500</ele>
        <time>2026-10-06T22:11:29.909Z</time>
      </trkpt>
      <trkpt lat="51.981918" lon="5.223091">
        <ele>2.285668</ele>
        <time>2026-10-06T22:11:35.551Z</time>
      </trkpt>
      <trkpt lat="51.981932" lon="5.223060">
        <ele>2.275936</ele>
        <time>2026-10-06T22:11:35.983Z</time>
      </trkpt>
      <trkpt lat="51.982029" lon="5.222833">
        <ele>2.205996</ele>
        <time>2026-10-06T22:11:39.113Z</time>
      </trkpt>
      <trkpt lat="51.983000" lon="5.220556">
        <ele>1.793558</ele>
        <time>2026-10-06T22:12:11.251Z</time>
      </trkpt>
      <trkpt lat="51.983587" lon="5.219052">
        <ele>1.778602</ele>
        <time>2026-10-06T22:12:34.453Z</time>
      </trkpt>
      <trkpt lat="51.984121" lon="5.217664">
        <ele>1.861755</ele>
        <time>2026-10-06T22:12:55.590Z</time>
      </trkpt>
      <trkpt lat="51.984130" lon="5.217640">
        <ele>1.863182</ele>
        <time>2026-10-06T22:12:55.938Z</time>
      </trkpt>
      <trkpt lat="51.984428" lon="5.216773">
        <ele>1.913630</ele>
        <time>2026-10-06T22:13:08.105Z</time>
      </trkpt>
      <trkpt lat="51.985277" lon="5.213912">
        <ele>1.851085</ele>
        <time>2026-10-06T22:13:47.495Z</time>
      </trkpt>
      <trkpt lat="51.985472" lon="5.213256">
        <ele>1.795833</ele>
        <time>2026-10-06T22:13:56.140Z</time>
      </trkpt>
      <trkpt lat="51.985922" lon="5.211737">
        <ele>1.667976</ele>
        <time>2026-10-06T22:14:16.387Z</time>
      </trkpt>
      <trkpt lat="51.986117" lon="5.211150">
        <ele>1.633628</ele>
        <time>2026-10-06T22:14:24.664Z</time>
      </trkpt>
      <trkpt lat="51.986269" lon="5.210606">
        <ele>1.636759</ele>
        <time>2026-10-06T22:14:32.279Z</time>
      </trkpt>
      <trkpt lat="51.986421" lon="5.210066">
        <ele>1.639871</ele>
        <time>2026-10-06T22:14:39.993Z</time>
      </trkpt>
      <trkpt lat="51.986580" lon="5.209626">
        <ele>1.642545</ele>
        <time>2026-10-06T22:14:46.499Z</time>
      </trkpt>
      <trkpt lat="51.986824" lon="5.208740">
        <ele>1.647632</ele>
        <time>2026-10-06T22:14:58.414Z</time>
      </trkpt>
      <trkpt lat="51.986848" lon="5.208392">
        <ele>1.605406</ele>
        <time>2026-10-06T22:15:02.636Z</time>
      </trkpt>
      <trkpt lat="51.986926" lon="5.208139">
        <ele>1.565564</ele>
        <time>2026-10-06T22:15:05.990Z</time>
      </trkpt>
      <trkpt lat="51.987004" lon="5.207885">
        <ele>1.525597</ele>
        <time>2026-10-06T22:15:08.400Z</time>
      </trkpt>
      <trkpt lat="51.987095" lon="5.207725">
        <ele>1.494928</ele>
        <time>2026-10-06T22:15:10.254Z</time>
      </trkpt>
      <trkpt lat="51.987133" lon="5.207659">
        <ele>1.482205</ele>
        <time>2026-10-06T22:15:11.019Z</time>
      </trkpt>
      <trkpt lat="51.987185" lon="5.207569">
        <ele>1.464827</ele>
        <time>2026-10-06T22:15:12.070Z</time>
      </trkpt>
      <trkpt lat="51.987501" lon="5.206513">
        <ele>1.299501</ele>
        <time>2026-10-06T22:15:22.052Z</time>
      </trkpt>
      <trkpt lat="51.987823" lon="5.205437">
        <ele>1.133707</ele>
        <time>2026-10-06T22:15:32.509Z</time>
      </trkpt>
      <trkpt lat="51.987937" lon="5.205064">
        <ele>1.076550</ele>
        <time>2026-10-06T22:15:36.119Z</time>
      </trkpt>
      <trkpt lat="51.988045" lon="5.204708">
        <ele>1.022078</ele>
        <time>2026-10-06T22:15:39.553Z</time>
      </trkpt>
      <trkpt lat="51.988945" lon="5.201748">
        <ele>0.820390</ele>
        <time>2026-10-06T22:16:08.017Z</time>
      </trkpt>
      <trkpt lat="51.990031" lon="5.198252">
        <ele>1.393390</ele>
        <time>2026-10-06T22:16:47.003Z</time>
      </trkpt>
      <trkpt lat="51.990458" lon="5.196786">
        <ele>1.750218</ele>
        <time>2026-10-06T22:17:03.008Z</time>
      </trkpt>
      <trkpt lat="51.990489" lon="5.196812">
        <ele>1.762685</ele>
        <time>2026-10-06T22:17:03.582Z</time>
      </trkpt>
      <trkpt lat="51.990539" lon="5.196856">
        <ele>1.783005</ele>
        <time>2026-10-06T22:17:04.513Z</time>
      </trkpt>
      <trkpt lat="51.990577" lon="5.196885">
        <ele>1.798008</ele>
        <time>2026-10-06T22:17:05.196Z</time>
      </trkpt>
      <trkpt lat="51.990782" lon="5.196196">
        <ele>1.966376</ele>
        <time>2026-10-06T22:17:13.064Z</time>
      </trkpt>
      <trkpt lat="51.990994" lon="5.195464">
        <ele>2.067549</ele>
        <time>2026-10-06T22:17:21.517Z</time>
      </trkpt>
      <trkpt lat="51.991168" lon="5.194887">
        <ele>2.112086</ele>
        <time>2026-10-06T22:17:28.295Z</time>
      </trkpt>
      <trkpt lat="51.991365" lon="5.194190">
        <ele>2.165250</ele>
        <time>2026-10-06T22:17:35.845Z</time>
      </trkpt>
      <trkpt lat="51.991604" lon="5.193372">
        <ele>2.228013</ele>
        <time>2026-10-06T22:17:43.423Z</time>
      </trkpt>
      <trkpt lat="51.991838" lon="5.192676">
        <ele>2.034571</ele>
        <time>2026-10-06T22:17:49.615Z</time>
      </trkpt>
      <trkpt lat="51.991876" lon="5.192572">
        <ele>1.999826</ele>
        <time>2026-10-06T22:17:50.525Z</time>
      </trkpt>
      <trkpt lat="51.991917" lon="5.192466">
        <ele>1.963861</ele>
        <time>2026-10-06T22:17:51.475Z</time>
      </trkpt>
      <trkpt lat="51.991984" lon="5.192282">
        <ele>1.902444</ele>
        <time>2026-10-06T22:17:53.136Z</time>
      </trkpt>
      <trkpt lat="51.992061" lon="5.192142">
        <ele>1.848511</ele>
        <time>2026-10-06T22:17:54.647Z</time>
      </trkpt>
      <trkpt lat="51.992162" lon="5.192106">
        <ele>1.800264</ele>
        <time>2026-10-06T22:17:55.997Z</time>
      </trkpt>
      <trkpt lat="51.992139" lon="5.191894">
        <ele>1.738416</ele>
        <time>2026-10-06T22:17:57.715Z</time>
      </trkpt>
      <trkpt lat="51.992148" lon="5.191773">
        <ele>1.703399</ele>
        <time>2026-10-06T22:17:58.675Z</time>
      </trkpt>
      <trkpt lat="51.992373" lon="5.191049">
        <ele>1.470395</ele>
        <time>2026-10-06T22:18:05.343Z</time>
      </trkpt>
      <trkpt lat="51.992475" lon="5.190737">
        <ele>1.402000</ele>
        <time>2026-10-06T22:18:08.612Z</time>
      </trkpt>
      <trkpt lat="51.992549" lon="5.190520">
        <ele>1.419514</ele>
        <time>2026-10-06T22:18:11.039Z</time>
      </trkpt>
      <trkpt lat="51.992636" lon="5.190278">
        <ele>1.439300</ele>
        <time>2026-10-06T22:18:13.777Z</time>
      </trkpt>
      <trkpt lat="51.992733" lon="5.189966">
        <ele>1.463978</ele>
        <time>2026-10-06T22:18:17.180Z</time>
      </trkpt>
      <trkpt lat="51.992815" lon="5.189701">
        <ele>1.484918</ele>
        <time>2026-10-06T22:18:20.223Z</time>
      </trkpt>
      <trkpt lat="51.992827" lon="5.189662">
        <ele>1.487997</ele>
        <time>2026-10-06T22:18:20.699Z</time>
      </trkpt>
      <trkpt lat="51.993067" lon="5.188895">
        <ele>1.548742</ele>
        <time>2026-10-06T22:18:29.269Z</time>
      </trkpt>
      <trkpt lat="51.993156" lon="5.188603">
        <ele>1.571747</ele>
        <time>2026-10-06T22:18:32.205Z</time>
      </trkpt>
      <trkpt lat="51.993273" lon="5.188229">
        <ele>1.601366</ele>
        <time>2026-10-06T22:18:35.986Z</time>
      </trkpt>
      <trkpt lat="51.993775" lon="5.186535">
        <ele>1.292838</ele>
        <time>2026-10-06T22:18:51.919Z</time>
      </trkpt>
      <trkpt lat="51.994005" lon="5.185719">
        <ele>1.145007</ele>
        <time>2026-10-06T22:18:59.442Z</time>
      </trkpt>
      <trkpt lat="51.994161" lon="5.185176">
        <ele>1.121890</ele>
        <time>2026-10-06T22:19:04.690Z</time>
      </trkpt>
      <trkpt lat="51.994240" lon="5.184909">
        <ele>1.122782</ele>
        <time>2026-10-06T22:19:07.363Z</time>
      </trkpt>
      <trkpt lat="51.994556" lon="5.183823">
        <ele>1.126399</ele>
        <time>2026-10-06T22:19:18.382Z</time>
      </trkpt>
      <trkpt lat="51.994603" lon="5.183665">
        <ele>1.126927</ele>
        <time>2026-10-06T22:19:20.032Z</time>
      </trkpt>
      <trkpt lat="51.994801" lon="5.183025">
        <ele>1.129084</ele>
        <time>2026-10-06T22:19:26.872Z</time>
      </trkpt>
      <trkpt lat="51.994862" lon="5.182814">
        <ele>1.137560</ele>
        <time>2026-10-06T22:19:29.087Z</time>
      </trkpt>
      <trkpt lat="51.995117" lon="5.181946">
        <ele>1.189737</ele>
        <time>2026-10-06T22:19:38.110Z</time>
      </trkpt>
      <trkpt lat="51.995166" lon="5.181771">
        <ele>1.200167</ele>
        <time>2026-10-06T22:19:39.889Z</time>
      </trkpt>
      <trkpt lat="51.996158" lon="5.178463">
        <ele>1.411537</ele>
        <time>2026-10-06T22:20:14.335Z</time>
      </trkpt>
      <trkpt lat="51.996240" lon="5.178285">
        <ele>1.424863</ele>
        <time>2026-10-06T22:20:16.408Z</time>
      </trkpt>
      <trkpt lat="51.996384" lon="5.178081">
        <ele>1.443466</ele>
        <time>2026-10-06T22:20:19.308Z</time>
      </trkpt>
      <trkpt lat="51.996474" lon="5.178147">
        <ele>1.453080</ele>
        <time>2026-10-06T22:20:20.800Z</time>
      </trkpt>
      <trkpt lat="51.996531" lon="5.178129">
        <ele>1.458733</ele>
        <time>2026-10-06T22:20:21.688Z</time>
      </trkpt>
      <trkpt lat="51.996588" lon="5.178051">
        <ele>1.461890</ele>
        <time>2026-10-06T22:20:22.815Z</time>
      </trkpt>
      <trkpt lat="51.996611" lon="5.177925">
        <ele>1.459240</ele>
        <time>2026-10-06T22:20:24.041Z</time>
      </trkpt>
      <trkpt lat="51.996601" lon="5.177850">
        <ele>1.457692</ele>
        <time>2026-10-06T22:20:24.753Z</time>
      </trkpt>
      <trkpt lat="51.996542" lon="5.177742">
        <ele>1.454781</ele>
        <time>2026-10-06T22:20:26.101Z</time>
      </trkpt>
      <trkpt lat="51.996479" lon="5.177716">
        <ele>1.452652</ele>
        <time>2026-10-06T22:20:27.072Z</time>
      </trkpt>
      <trkpt lat="51.996421" lon="5.177487">
        <ele>1.447658</ele>
        <time>2026-10-06T22:20:29.369Z</time>
      </trkpt>
      <trkpt lat="51.996601" lon="5.176945">
        <ele>1.435239</ele>
        <time>2026-10-06T22:20:36.938Z</time>
      </trkpt>
      <trkpt lat="51.996910" lon="5.175889">
        <ele>1.411660</ele>
        <time>2026-10-06T22:20:51.150Z</time>
      </trkpt>
      <trkpt lat="51.997169" lon="5.175154">
        <ele>1.403995</ele>
        <time>2026-10-06T22:21:01.530Z</time>
      </trkpt>
      <trkpt lat="51.997624" lon="5.174099">
        <ele>1.403954</ele>
        <time>2026-10-06T22:21:17.384Z</time>
      </trkpt>
      <trkpt lat="51.998768" lon="5.171196">
        <ele>1.426192</ele>
        <time>2026-10-06T22:22:01.392Z</time>
      </trkpt>
      <trkpt lat="51.999741" lon="5.168791">
        <ele>0.978603</ele>
        <time>2026-10-06T22:22:35.179Z</time>
      </trkpt>
      <trkpt lat="52.000344" lon="5.167392">
        <ele>0.661118</ele>
        <time>2026-10-06T22:22:55.012Z</time>
      </trkpt>
      <trkpt lat="52.001228" lon="5.165162">
        <ele>0.315464</ele>
        <time>2026-10-06T22:23:26.413Z</time>
      </trkpt>
      <trkpt lat="52.002173" lon="5.162904">
        <ele>0.279272</ele>
        <time>2026-10-06T22:24:01.061Z</time>
      </trkpt>
      <trkpt lat="52.004205" lon="5.157952">
        <ele>0.266565</ele>
        <time>2026-10-06T22:25:15.091Z</time>
      </trkpt>
      <trkpt lat="52.005453" lon="5.155001">
        <ele>0.154882</ele>
        <time>2026-10-06T22:25:58.779Z</time>
      </trkpt>
      <trkpt lat="52.005439" lon="5.154961">
        <ele>0.154206</ele>
        <time>2026-10-06T22:25:59.195Z</time>
      </trkpt>
      <trkpt lat="52.005348" lon="5.154820">
        <ele>0.151201</ele>
        <time>2026-10-06T22:26:01.053Z</time>
      </trkpt>
      <trkpt lat="52.005326" lon="5.154788">
        <ele>0.150495</ele>
        <time>2026-10-06T22:26:01.494Z</time>
      </trkpt>
      <trkpt lat="52.003481" lon="5.151950">
        <ele>0.183455</ele>
        <time>2026-10-06T22:26:39.765Z</time>
      </trkpt>
      <trkpt lat="52.003397" lon="5.151822">
        <ele>0.184203</ele>
        <time>2026-10-06T22:26:41.470Z</time>
      </trkpt>
      <trkpt lat="52.003279" lon="5.151722">
        <ele>0.182308</ele>
        <time>2026-10-06T22:26:43.422Z</time>
      </trkpt>
      <trkpt lat="52.003214" lon="5.151709">
        <ele>0.181375</ele>
        <time>2026-10-06T22:26:44.387Z</time>
      </trkpt>
      <trkpt lat="52.001624" lon="5.151431">
        <ele>0.174688</ele>
        <time>2026-10-06T22:27:07.572Z</time>
      </trkpt>
      <trkpt lat="52.000728" lon="5.151275">
        <ele>0.403178</ele>
        <time>2026-10-06T22:27:21.746Z</time>
      </trkpt>
      <trkpt lat="52.000224" lon="5.150457">
        <ele>0.583834</ele>
        <time>2026-10-06T22:27:33.443Z</time>
      </trkpt>
      <trkpt lat="51.998711" lon="5.148218">
        <ele>1.196182</ele>
        <time>2026-10-06T22:28:06.319Z</time>
      </trkpt>
      <trkpt lat="51.998651" lon="5.148176">
        <ele>1.217891</ele>
        <time>2026-10-06T22:28:07.368Z</time>
      </trkpt>
      <trkpt lat="51.998292" lon="5.148170">
        <ele>1.337183</ele>
        <time>2026-10-06T22:28:13.047Z</time>
      </trkpt>
      <trkpt lat="51.997821" lon="5.147489">
        <ele>1.546708</ele>
        <time>2026-10-06T22:28:23.112Z</time>
      </trkpt>
      <trkpt lat="51.997737" lon="5.147410">
        <ele>1.578960</ele>
        <time>2026-10-06T22:28:24.718Z</time>
      </trkpt>
      <trkpt lat="51.997968" lon="5.146513">
        <ele>1.762263</ele>
        <time>2026-10-06T22:28:34.670Z</time>
      </trkpt>
      <trkpt lat="51.998047" lon="5.146200">
        <ele>1.788243</ele>
        <time>2026-10-06T22:28:38.153Z</time>
      </trkpt>
      <trkpt lat="51.998144" lon="5.145817">
        <ele>1.820049</ele>
        <time>2026-10-06T22:28:42.404Z</time>
      </trkpt>
      <trkpt lat="51.998414" lon="5.144769">
        <ele>1.907300</ele>
        <time>2026-10-06T22:28:53.069Z</time>
      </trkpt>
      <trkpt lat="51.998514" lon="5.144316">
        <ele>1.944259</ele>
        <time>2026-10-06T22:28:57.382Z</time>
      </trkpt>
      <trkpt lat="51.998572" lon="5.143871">
        <ele>1.974428</ele>
        <time>2026-10-06T22:29:01.312Z</time>
      </trkpt>
      <trkpt lat="51.998655" lon="5.143242">
        <ele>1.902926</ele>
        <time>2026-10-06T22:29:06.761Z</time>
      </trkpt>
      <trkpt lat="51.998844" lon="5.142367">
        <ele>1.799857</ele>
        <time>2026-10-06T22:29:14.503Z</time>
      </trkpt>
      <trkpt lat="51.999142" lon="5.140978">
        <ele>1.664957</ele>
        <time>2026-10-06T22:29:27.712Z</time>
      </trkpt>
      <trkpt lat="51.999519" lon="5.139783">
        <ele>1.779696</ele>
        <time>2026-10-06T22:29:40.317Z</time>
      </trkpt>
      <trkpt lat="51.999865" lon="5.138794">
        <ele>1.876897</ele>
        <time>2026-10-06T22:29:51.287Z</time>
      </trkpt>
      <trkpt lat="51.999957" lon="5.138554">
        <ele>1.901055</ele>
        <time>2026-10-06T22:29:53.990Z</time>
      </trkpt>
      <trkpt lat="52.000212" lon="5.137944">
        <ele>1.956742</ele>
        <time>2026-10-06T22:30:00.992Z</time>
      </trkpt>
      <trkpt lat="52.001323" lon="5.134838">
        <ele>2.084883</ele>
        <time>2026-10-06T22:30:34.832Z</time>
      </trkpt>
      <trkpt lat="52.001617" lon="5.134135">
        <ele>2.062093</ele>
        <time>2026-10-06T22:30:42.626Z</time>
      </trkpt>
      <trkpt lat="52.001918" lon="5.133424">
        <ele>1.983873</ele>
        <time>2026-10-06T22:30:50.146Z</time>
      </trkpt>
      <trkpt lat="52.002039" lon="5.133155">
        <ele>1.876367</ele>
        <time>2026-10-06T22:30:52.907Z</time>
      </trkpt>
      <trkpt lat="52.002322" lon="5.132543">
        <ele>1.629374</ele>
        <time>2026-10-06T22:30:58.968Z</time>
      </trkpt>
      <trkpt lat="52.003020" lon="5.131141">
        <ele>1.100977</ele>
        <time>2026-10-06T22:31:13.153Z</time>
      </trkpt>
      <trkpt lat="52.003243" lon="5.130627">
        <ele>1.100273</ele>
        <time>2026-10-06T22:31:18.635Z</time>
      </trkpt>
      <trkpt lat="52.003436" lon="5.130134">
        <ele>1.099620</ele>
        <time>2026-10-06T22:31:24.003Z</time>
      </trkpt>
      <trkpt lat="52.003675" lon="5.129562">
        <ele>1.098846</ele>
        <time>2026-10-06T22:31:30.844Z</time>
      </trkpt>
      <trkpt lat="52.003737" lon="5.129423">
        <ele>1.098654</ele>
        <time>2026-10-06T22:31:33.162Z</time>
      </trkpt>
      <trkpt lat="52.004698" lon="5.127423">
        <ele>1.135816</ele>
        <time>2026-10-06T22:32:05.482Z</time>
      </trkpt>
      <trkpt lat="52.004914" lon="5.126974">
        <ele>1.147449</ele>
        <time>2026-10-06T22:32:12.281Z</time>
      </trkpt>
      <trkpt lat="52.006102" lon="5.124471">
        <ele>1.085687</ele>
        <time>2026-10-06T22:32:51.000Z</time>
      </trkpt>
      <trkpt lat="52.006701" lon="5.123198">
        <ele>1.139837</ele>
        <time>2026-10-06T22:33:11.836Z</time>
      </trkpt>
      <trkpt lat="52.006901" lon="5.122762">
        <ele>1.164480</ele>
        <time>2026-10-06T22:33:18.746Z</time>
      </trkpt>
      <trkpt lat="52.007026" lon="5.122441">
        <ele>1.181695</ele>
        <time>2026-10-06T22:33:23.447Z</time>
      </trkpt>
      <trkpt lat="52.007052" lon="5.122376">
        <ele>1.185209</ele>
        <time>2026-10-06T22:33:24.381Z</time>
      </trkpt>
      <trkpt lat="52.007096" lon="5.122222">
        <ele>1.192903</ele>
        <time>2026-10-06T22:33:25.893Z</time>
      </trkpt>
      <trkpt lat="52.007123" lon="5.122132">
        <ele>1.197441</ele>
        <time>2026-10-06T22:33:26.756Z</time>
      </trkpt>
      <trkpt lat="52.008017" lon="5.119184">
        <ele>1.342399</ele>
        <time>2026-10-06T22:33:56.325Z</time>
      </trkpt>
      <trkpt lat="52.008169" lon="5.118439">
        <ele>1.508900</ele>
        <time>2026-10-06T22:34:05.537Z</time>
      </trkpt>
      <trkpt lat="52.008222" lon="5.118029">
        <ele>1.597775</ele>
        <time>2026-10-06T22:34:11.830Z</time>
      </trkpt>
      <trkpt lat="52.008268" lon="5.117633">
        <ele>1.683265</ele>
        <time>2026-10-06T22:34:17.724Z</time>
      </trkpt>
      <trkpt lat="52.008388" lon="5.116759">
        <ele>1.873231</ele>
        <time>2026-10-06T22:34:29.950Z</time>
      </trkpt>
      <trkpt lat="52.008775" lon="5.113839">
        <ele>0.515943</ele>
        <time>2026-10-06T22:34:52.181Z</time>
      </trkpt>
      <trkpt lat="52.008905" lon="5.112941">
        <ele>0.217776</ele>
        <time>2026-10-06T22:34:59.368Z</time>
      </trkpt>
      <trkpt lat="52.009120" lon="5.111466">
        <ele>-0.113887</ele>
        <time>2026-10-06T22:35:17.387Z</time>
      </trkpt>
      <trkpt lat="52.009194" lon="5.111258">
        <ele>-0.166453</ele>
        <time>2026-10-06T22:35:20.329Z</time>
      </trkpt>
      <trkpt lat="52.009241" lon="5.111211">
        <ele>-0.186072</ele>
        <time>2026-10-06T22:35:21.131Z</time>
      </trkpt>
      <trkpt lat="52.009364" lon="5.111180">
        <ele>-0.230317</ele>
        <time>2026-10-06T22:35:22.939Z</time>
      </trkpt>
      <trkpt lat="52.010999" lon="5.111353">
        <ele>-0.219858</ele>
        <time>2026-10-06T22:35:47.335Z</time>
      </trkpt>
      <trkpt lat="52.011065" lon="5.111325">
        <ele>-0.216905</ele>
        <time>2026-10-06T22:35:48.397Z</time>
      </trkpt>
      <trkpt lat="52.011105" lon="5.111263">
        <ele>-0.214511</ele>
        <time>2026-10-06T22:35:49.253Z</time>
      </trkpt>
      <trkpt lat="52.011125" lon="5.110986">
        <ele>-0.207080</ele>
        <time>2026-10-06T22:35:51.907Z</time>
      </trkpt>
      <trkpt lat="52.011819" lon="5.110983">
        <ele>-0.209313</ele>
        <time>2026-10-06T22:36:02.532Z</time>
      </trkpt>
      <trkpt lat="52.012339" lon="5.110984">
        <ele>-0.211580</ele>
        <time>2026-10-06T22:36:10.242Z</time>
      </trkpt>
      <trkpt lat="52.012526" lon="5.111022">
        <ele>-0.212402</ele>
        <time>2026-10-06T22:36:12.937Z</time>
      </trkpt>
      <trkpt lat="52.013803" lon="5.111621">
        <ele>0.177434</ele>
        <time>2026-10-06T22:36:32.165Z</time>
      </trkpt>
      <trkpt lat="52.013863" lon="5.111686">
        <ele>0.208256</ele>
        <time>2026-10-06T22:36:33.298Z</time>
      </trkpt>
      <trkpt lat="52.013889" lon="5.111790">
        <ele>0.237784</ele>
        <time>2026-10-06T22:36:34.491Z</time>
      </trkpt>
      <trkpt lat="52.013892" lon="5.111894">
        <ele>0.265172</ele>
        <time>2026-10-06T22:36:35.591Z</time>
      </trkpt>
      <trkpt lat="52.013867" lon="5.112007">
        <ele>0.296760</ele>
        <time>2026-10-06T22:36:36.939Z</time>
      </trkpt>
      <trkpt lat="52.014687" lon="5.112390">
        <ele>0.881338</ele>
        <time>2026-10-06T22:36:52.945Z</time>
      </trkpt>
      <trkpt lat="52.014812" lon="5.112351">
        <ele>1.047677</ele>
        <time>2026-10-06T22:36:55.674Z</time>
      </trkpt>
      <trkpt lat="52.014884" lon="5.112218">
        <ele>1.190143</ele>
        <time>2026-10-06T22:36:58.077Z</time>
      </trkpt>
      <trkpt lat="52.014888" lon="5.112200">
        <ele>1.205536</ele>
        <time>2026-10-06T22:36:58.325Z</time>
      </trkpt>
      <trkpt lat="52.014913" lon="5.112073">
        <ele>1.312780</ele>
        <time>2026-10-06T22:37:00.023Z</time>
      </trkpt>
      <trkpt lat="52.014955" lon="5.111841">
        <ele>1.507283</ele>
        <time>2026-10-06T22:37:03.168Z</time>
      </trkpt>
      <trkpt lat="52.015074" lon="5.111160">
        <ele>2.076662</ele>
        <time>2026-10-06T22:37:12.327Z</time>
      </trkpt>
      <trkpt lat="52.015126" lon="5.110887">
        <ele>2.306512</ele>
        <time>2026-10-06T22:37:17.059Z</time>
      </trkpt>
      <trkpt lat="52.015198" lon="5.110479">
        <ele>2.647889</ele>
        <time>2026-10-06T22:37:23.836Z</time>
      </trkpt>
      <trkpt lat="52.015335" lon="5.109726">
        <ele>2.943590</ele>
        <time>2026-10-06T22:37:35.490Z</time>
      </trkpt>
      <trkpt lat="52.015371" lon="5.109486">
        <ele>2.964023</ele>
        <time>2026-10-06T22:37:39.003Z</time>
      </trkpt>
      <trkpt lat="52.015358" lon="5.109363">
        <ele>2.974346</ele>
        <time>2026-10-06T22:37:40.758Z</time>
      </trkpt>
      <trkpt lat="52.015434" lon="5.109208">
        <ele>2.990738</ele>
        <time>2026-10-06T22:37:42.762Z</time>
      </trkpt>
      <trkpt lat="52.015562" lon="5.108516">
        <ele>3.050506</ele>
        <time>2026-10-06T22:37:49.296Z</time>
      </trkpt>
      <trkpt lat="52.015787" lon="5.106832">
        <ele>2.976737</ele>
        <time>2026-10-06T22:38:03.464Z</time>
      </trkpt>
      <trkpt lat="52.015940" lon="5.105223">
        <ele>2.481122</ele>
        <time>2026-10-06T22:38:16.508Z</time>
      </trkpt>
      <trkpt lat="52.016011" lon="5.104163">
        <ele>2.192224</ele>
        <time>2026-10-06T22:38:25.497Z</time>
      </trkpt>
      <trkpt lat="52.015999" lon="5.103109">
        <ele>1.985115</ele>
        <time>2026-10-06T22:38:34.232Z</time>
      </trkpt>
      <trkpt lat="52.015960" lon="5.102617">
        <ele>1.887657</ele>
        <time>2026-10-06T22:38:38.392Z</time>
      </trkpt>
      <trkpt lat="52.015963" lon="5.101960">
        <ele>1.758576</ele>
        <time>2026-10-06T22:38:44.111Z</time>
      </trkpt>
      <trkpt lat="52.015963" lon="5.101881">
        <ele>1.743055</ele>
        <time>2026-10-06T22:38:44.784Z</time>
      </trkpt>
      <trkpt lat="52.015967" lon="5.101671">
        <ele>1.701778</ele>
        <time>2026-10-06T22:38:46.598Z</time>
      </trkpt>
      <trkpt lat="52.015977" lon="5.101446">
        <ele>1.661160</ele>
        <time>2026-10-06T22:38:48.597Z</time>
      </trkpt>
      <trkpt lat="52.015988" lon="5.100647">
        <ele>1.526897</ele>
        <time>2026-10-06T22:38:55.487Z</time>
      </trkpt>
      <trkpt lat="52.015959" lon="5.100072">
        <ele>1.429976</ele>
        <time>2026-10-06T22:39:00.227Z</time>
      </trkpt>
      <trkpt lat="52.015972" lon="5.099621">
        <ele>1.354127</ele>
        <time>2026-10-06T22:39:04.213Z</time>
      </trkpt>
      <trkpt lat="52.015950" lon="5.098858">
        <ele>1.225806</ele>
        <time>2026-10-06T22:39:11.000Z</time>
      </trkpt>
      <trkpt lat="52.015941" lon="5.098627">
        <ele>1.184127</ele>
        <time>2026-10-06T22:39:12.937Z</time>
      </trkpt>
      <trkpt lat="52.015933" lon="5.098463">
        <ele>1.141370</ele>
        <time>2026-10-06T22:39:14.276Z</time>
      </trkpt>
      <trkpt lat="52.015889" lon="5.097802">
        <ele>0.968575</ele>
        <time>2026-10-06T22:39:19.611Z</time>
      </trkpt>
      <trkpt lat="52.015849" lon="5.097589">
        <ele>0.910697</ele>
        <time>2026-10-06T22:39:21.371Z</time>
      </trkpt>
      <trkpt lat="52.015821" lon="5.097565">
        <ele>0.897328</ele>
        <time>2026-10-06T22:39:21.774Z</time>
      </trkpt>
      <trkpt lat="52.015782" lon="5.097529">
        <ele>0.878387</ele>
        <time>2026-10-06T22:39:22.352Z</time>
      </trkpt>
      <trkpt lat="52.015727" lon="5.097548">
        <ele>0.854641</ele>
        <time>2026-10-06T22:39:23.089Z</time>
      </trkpt>
      <trkpt lat="52.015527" lon="5.097627">
        <ele>0.767722</ele>
        <time>2026-10-06T22:39:25.788Z</time>
      </trkpt>
      <trkpt lat="52.015351" lon="5.097637">
        <ele>0.693353</ele>
        <time>2026-10-06T22:39:28.145Z</time>
      </trkpt>
      <trkpt lat="52.015169" lon="5.097636">
        <ele>0.616495</ele>
        <time>2026-10-06T22:39:30.641Z</time>
      </trkpt>
      <trkpt lat="52.013690" lon="5.097610">
        <ele>0.371656</ele>
        <time>2026-10-06T22:39:51.496Z</time>
      </trkpt>
      <trkpt lat="52.013090" lon="5.097510">
        <ele>0.336499</ele>
        <time>2026-10-06T22:40:00.647Z</time>
      </trkpt>
      <trkpt lat="52.012835" lon="5.097427">
        <ele>0.332278</ele>
        <time>2026-10-06T22:40:04.712Z</time>
      </trkpt>
      <trkpt lat="52.012536" lon="5.097264">
        <ele>0.345869</ele>
        <time>2026-10-06T22:40:09.495Z</time>
      </trkpt>
      <trkpt lat="52.012317" lon="5.097097">
        <ele>0.356295</ele>
        <time>2026-10-06T22:40:13.124Z</time>
      </trkpt>
      <trkpt lat="52.011951" lon="5.096754">
        <ele>0.374504</ele>
        <time>2026-10-06T22:40:21.783Z</time>
      </trkpt>
      <trkpt lat="52.011793" lon="5.096570">
        <ele>0.382882</ele>
        <time>2026-10-06T22:40:24.644Z</time>
      </trkpt>
      <trkpt lat="52.011643" lon="5.096383">
        <ele>0.391030</ele>
        <time>2026-10-06T22:40:27.450Z</time>
      </trkpt>
      <trkpt lat="52.010932" lon="5.095302">
        <ele>0.547201</ele>
        <time>2026-10-06T22:40:42.011Z</time>
      </trkpt>
      <trkpt lat="52.010427" lon="5.094533">
        <ele>0.699335</ele>
        <time>2026-10-06T22:40:53.087Z</time>
      </trkpt>
      <trkpt lat="52.009999" lon="5.094043">
        <ele>0.817264</ele>
        <time>2026-10-06T22:41:01.790Z</time>
      </trkpt>
      <trkpt lat="52.009432" lon="5.093580">
        <ele>0.985203</ele>
        <time>2026-10-06T22:41:11.793Z</time>
      </trkpt>
      <trkpt lat="52.009173" lon="5.093415">
        <ele>1.058826</ele>
        <time>2026-10-06T22:41:16.030Z</time>
      </trkpt>
      <trkpt lat="52.009028" lon="5.093345">
        <ele>1.098857</ele>
        <time>2026-10-06T22:41:18.301Z</time>
      </trkpt>
      <trkpt lat="52.008968" lon="5.093272">
        <ele>1.118695</ele>
        <time>2026-10-06T22:41:19.383Z</time>
      </trkpt>
      <trkpt lat="52.008872" lon="5.093233">
        <ele>1.144883</ele>
        <time>2026-10-06T22:41:20.898Z</time>
      </trkpt>
      <trkpt lat="52.008763" lon="5.093221">
        <ele>1.173795</ele>
        <time>2026-10-06T22:41:22.619Z</time>
      </trkpt>
      <trkpt lat="52.008689" lon="5.093200">
        <ele>1.193674</ele>
        <time>2026-10-06T22:41:23.820Z</time>
      </trkpt>
      <trkpt lat="52.008522" lon="5.093138">
        <ele>1.239009</ele>
        <time>2026-10-06T22:41:26.624Z</time>
      </trkpt>
      <trkpt lat="52.007946" lon="5.092949">
        <ele>1.533124</ele>
        <time>2026-10-06T22:41:36.298Z</time>
      </trkpt>
      <trkpt lat="52.007770" lon="5.092892">
        <ele>1.636384</ele>
        <time>2026-10-06T22:41:39.183Z</time>
      </trkpt>
      <trkpt lat="52.007594" lon="5.092785">
        <ele>1.744510</ele>
        <time>2026-10-06T22:41:42.429Z</time>
      </trkpt>
      <trkpt lat="52.007416" lon="5.092768">
        <ele>1.847105</ele>
        <time>2026-10-06T22:41:45.641Z</time>
      </trkpt>
      <trkpt lat="52.005494" lon="5.091987">
        <ele>3.270656</ele>
        <time>2026-10-06T22:42:20.875Z</time>
      </trkpt>
      <trkpt lat="52.005328" lon="5.091910">
        <ele>3.411678</ele>
        <time>2026-10-06T22:42:23.923Z</time>
      </trkpt>
      <trkpt lat="52.004548" lon="5.091648">
        <ele>4.190449</ele>
        <time>2026-10-06T22:42:42.877Z</time>
      </trkpt>
      <trkpt lat="52.004324" lon="5.091573">
        <ele>4.462263</ele>
        <time>2026-10-06T22:42:48.998Z</time>
      </trkpt>
      <trkpt lat="52.003964" lon="5.091441">
        <ele>4.900878</ele>
        <time>2026-10-06T22:42:58.626Z</time>
      </trkpt>
      <trkpt lat="52.003906" lon="5.091291">
        <ele>5.030475</ele>
        <time>2026-10-06T22:43:01.523Z</time>
      </trkpt>
      <trkpt lat="52.003853" lon="5.090638">
        <ele>5.512366</ele>
        <time>2026-10-06T22:43:12.025Z</time>
      </trkpt>
      <trkpt lat="52.003849" lon="5.090571">
        <ele>5.561616</ele>
        <time>2026-10-06T22:43:13.105Z</time>
      </trkpt>
      <trkpt lat="52.003756" lon="5.089245">
        <ele>5.668955</ele>
        <time>2026-10-06T22:43:32.665Z</time>
      </trkpt>
      <trkpt lat="52.003748" lon="5.089149">
        <ele>5.640437</ele>
        <time>2026-10-06T22:43:33.476Z</time>
      </trkpt>
      <trkpt lat="52.003671" lon="5.088294">
        <ele>5.386069</ele>
        <time>2026-10-06T22:43:39.873Z</time>
      </trkpt>
      <trkpt lat="52.003626" lon="5.087828">
        <ele>5.247213</ele>
        <time>2026-10-06T22:43:43.363Z</time>
      </trkpt>
      <trkpt lat="52.003605" lon="5.087648">
        <ele>5.193282</ele>
        <time>2026-10-06T22:43:44.716Z</time>
      </trkpt>
      <trkpt lat="52.003499" lon="5.086525">
        <ele>4.668202</ele>
        <time>2026-10-06T22:43:52.962Z</time>
      </trkpt>
      <trkpt lat="52.003491" lon="5.086432">
        <ele>4.614130</ele>
        <time>2026-10-06T22:43:53.675Z</time>
      </trkpt>
      <trkpt lat="52.003466" lon="5.086190">
        <ele>4.472833</ele>
        <time>2026-10-06T22:43:55.480Z</time>
      </trkpt>
      <trkpt lat="52.003409" lon="5.085762">
        <ele>4.220680</ele>
        <time>2026-10-06T22:43:58.751Z</time>
      </trkpt>
      <trkpt lat="52.003354" lon="5.085420">
        <ele>4.017139</ele>
        <time>2026-10-06T22:44:01.528Z</time>
      </trkpt>
      <trkpt lat="52.003213" lon="5.084614">
        <ele>3.534649</ele>
        <time>2026-10-06T22:44:08.392Z</time>
      </trkpt>
      <trkpt lat="52.003204" lon="5.084567">
        <ele>3.506306</ele>
        <time>2026-10-06T22:44:08.834Z</time>
      </trkpt>
      <trkpt lat="52.002900" lon="5.083135">
        <ele>2.884835</ele>
        <time>2026-10-06T22:44:20.333Z</time>
      </trkpt>
      <trkpt lat="52.002666" lon="5.082054">
        <ele>2.448067</ele>
        <time>2026-10-06T22:44:29.460Z</time>
      </trkpt>
      <trkpt lat="52.002505" lon="5.081315">
        <ele>2.329809</ele>
        <time>2026-10-06T22:44:36.267Z</time>
      </trkpt>
      <trkpt lat="52.002274" lon="5.080251">
        <ele>2.587213</ele>
        <time>2026-10-06T22:44:45.850Z</time>
      </trkpt>
      <trkpt lat="52.002259" lon="5.080172">
        <ele>2.606074</ele>
        <time>2026-10-06T22:44:46.642Z</time>
      </trkpt>
      <trkpt lat="52.002062" lon="5.078857">
        <ele>2.914847</ele>
        <time>2026-10-06T22:45:01.113Z</time>
      </trkpt>
      <trkpt lat="52.001995" lon="5.078726">
        <ele>3.099316</ele>
        <time>2026-10-06T22:45:03.298Z</time>
      </trkpt>
      <trkpt lat="52.001928" lon="5.078694">
        <ele>3.276388</ele>
        <time>2026-10-06T22:45:04.668Z</time>
      </trkpt>
      <trkpt lat="52.001913" lon="5.078652">
        <ele>3.352181</ele>
        <time>2026-10-06T22:45:05.329Z</time>
      </trkpt>
      <trkpt lat="52.001576" lon="5.077280">
        <ele>5.657993</ele>
        <time>2026-10-06T22:45:28.881Z</time>
      </trkpt>
      <trkpt lat="52.001494" lon="5.077014">
        <ele>6.122358</ele>
        <time>2026-10-06T22:45:34.336Z</time>
      </trkpt>
      <trkpt lat="52.001429" lon="5.076857">
        <ele>6.417694</ele>
        <time>2026-10-06T22:45:37.783Z</time>
      </trkpt>
      <trkpt lat="52.001209" lon="5.076580">
        <ele>7.123471</ele>
        <time>2026-10-06T22:45:45.596Z</time>
      </trkpt>
      <trkpt lat="52.000965" lon="5.076523">
        <ele>7.629230</ele>
        <time>2026-10-06T22:45:51.960Z</time>
      </trkpt>
      <trkpt lat="52.000681" lon="5.076579">
        <ele>8.020833</ele>
        <time>2026-10-06T22:45:58.821Z</time>
      </trkpt>
      <trkpt lat="51.999916" lon="5.076909">
        <ele>9.104293</ele>
        <time>2026-10-06T22:46:14.494Z</time>
      </trkpt>
      <trkpt lat="51.995354" lon="5.079450">
        <ele>10.928544</ele>
        <time>2026-10-06T22:47:34.548Z</time>
      </trkpt>
      <trkpt lat="51.994351" lon="5.080086">
        <ele>9.928046</ele>
        <time>2026-10-06T22:47:47.063Z</time>
      </trkpt>
      <trkpt lat="51.994142" lon="5.080309">
        <ele>9.480961</ele>
        <time>2026-10-06T22:47:49.717Z</time>
      </trkpt>
      <trkpt lat="51.993755" lon="5.080923">
        <ele>8.116951</ele>
        <time>2026-10-06T22:47:55.419Z</time>
      </trkpt>
      <trkpt lat="51.993599" lon="5.081110">
        <ele>7.628113</ele>
        <time>2026-10-06T22:47:57.429Z</time>
      </trkpt>
      <trkpt lat="51.993431" lon="5.081254">
        <ele>7.149182</ele>
        <time>2026-10-06T22:47:59.360Z</time>
      </trkpt>
      <trkpt lat="51.993397" lon="5.081309">
        <ele>7.028194</ele>
        <time>2026-10-06T22:47:59.845Z</time>
      </trkpt>
      <trkpt lat="51.992900" lon="5.081700">
        <ele>5.635886</ele>
        <time>2026-10-06T22:48:05.573Z</time>
      </trkpt>
      <trkpt lat="51.992749" lon="5.081852">
        <ele>5.244149</ele>
        <time>2026-10-06T22:48:07.460Z</time>
      </trkpt>
      <trkpt lat="51.992709" lon="5.081970">
        <ele>5.154479</ele>
        <time>2026-10-06T22:48:08.343Z</time>
      </trkpt>
      <trkpt lat="51.992755" lon="5.082211">
        <ele>4.986513</ele>
        <time>2026-10-06T22:48:10.007Z</time>
      </trkpt>
      <trkpt lat="51.992922" lon="5.082745">
        <ele>4.587807</ele>
        <time>2026-10-06T22:48:14.117Z</time>
      </trkpt>
      <trkpt lat="51.993310" lon="5.083791">
        <ele>3.774899</ele>
        <time>2026-10-06T22:48:23.304Z</time>
      </trkpt>
      <trkpt lat="51.993320" lon="5.083920">
        <ele>3.688346</ele>
        <time>2026-10-06T22:48:24.493Z</time>
      </trkpt>
      <trkpt lat="51.993284" lon="5.083973">
        <ele>3.635815</ele>
        <time>2026-10-06T22:48:25.222Z</time>
      </trkpt>
      <trkpt lat="51.992429" lon="5.082128">
        <ele>3.746813</ele>
        <time>2026-10-06T22:48:50.046Z</time>
      </trkpt>
      <trkpt lat="51.992345" lon="5.081900">
        <ele>3.804441</ele>
        <time>2026-10-06T22:48:52.740Z</time>
      </trkpt>
      <trkpt lat="51.991839" lon="5.080571">
        <ele>3.781987</ele>
        <time>2026-10-06T22:49:06.663Z</time>
      </trkpt>
      <trkpt lat="51.991755" lon="5.080270">
        <ele>3.699507</ele>
        <time>2026-10-06T22:49:09.298Z</time>
      </trkpt>
      <trkpt lat="51.991433" lon="5.079033">
        <ele>3.364318</ele>
        <time>2026-10-06T22:49:19.873Z</time>
      </trkpt>
      <trkpt lat="51.991417" lon="5.078824">
        <ele>3.311753</ele>
        <time>2026-10-06T22:49:21.592Z</time>
      </trkpt>
      <trkpt lat="51.991460" lon="5.078702">
        <ele>3.276669</ele>
        <time>2026-10-06T22:49:22.777Z</time>
      </trkpt>
      <trkpt lat="51.991489" lon="5.078680">
        <ele>3.263695</ele>
        <time>2026-10-06T22:49:23.206Z</time>
      </trkpt>
      <trkpt lat="51.991142" lon="5.077017">
        <ele>3.232095</ele>
        <time>2026-10-06T22:49:45.025Z</time>
      </trkpt>
      <trkpt lat="51.991049" lon="5.076659">
        <ele>3.228821</ele>
        <time>2026-10-06T22:49:49.933Z</time>
      </trkpt>
      <trkpt lat="51.990938" lon="5.076345">
        <ele>3.225769</ele>
        <time>2026-10-06T22:49:54.539Z</time>
      </trkpt>
      <trkpt lat="51.990373" lon="5.074838">
        <ele>3.195948</ele>
        <time>2026-10-06T22:50:16.876Z</time>
      </trkpt>
      <trkpt lat="51.989752" lon="5.073293">
        <ele>3.125225</ele>
        <time>2026-10-06T22:50:39.384Z</time>
      </trkpt>
      <trkpt lat="51.989309" lon="5.072221">
        <ele>2.886874</ele>
        <time>2026-10-06T22:50:54.687Z</time>
      </trkpt>
      <trkpt lat="51.989020" lon="5.071522">
        <ele>2.731432</ele>
        <time>2026-10-06T22:51:04.597Z</time>
      </trkpt>
      <trkpt lat="51.988664" lon="5.070856">
        <ele>2.539941</ele>
        <time>2026-10-06T22:51:14.813Z</time>
      </trkpt>
      <trkpt lat="51.988452" lon="5.070497">
        <ele>2.400333</ele>
        <time>2026-10-06T22:51:20.528Z</time>
      </trkpt>
      <trkpt lat="51.988098" lon="5.069986">
        <ele>2.184451</ele>
        <time>2026-10-06T22:51:29.289Z</time>
      </trkpt>
      <trkpt lat="51.986990" lon="5.068605">
        <ele>1.820961</ele>
        <time>2026-10-06T22:51:55.237Z</time>
      </trkpt>
      <trkpt lat="51.986183" lon="5.067744">
        <ele>1.850260</ele>
        <time>2026-10-06T22:52:15.414Z</time>
      </trkpt>
      <trkpt lat="51.986011" lon="5.067612">
        <ele>1.856033</ele>
        <time>2026-10-06T22:52:18.648Z</time>
      </trkpt>
      <trkpt lat="51.985425" lon="5.067295">
        <ele>1.987564</ele>
        <time>2026-10-06T22:52:29.101Z</time>
      </trkpt>
      <trkpt lat="51.985070" lon="5.067043">
        <ele>2.080737</ele>
        <time>2026-10-06T22:52:35.492Z</time>
      </trkpt>
      <trkpt lat="51.984825" lon="5.066976">
        <ele>2.140485</ele>
        <time>2026-10-06T22:52:39.488Z</time>
      </trkpt>
      <trkpt lat="51.984673" lon="5.066964">
        <ele>2.177081</ele>
        <time>2026-10-06T22:52:41.863Z</time>
      </trkpt>
      <trkpt lat="51.984204" lon="5.066911">
        <ele>2.290140</ele>
        <time>2026-10-06T22:52:48.889Z</time>
      </trkpt>
      <trkpt lat="51.983506" lon="5.066961">
        <ele>2.162080</ele>
        <time>2026-10-06T22:52:58.716Z</time>
      </trkpt>
      <trkpt lat="51.983017" lon="5.066839">
        <ele>2.070284</ele>
        <time>2026-10-06T22:53:05.657Z</time>
      </trkpt>
      <trkpt lat="51.981799" lon="5.066393">
        <ele>1.929932</ele>
        <time>2026-10-06T22:53:23.101Z</time>
      </trkpt>
      <trkpt lat="51.981041" lon="5.066175">
        <ele>1.896993</ele>
        <time>2026-10-06T22:53:34.386Z</time>
      </trkpt>
      <trkpt lat="51.980420" lon="5.065780">
        <ele>1.918523</ele>
        <time>2026-10-06T22:53:44.729Z</time>
      </trkpt>
      <trkpt lat="51.979300" lon="5.065164">
        <ele>2.081066</ele>
        <time>2026-10-06T22:54:03.519Z</time>
      </trkpt>
      <trkpt lat="51.979081" lon="5.064990">
        <ele>2.114580</ele>
        <time>2026-10-06T22:54:07.156Z</time>
      </trkpt>
      <trkpt lat="51.978930" lon="5.064800">
        <ele>2.114133</ele>
        <time>2026-10-06T22:54:09.940Z</time>
      </trkpt>
      <trkpt lat="51.978469" lon="5.063916">
        <ele>2.014801</ele>
        <time>2026-10-06T22:54:19.990Z</time>
      </trkpt>
      <trkpt lat="51.978198" lon="5.063554">
        <ele>1.965939</ele>
        <time>2026-10-06T22:54:24.850Z</time>
      </trkpt>
      <trkpt lat="51.978064" lon="5.063330">
        <ele>1.939161</ele>
        <time>2026-10-06T22:54:27.530Z</time>
      </trkpt>
      <trkpt lat="51.977952" lon="5.063059">
        <ele>1.911173</ele>
        <time>2026-10-06T22:54:30.398Z</time>
      </trkpt>
      <trkpt lat="51.977881" lon="5.063196">
        <ele>1.895818</ele>
        <time>2026-10-06T22:54:32.644Z</time>
      </trkpt>
      <trkpt lat="51.977762" lon="5.063574">
        <ele>1.837998</ele>
        <time>2026-10-06T22:54:38.081Z</time>
      </trkpt>
      <trkpt lat="51.977586" lon="5.064540">
        <ele>1.647295</ele>
        <time>2026-10-06T22:54:50.296Z</time>
      </trkpt>
      <trkpt lat="51.977533" lon="5.064928">
        <ele>1.572059</ele>
        <time>2026-10-06T22:54:54.850Z</time>
      </trkpt>
      <trkpt lat="51.977488" lon="5.065085">
        <ele>1.539277</ele>
        <time>2026-10-06T22:54:56.838Z</time>
      </trkpt>
      <trkpt lat="51.977357" lon="5.065403">
        <ele>1.466855</ele>
        <time>2026-10-06T22:55:01.219Z</time>
      </trkpt>
      <trkpt lat="51.977385" lon="5.065635">
        <ele>1.422100</ele>
        <time>2026-10-06T22:55:03.939Z</time>
      </trkpt>
      <trkpt lat="51.977329" lon="5.065662">
        <ele>1.404147</ele>
        <time>2026-10-06T22:55:05.023Z</time>
      </trkpt>
      <trkpt lat="51.977271" lon="5.065784">
        <ele>1.374972</ele>
        <time>2026-10-06T22:55:06.799Z</time>
      </trkpt>
      <trkpt lat="51.977250" lon="5.065841">
        <ele>1.362399</ele>
        <time>2026-10-06T22:55:07.545Z</time>
      </trkpt>
      <trkpt lat="51.977031" lon="5.066360">
        <ele>1.246722</ele>
        <time>2026-10-06T22:55:14.785Z</time>
      </trkpt>
      <trkpt lat="51.976716" lon="5.067618">
        <ele>1.000484</ele>
        <time>2026-10-06T22:55:30.293Z</time>
      </trkpt>
      <trkpt lat="51.976666" lon="5.068294">
        <ele>0.877025</ele>
        <time>2026-10-06T22:55:38.935Z</time>
      </trkpt>
      <trkpt lat="51.969341" lon="5.066985">
        <ele>0.607327</ele>
        <time>2026-10-06T22:58:06.896Z</time>
      </trkpt>
      <trkpt lat="51.968842" lon="5.066871">
        <ele>0.608916</ele>
        <time>2026-10-06T22:58:17.139Z</time>
      </trkpt>
      <trkpt lat="51.968697" lon="5.066868">
        <ele>0.610356</ele>
        <time>2026-10-06T22:58:20.141Z</time>
      </trkpt>
      <trkpt lat="51.968634" lon="5.066920">
        <ele>0.611058</ele>
        <time>2026-10-06T22:58:21.610Z</time>
      </trkpt>
      <trkpt lat="51.968567" lon="5.067091">
        <ele>0.612298</ele>
        <time>2026-10-06T22:58:24.202Z</time>
      </trkpt>
      <trkpt lat="51.968558" lon="5.067222">
        <ele>0.613105</ele>
        <time>2026-10-06T22:58:25.893Z</time>
      </trkpt>
      <trkpt lat="51.968647" lon="5.068751">
        <ele>0.622504</ele>
        <time>2026-10-06T22:58:45.337Z</time>
      </trkpt>
      <trkpt lat="51.968646" lon="5.070880">
        <ele>0.345594</ele>
        <time>2026-10-06T22:59:10.639Z</time>
      </trkpt>
      <trkpt lat="51.968709" lon="5.071302">
        <ele>0.287682</ele>
        <time>2026-10-06T22:59:15.713Z</time>
      </trkpt>
      <trkpt lat="51.968645" lon="5.071321">
        <ele>0.273597</ele>
        <time>2026-10-06T22:59:16.611Z</time>
      </trkpt>
      <trkpt lat="51.968588" lon="5.071286">
        <ele>0.260404</ele>
        <time>2026-10-06T22:59:17.446Z</time>
      </trkpt>
      <trkpt lat="51.967733" lon="5.069757">
        <ele>0.088000</ele>
        <time>2026-10-06T22:59:35.542Z</time>
      </trkpt>
      <trkpt lat="51.967021" lon="5.068627">
        <ele>0.013562</ele>
        <time>2026-10-06T22:59:50.283Z</time>
      </trkpt>
      <trkpt lat="51.964992" lon="5.064920">
        <ele>0.087219</ele>
        <time>2026-10-06T23:00:35.815Z</time>
      </trkpt>
      <trkpt lat="51.964954" lon="5.064840">
        <ele>0.088760</ele>
        <time>2026-10-06T23:00:36.736Z</time>
      </trkpt>
      <trkpt lat="51.964926" lon="5.064789">
        <ele>0.089801</ele>
        <time>2026-10-06T23:00:37.358Z</time>
      </trkpt>
      <trkpt lat="51.964872" lon="5.064693">
        <ele>0.091784</ele>
        <time>2026-10-06T23:00:38.543Z</time>
      </trkpt>
      <trkpt lat="51.964561" lon="5.064134">
        <ele>0.069007</ele>
        <time>2026-10-06T23:00:45.384Z</time>
      </trkpt>
      <trkpt lat="51.961056" lon="5.058547">
        <ele>-0.176955</ele>
        <time>2026-10-06T23:01:57.255Z</time>
      </trkpt>
      <trkpt lat="51.960616" lon="5.058091">
        <ele>-0.109460</ele>
        <time>2026-10-06T23:02:05.018Z</time>
      </trkpt>
      <trkpt lat="51.959645" lon="5.057378">
        <ele>0.040678</ele>
        <time>2026-10-06T23:02:21.419Z</time>
      </trkpt>
      <trkpt lat="51.955869" lon="5.054799">
        <ele>0.887785</ele>
        <time>2026-10-06T23:03:26.805Z</time>
      </trkpt>
      <trkpt lat="51.955713" lon="5.054575">
        <ele>0.837054</ele>
        <time>2026-10-06T23:03:29.592Z</time>
      </trkpt>
      <trkpt lat="51.955447" lon="5.054418">
        <ele>0.768120</ele>
        <time>2026-10-06T23:03:33.336Z</time>
      </trkpt>
      <trkpt lat="51.955280" lon="5.054363">
        <ele>0.726620</ele>
        <time>2026-10-06T23:03:35.561Z</time>
      </trkpt>
      <trkpt lat="51.955152" lon="5.054353">
        <ele>0.695410</ele>
        <time>2026-10-06T23:03:37.221Z</time>
      </trkpt>
      <trkpt lat="51.951150" lon="5.051656">
        <ele>-0.447987</ele>
        <time>2026-10-06T23:04:37.573Z</time>
      </trkpt>
      <trkpt lat="51.949389" lon="5.050301">
        <ele>-1.250737</ele>
        <time>2026-10-06T23:05:03.532Z</time>
      </trkpt>
      <trkpt lat="51.948487" lon="5.049723">
        <ele>-1.280299</ele>
        <time>2026-10-06T23:05:21.444Z</time>
      </trkpt>
      <trkpt lat="51.947260" lon="5.049022">
        <ele>-0.980705</ele>
        <time>2026-10-06T23:05:51.605Z</time>
      </trkpt>
      <trkpt lat="51.946728" lon="5.048647">
        <ele>-0.673948</ele>
        <time>2026-10-06T23:06:05.275Z</time>
      </trkpt>
      <trkpt lat="51.946321" lon="5.048368">
        <ele>-0.440280</ele>
        <time>2026-10-06T23:06:14.751Z</time>
      </trkpt>
      <trkpt lat="51.946004" lon="5.048137">
        <ele>-0.375880</ele>
        <time>2026-10-06T23:06:21.685Z</time>
      </trkpt>
      <trkpt lat="51.941023" lon="5.044767">
        <ele>-1.154869</ele>
        <time>2026-10-06T23:08:07.182Z</time>
      </trkpt>
      <trkpt lat="51.940427" lon="5.044269">
        <ele>-1.107383</ele>
        <time>2026-10-06T23:08:20.613Z</time>
      </trkpt>
      <trkpt lat="51.939994" lon="5.043857">
        <ele>-1.071827</ele>
        <time>2026-10-06T23:08:31.077Z</time>
      </trkpt>
      <trkpt lat="51.939544" lon="5.043277">
        <ele>-1.016134</ele>
        <time>2026-10-06T23:08:43.437Z</time>
      </trkpt>
      <trkpt lat="51.939135" lon="5.042596">
        <ele>-0.905323</ele>
        <time>2026-10-06T23:08:55.987Z</time>
      </trkpt>
      <trkpt lat="51.938968" lon="5.042216">
        <ele>-0.850931</ele>
        <time>2026-10-06T23:09:02.061Z</time>
      </trkpt>
      <trkpt lat="51.938622" lon="5.041316">
        <ele>-0.727307</ele>
        <time>2026-10-06T23:09:15.569Z</time>
      </trkpt>
      <trkpt lat="51.938472" lon="5.040814">
        <ele>-0.661694</ele>
        <time>2026-10-06T23:09:22.619Z</time>
      </trkpt>
      <trkpt lat="51.938261" lon="5.039948">
        <ele>-0.551455</ele>
        <time>2026-10-06T23:09:34.515Z</time>
      </trkpt>
      <trkpt lat="51.938008" lon="5.039188">
        <ele>-0.449203</ele>
        <time>2026-10-06T23:09:45.672Z</time>
      </trkpt>
      <trkpt lat="51.937659" lon="5.038316">
        <ele>-0.353225</ele>
        <time>2026-10-06T23:09:59.487Z</time>
      </trkpt>
      <trkpt lat="51.937502" lon="5.038007">
        <ele>-0.350843</ele>
        <time>2026-10-06T23:10:03.424Z</time>
      </trkpt>
      <trkpt lat="51.937088" lon="5.037323">
        <ele>-0.345140</ele>
        <time>2026-10-06T23:10:12.295Z</time>
      </trkpt>
      <trkpt lat="51.936843" lon="5.036975">
        <ele>-0.341997</ele>
        <time>2026-10-06T23:10:16.970Z</time>
      </trkpt>
      <trkpt lat="51.936400" lon="5.036470">
        <ele>-0.347032</ele>
        <time>2026-10-06T23:10:24.592Z</time>
      </trkpt>
      <trkpt lat="51.935943" lon="5.036096">
        <ele>-0.437750</ele>
        <time>2026-10-06T23:10:31.596Z</time>
      </trkpt>
      <trkpt lat="51.935655" lon="5.035908">
        <ele>-0.492769</ele>
        <time>2026-10-06T23:10:35.838Z</time>
      </trkpt>
      <trkpt lat="51.934095" lon="5.035174">
        <ele>-0.575133</ele>
        <time>2026-10-06T23:10:59.382Z</time>
      </trkpt>
      <trkpt lat="51.933884" lon="5.035010">
        <ele>-0.548192</ele>
        <time>2026-10-06T23:11:03.066Z</time>
      </trkpt>
      <trkpt lat="51.933567" lon="5.034931">
        <ele>-0.511265</ele>
        <time>2026-10-06T23:11:08.169Z</time>
      </trkpt>
      <trkpt lat="51.931508" lon="5.034012">
        <ele>-0.162491</ele>
        <time>2026-10-06T23:11:42.291Z</time>
      </trkpt>
      <trkpt lat="51.930755" lon="5.033565">
        <ele>-0.295372</ele>
        <time>2026-10-06T23:11:53.546Z</time>
      </trkpt>
      <trkpt lat="51.930074" lon="5.033010">
        <ele>-0.511570</ele>
        <time>2026-10-06T23:12:03.913Z</time>
      </trkpt>
      <trkpt lat="51.929561" lon="5.032507">
        <ele>-0.666850</ele>
        <time>2026-10-06T23:12:12.117Z</time>
      </trkpt>
      <trkpt lat="51.929013" lon="5.031824">
        <ele>-0.799383</ele>
        <time>2026-10-06T23:12:21.628Z</time>
      </trkpt>
      <trkpt lat="51.928477" lon="5.030899">
        <ele>-0.949474</ele>
        <time>2026-10-06T23:12:32.756Z</time>
      </trkpt>
      <trkpt lat="51.927872" lon="5.029683">
        <ele>-1.011119</ele>
        <time>2026-10-06T23:12:46.923Z</time>
      </trkpt>
      <trkpt lat="51.926639" lon="5.027036">
        <ele>-1.149923</ele>
        <time>2026-10-06T23:13:16.857Z</time>
      </trkpt>
      <trkpt lat="51.926033" lon="5.025561">
        <ele>-1.207413</ele>
        <time>2026-10-06T23:13:32.460Z</time>
      </trkpt>
      <trkpt lat="51.925686" lon="5.024479">
        <ele>-1.173931</ele>
        <time>2026-10-06T23:13:43.639Z</time>
      </trkpt>
      <trkpt lat="51.925232" lon="5.022466">
        <ele>-1.042330</ele>
        <time>2026-10-06T23:14:04.250Z</time>
      </trkpt>
      <trkpt lat="51.925093" lon="5.021975">
        <ele>-0.988145</ele>
        <time>2026-10-06T23:14:09.475Z</time>
      </trkpt>
      <trkpt lat="51.924918" lon="5.021490">
        <ele>-0.931789</ele>
        <time>2026-10-06T23:14:14.848Z</time>
      </trkpt>
      <trkpt lat="51.924585" lon="5.020761">
        <ele>-0.848424</ele>
        <time>2026-10-06T23:14:23.393Z</time>
      </trkpt>
      <trkpt lat="51.923239" lon="5.018145">
        <ele>-0.793494</ele>
        <time>2026-10-06T23:14:54.671Z</time>
      </trkpt>
      <trkpt lat="51.923109" lon="5.017821">
        <ele>-0.789174</ele>
        <time>2026-10-06T23:14:58.168Z</time>
      </trkpt>
      <trkpt lat="51.922844" lon="5.016886">
        <ele>-0.777672</ele>
        <time>2026-10-06T23:15:07.600Z</time>
      </trkpt>
      <trkpt lat="51.922714" lon="5.016540">
        <ele>-0.773143</ele>
        <time>2026-10-06T23:15:11.360Z</time>
      </trkpt>
      <trkpt lat="51.922535" lon="5.016228">
        <ele>-0.768380</ele>
        <time>2026-10-06T23:15:15.346Z</time>
      </trkpt>
      <trkpt lat="51.921945" lon="5.015520">
        <ele>-0.746781</ele>
        <time>2026-10-06T23:15:26.602Z</time>
      </trkpt>
      <trkpt lat="51.921790" lon="5.015186">
        <ele>-0.738964</ele>
        <time>2026-10-06T23:15:30.485Z</time>
      </trkpt>
      <trkpt lat="51.921582" lon="5.014610">
        <ele>-0.726480</ele>
        <time>2026-10-06T23:15:36.557Z</time>
      </trkpt>
      <trkpt lat="51.921421" lon="5.014060">
        <ele>-0.715095</ele>
        <time>2026-10-06T23:15:42.017Z</time>
      </trkpt>
      <trkpt lat="51.921262" lon="5.013322">
        <ele>-0.715748</ele>
        <time>2026-10-06T23:15:49.004Z</time>
      </trkpt>
      <trkpt lat="51.921139" lon="5.012501">
        <ele>-0.719436</ele>
        <time>2026-10-06T23:15:56.634Z</time>
      </trkpt>
      <trkpt lat="51.921102" lon="5.012062">
        <ele>-0.721370</ele>
        <time>2026-10-06T23:16:00.713Z</time>
      </trkpt>
      <trkpt lat="51.921090" lon="5.010954">
        <ele>-0.723476</ele>
        <time>2026-10-06T23:16:11.234Z</time>
      </trkpt>
      <trkpt lat="51.921328" lon="5.008077">
        <ele>-0.701979</ele>
        <time>2026-10-06T23:16:37.955Z</time>
      </trkpt>
      <trkpt lat="51.921286" lon="5.008071">
        <ele>-0.712504</ele>
        <time>2026-10-06T23:16:38.763Z</time>
      </trkpt>
      <trkpt lat="51.921139" lon="5.008046">
        <ele>-0.749401</ele>
        <time>2026-10-06T23:16:40.813Z</time>
      </trkpt>
      <trkpt lat="51.920997" lon="5.008022">
        <ele>-0.785041</ele>
        <time>2026-10-06T23:16:42.782Z</time>
      </trkpt>
      <trkpt lat="51.920849" lon="5.007995">
        <ele>-0.822219</ele>
        <time>2026-10-06T23:16:44.848Z</time>
      </trkpt>
      <trkpt lat="51.920796" lon="5.007985">
        <ele>-0.835539</ele>
        <time>2026-10-06T23:16:45.855Z</time>
      </trkpt>
      <trkpt lat="51.920874" lon="5.007298">
        <ele>-0.943087</ele>
        <time>2026-10-06T23:16:54.038Z</time>
      </trkpt>
      <trkpt lat="51.920933" lon="5.006203">
        <ele>-1.112315</ele>
        <time>2026-10-06T23:17:06.914Z</time>
      </trkpt>
      <trkpt lat="51.920967" lon="5.005406">
        <ele>-1.124517</ele>
        <time>2026-10-06T23:17:16.590Z</time>
      </trkpt>
      <trkpt lat="51.920979" lon="5.004625">
        <ele>-1.116777</ele>
        <time>2026-10-06T23:17:26.209Z</time>
      </trkpt>
      <trkpt lat="51.920965" lon="5.004197">
        <ele>-1.112532</ele>
        <time>2026-10-06T23:17:31.610Z</time>
      </trkpt>
      <trkpt lat="51.920945" lon="5.003716">
        <ele>-1.107756</ele>
        <time>2026-10-06T23:17:36.191Z</time>
      </trkpt>
      <trkpt lat="51.920862" lon="5.003013">
        <ele>-1.068920</ele>
        <time>2026-10-06T23:17:43.221Z</time>
      </trkpt>
      <trkpt lat="51.920749" lon="5.002428">
        <ele>-0.946672</ele>
        <time>2026-10-06T23:17:49.348Z</time>
      </trkpt>
      <trkpt lat="51.920544" lon="5.001724">
        <ele>-0.791419</ele>
        <time>2026-10-06T23:17:57.297Z</time>
      </trkpt>
      <trkpt lat="51.920259" lon="5.001101">
        <ele>-0.636735</ele>
        <time>2026-10-06T23:18:05.141Z</time>
      </trkpt>
      <trkpt lat="51.919984" lon="5.000667">
        <ele>-0.519016</ele>
        <time>2026-10-06T23:18:11.169Z</time>
      </trkpt>
      <trkpt lat="51.919657" lon="5.000285">
        <ele>-0.491071</ele>
        <time>2026-10-06T23:18:17.258Z</time>
      </trkpt>
      <trkpt lat="51.919297" lon="4.999982">
        <ele>-0.462947</ele>
        <time>2026-10-06T23:18:23.310Z</time>
      </trkpt>
      <trkpt lat="51.918925" lon="4.999721">
        <ele>-0.434842</ele>
        <time>2026-10-06T23:18:29.390Z</time>
      </trkpt>
      <trkpt lat="51.918532" lon="4.999556">
        <ele>-0.406694</ele>
        <time>2026-10-06T23:18:35.494Z</time>
      </trkpt>
      <trkpt lat="51.918093" lon="4.999505">
        <ele>-0.368380</ele>
        <time>2026-10-06T23:18:42.079Z</time>
      </trkpt>
      <trkpt lat="51.917723" lon="4.999573">
        <ele>-0.332427</ele>
        <time>2026-10-06T23:18:47.721Z</time>
      </trkpt>
      <trkpt lat="51.916924" lon="4.999810">
        <ele>-0.254002</ele>
        <time>2026-10-06T23:19:00.260Z</time>
      </trkpt>
      <trkpt lat="51.916171" lon="4.999941">
        <ele>-0.222538</ele>
        <time>2026-10-06T23:19:11.751Z</time>
      </trkpt>
      <trkpt lat="51.915308" lon="4.999895">
        <ele>-0.222854</ele>
        <time>2026-10-06T23:19:24.562Z</time>
      </trkpt>
      <trkpt lat="51.914567" lon="4.999727">
        <ele>-0.233430</ele>
        <time>2026-10-06T23:19:35.355Z</time>
      </trkpt>
      <trkpt lat="51.914092" lon="4.999575">
        <ele>-0.254147</ele>
        <time>2026-10-06T23:19:42.371Z</time>
      </trkpt>
      <trkpt lat="51.913481" lon="4.999263">
        <ele>-0.281557</ele>
        <time>2026-10-06T23:19:51.842Z</time>
      </trkpt>
      <trkpt lat="51.913163" lon="4.999040">
        <ele>-0.296382</ele>
        <time>2026-10-06T23:19:56.981Z</time>
      </trkpt>
      <trkpt lat="51.912497" lon="4.998477">
        <ele>-0.295641</ele>
        <time>2026-10-06T23:20:07.938Z</time>
      </trkpt>
      <trkpt lat="51.911806" lon="4.998037">
        <ele>-0.290787</ele>
        <time>2026-10-06T23:20:19.019Z</time>
      </trkpt>
      <trkpt lat="51.911359" lon="4.997702">
        <ele>-0.287821</ele>
        <time>2026-10-06T23:20:26.438Z</time>
      </trkpt>
      <trkpt lat="51.911068" lon="4.997540">
        <ele>-0.286571</ele>
        <time>2026-10-06T23:20:31.110Z</time>
      </trkpt>
      <trkpt lat="51.910518" lon="4.997331">
        <ele>-0.284276</ele>
        <time>2026-10-06T23:20:39.789Z</time>
      </trkpt>
      <trkpt lat="51.907514" lon="4.996316">
        <ele>-0.489555</ele>
        <time>2026-10-06T23:21:23.904Z</time>
      </trkpt>
      <trkpt lat="51.904716" lon="4.995437">
        <ele>-0.614101</ele>
        <time>2026-10-06T23:22:05.430Z</time>
      </trkpt>
      <trkpt lat="51.903660" lon="4.995220">
        <ele>-0.521335</ele>
        <time>2026-10-06T23:22:22.285Z</time>
      </trkpt>
      <trkpt lat="51.903027" lon="4.995204">
        <ele>-0.441255</ele>
        <time>2026-10-06T23:22:31.993Z</time>
      </trkpt>
      <trkpt lat="51.902592" lon="4.995243">
        <ele>-0.384299</ele>
        <time>2026-10-06T23:22:38.464Z</time>
      </trkpt>
      <trkpt lat="51.902400" lon="4.995272">
        <ele>-0.349418</ele>
        <time>2026-10-06T23:22:41.276Z</time>
      </trkpt>
      <trkpt lat="51.901191" lon="4.995646">
        <ele>-0.126774</ele>
        <time>2026-10-06T23:23:00.369Z</time>
      </trkpt>
      <trkpt lat="51.900519" lon="4.995868">
        <ele>-0.071122</ele>
        <time>2026-10-06T23:23:11.805Z</time>
      </trkpt>
      <trkpt lat="51.900506" lon="4.995763">
        <ele>-0.072279</ele>
        <time>2026-10-06T23:23:12.858Z</time>
      </trkpt>
      <trkpt lat="51.900441" lon="4.995051">
        <ele>-0.080053</ele>
        <time>2026-10-06T23:23:19.160Z</time>
      </trkpt>
      <trkpt lat="51.900427" lon="4.994925">
        <ele>-0.081435</ele>
        <time>2026-10-06T23:23:20.229Z</time>
      </trkpt>
      <trkpt lat="51.900440" lon="4.994808">
        <ele>-0.082719</ele>
        <time>2026-10-06T23:23:21.291Z</time>
      </trkpt>
      <trkpt lat="51.900416" lon="4.994670">
        <ele>-0.084268</ele>
        <time>2026-10-06T23:23:22.553Z</time>
      </trkpt>
      <trkpt lat="51.900418" lon="4.994572">
        <ele>-0.085327</ele>
        <time>2026-10-06T23:23:23.474Z</time>
      </trkpt>
      <trkpt lat="51.900453" lon="4.994483">
        <ele>-0.086467</ele>
        <time>2026-10-06T23:23:24.404Z</time>
      </trkpt>
      <trkpt lat="51.900522" lon="4.994425">
        <ele>-0.087828</ele>
        <time>2026-10-06T23:23:25.615Z</time>
      </trkpt>
      <trkpt lat="51.900580" lon="4.994432">
        <ele>-0.088846</ele>
        <time>2026-10-06T23:23:26.458Z</time>
      </trkpt>
      <trkpt lat="51.900587" lon="4.994360">
        <ele>-0.089633</ele>
        <time>2026-10-06T23:23:27.109Z</time>
      </trkpt>
      <trkpt lat="51.900600" lon="4.994252">
        <ele>-0.090821</ele>
        <time>2026-10-06T23:23:28.129Z</time>
      </trkpt>
      <trkpt lat="51.900609" lon="4.994172">
        <ele>-0.091700</ele>
        <time>2026-10-06T23:23:28.832Z</time>
      </trkpt>
      <trkpt lat="51.900501" lon="4.994040">
        <ele>-0.094068</ele>
        <time>2026-10-06T23:23:30.788Z</time>
      </trkpt>
      <trkpt lat="51.900405" lon="4.993825">
        <ele>-0.097172</ele>
        <time>2026-10-06T23:23:33.058Z</time>
      </trkpt>
      <trkpt lat="51.900349" lon="4.993839">
        <ele>-0.098812</ele>
        <time>2026-10-06T23:23:33.854Z</time>
      </trkpt>
      <trkpt lat="51.900285" lon="4.993854">
        <ele>-0.100685</ele>
        <time>2026-10-06T23:23:34.740Z</time>
      </trkpt>
      <trkpt lat="51.900240" lon="4.993866">
        <ele>-0.102005</ele>
        <time>2026-10-06T23:23:35.329Z</time>
      </trkpt>
      <trkpt lat="51.900239" lon="4.993968">
        <ele>-0.103828</ele>
        <time>2026-10-06T23:23:36.207Z</time>
      </trkpt>
      <trkpt lat="51.900099" lon="4.994244">
        <ele>-0.110212</ele>
        <time>2026-10-06T23:23:39.153Z</time>
      </trkpt>
      <trkpt lat="51.900060" lon="4.994470">
        <ele>-0.114405</ele>
        <time>2026-10-06T23:23:41.102Z</time>
      </trkpt>
      <trkpt lat="51.900003" lon="4.994667">
        <ele>-0.118293</ele>
        <time>2026-10-06T23:23:42.925Z</time>
      </trkpt>
      <trkpt lat="51.899484" lon="4.995008">
        <ele>-0.134510</ele>
        <time>2026-10-06T23:23:51.533Z</time>
      </trkpt>
      <trkpt lat="51.899205" lon="4.995165">
        <ele>-0.143062</ele>
        <time>2026-10-06T23:23:56.315Z</time>
      </trkpt>
      <trkpt lat="51.898896" lon="4.995282">
        <ele>-0.133106</ele>
        <time>2026-10-06T23:24:01.090Z</time>
      </trkpt>
      <trkpt lat="51.897810" lon="4.995521">
        <ele>0.004120</ele>
        <time>2026-10-06T23:24:18.222Z</time>
      </trkpt>
      <trkpt lat="51.897024" lon="4.995595">
        <ele>0.064989</ele>
        <time>2026-10-06T23:24:29.970Z</time>
      </trkpt>
      <trkpt lat="51.896298" lon="4.995527">
        <ele>0.024719</ele>
        <time>2026-10-06T23:24:40.470Z</time>
      </trkpt>
      <trkpt lat="51.895660" lon="4.995517">
        <ele>-0.010613</ele>
        <time>2026-10-06T23:24:49.672Z</time>
      </trkpt>
      <trkpt lat="51.894159" lon="4.995128">
        <ele>-0.076407</ele>
        <time>2026-10-06T23:25:12.090Z</time>
      </trkpt>
      <trkpt lat="51.892463" lon="4.994843">
        <ele>-0.018601</ele>
        <time>2026-10-06T23:25:37.108Z</time>
      </trkpt>
      <trkpt lat="51.892271" lon="4.994852">
        <ele>-0.006052</ele>
        <time>2026-10-06T23:25:40.026Z</time>
      </trkpt>
      <trkpt lat="51.891695" lon="4.995066">
        <ele>0.079566</ele>
        <time>2026-10-06T23:25:49.357Z</time>
      </trkpt>
      <trkpt lat="51.891245" lon="4.995187">
        <ele>0.224445</ele>
        <time>2026-10-06T23:25:56.856Z</time>
      </trkpt>
      <trkpt lat="51.890722" lon="4.995317">
        <ele>0.392498</ele>
        <time>2026-10-06T23:26:05.746Z</time>
      </trkpt>
      <trkpt lat="51.889940" lon="4.995409">
        <ele>0.559869</ele>
        <time>2026-10-06T23:26:18.214Z</time>
      </trkpt>
      <trkpt lat="51.889791" lon="4.995450">
        <ele>0.529283</ele>
        <time>2026-10-06T23:26:20.471Z</time>
      </trkpt>
      <trkpt lat="51.889445" lon="4.995624">
        <ele>0.455964</ele>
        <time>2026-10-06T23:26:25.693Z</time>
      </trkpt>
      <trkpt lat="51.889177" lon="4.995864">
        <ele>0.393993</ele>
        <time>2026-10-06T23:26:29.952Z</time>
      </trkpt>
      <trkpt lat="51.888376" lon="4.996942">
        <ele>0.157520</ele>
        <time>2026-10-06T23:26:43.922Z</time>
      </trkpt>
      <trkpt lat="51.888102" lon="4.997224">
        <ele>0.053729</ele>
        <time>2026-10-06T23:26:48.354Z</time>
      </trkpt>
      <trkpt lat="51.887762" lon="4.997406">
        <ele>-0.060765</ele>
        <time>2026-10-06T23:26:53.304Z</time>
      </trkpt>
      <trkpt lat="51.887003" lon="4.997717">
        <ele>-0.311092</ele>
        <time>2026-10-06T23:27:04.165Z</time>
      </trkpt>
      <trkpt lat="51.886699" lon="4.997827">
        <ele>-0.382613</ele>
        <time>2026-10-06T23:27:08.470Z</time>
      </trkpt>
      <trkpt lat="51.886374" lon="4.997857">
        <ele>-0.440473</ele>
        <time>2026-10-06T23:27:12.969Z</time>
      </trkpt>
      <trkpt lat="51.886116" lon="4.997915">
        <ele>-0.486770</ele>
        <time>2026-10-06T23:27:16.591Z</time>
      </trkpt>
      <trkpt lat="51.885827" lon="4.998039">
        <ele>-0.539909</ele>
        <time>2026-10-06T23:27:20.787Z</time>
      </trkpt>
      <trkpt lat="51.885169" lon="4.998482">
        <ele>-0.666560</ele>
        <time>2026-10-06T23:27:30.976Z</time>
      </trkpt>
      <trkpt lat="51.884509" lon="4.998843">
        <ele>-0.552979</ele>
        <time>2026-10-06T23:27:41.619Z</time>
      </trkpt>
      <trkpt lat="51.884097" lon="4.998949">
        <ele>-0.484261</ele>
        <time>2026-10-06T23:27:48.250Z</time>
      </trkpt>
      <trkpt lat="51.883696" lon="4.998957">
        <ele>-0.418201</ele>
        <time>2026-10-06T23:27:54.694Z</time>
      </trkpt>
      <trkpt lat="51.883286" lon="4.998860">
        <ele>-0.384386</ele>
        <time>2026-10-06T23:28:01.298Z</time>
      </trkpt>
      <trkpt lat="51.882945" lon="4.998648">
        <ele>-0.423200</ele>
        <time>2026-10-06T23:28:07.015Z</time>
      </trkpt>
      <trkpt lat="51.882117" lon="4.997795">
        <ele>-0.527475</ele>
        <time>2026-10-06T23:28:21.126Z</time>
      </trkpt>
      <trkpt lat="51.881933" lon="4.997528">
        <ele>-0.553725</ele>
        <time>2026-10-06T23:28:24.373Z</time>
      </trkpt>
      <trkpt lat="51.881507" lon="4.996745">
        <ele>-0.661033</ele>
        <time>2026-10-06T23:28:32.937Z</time>
      </trkpt>
      <trkpt lat="51.881256" lon="4.996482">
        <ele>-0.713305</ele>
        <time>2026-10-06T23:28:36.979Z</time>
      </trkpt>
      <trkpt lat="51.880023" lon="4.995743">
        <ele>-0.774353</ele>
        <time>2026-10-06T23:28:56.416Z</time>
      </trkpt>
      <trkpt lat="51.879418" lon="4.995424">
        <ele>-0.603792</ele>
        <time>2026-10-06T23:29:06.844Z</time>
      </trkpt>
      <trkpt lat="51.879052" lon="4.995169">
        <ele>-0.496986</ele>
        <time>2026-10-06T23:29:13.491Z</time>
      </trkpt>
      <trkpt lat="51.878195" lon="4.994417">
        <ele>-0.340760</ele>
        <time>2026-10-06T23:29:29.337Z</time>
      </trkpt>
      <trkpt lat="51.877958" lon="4.994211">
        <ele>-0.316399</ele>
        <time>2026-10-06T23:29:33.463Z</time>
      </trkpt>
      <trkpt lat="51.877162" lon="4.993538">
        <ele>-0.235071</ele>
        <time>2026-10-06T23:29:46.346Z</time>
      </trkpt>
      <trkpt lat="51.875913" lon="4.992690">
        <ele>-0.236722</ele>
        <time>2026-10-06T23:30:05.415Z</time>
      </trkpt>
      <trkpt lat="51.874590" lon="4.991595">
        <ele>-0.004339</ele>
        <time>2026-10-06T23:30:30.115Z</time>
      </trkpt>
      <trkpt lat="51.874219" lon="4.991352">
        <ele>0.089298</ele>
        <time>2026-10-06T23:30:36.459Z</time>
      </trkpt>
      <trkpt lat="51.873930" lon="4.991315">
        <ele>0.157131</ele>
        <time>2026-10-06T23:30:40.761Z</time>
      </trkpt>
      <trkpt lat="51.873927" lon="4.991080">
        <ele>0.159466</ele>
        <time>2026-10-06T23:30:42.832Z</time>
      </trkpt>
      <trkpt lat="51.874209" lon="4.990330">
        <ele>-0.164781</ele>
        <time>2026-10-06T23:30:50.313Z</time>
      </trkpt>
      <trkpt lat="51.874282" lon="4.990034">
        <ele>-0.282473</ele>
        <time>2026-10-06T23:30:52.998Z</time>
      </trkpt>
      <trkpt lat="51.874309" lon="4.989781">
        <ele>-0.377277</ele>
        <time>2026-10-06T23:30:55.056Z</time>
      </trkpt>
      <trkpt lat="51.874309" lon="4.989448">
        <ele>-0.500234</ele>
        <time>2026-10-06T23:30:57.593Z</time>
      </trkpt>
      <trkpt lat="51.874280" lon="4.989110">
        <ele>-0.626236</ele>
        <time>2026-10-06T23:31:00.125Z</time>
      </trkpt>
      <trkpt lat="51.874204" lon="4.988792">
        <ele>-0.752145</ele>
        <time>2026-10-06T23:31:02.647Z</time>
      </trkpt>
      <trkpt lat="51.873936" lon="4.987956">
        <ele>-1.046839</ele>
        <time>2026-10-06T23:31:10.049Z</time>
      </trkpt>
      <trkpt lat="51.873805" lon="4.987206">
        <ele>-1.260581</ele>
        <time>2026-10-06T23:31:16.379Z</time>
      </trkpt>
      <trkpt lat="51.873699" lon="4.986441">
        <ele>-1.475583</ele>
        <time>2026-10-06T23:31:22.835Z</time>
      </trkpt>
      <trkpt lat="51.873618" lon="4.985471">
        <ele>-1.697974</ele>
        <time>2026-10-06T23:31:31.712Z</time>
      </trkpt>
      <trkpt lat="51.873585" lon="4.984975">
        <ele>-1.712716</ele>
        <time>2026-10-06T23:31:36.380Z</time>
      </trkpt>
      <trkpt lat="51.873479" lon="4.984133">
        <ele>-1.738109</ele>
        <time>2026-10-06T23:31:43.895Z</time>
      </trkpt>
      <trkpt lat="51.873493" lon="4.982949">
        <ele>-1.773103</ele>
        <time>2026-10-06T23:31:54.708Z</time>
      </trkpt>
      <trkpt lat="51.873474" lon="4.982364">
        <ele>-1.767708</ele>
        <time>2026-10-06T23:32:00.277Z</time>
      </trkpt>
      <trkpt lat="51.873422" lon="4.981712">
        <ele>-1.750104</ele>
        <time>2026-10-06T23:32:06.163Z</time>
      </trkpt>
      <trkpt lat="51.873378" lon="4.981221">
        <ele>-1.736819</ele>
        <time>2026-10-06T23:32:10.678Z</time>
      </trkpt>
      <trkpt lat="51.873359" lon="4.981124">
        <ele>-1.734094</ele>
        <time>2026-10-06T23:32:11.631Z</time>
      </trkpt>
      <trkpt lat="51.873309" lon="4.980988">
        <ele>-1.729856</ele>
        <time>2026-10-06T23:32:13.147Z</time>
      </trkpt>
      <trkpt lat="51.873113" lon="4.980599">
        <ele>-1.716411</ele>
        <time>2026-10-06T23:32:17.847Z</time>
      </trkpt>
      <trkpt lat="51.873111" lon="4.980592">
        <ele>-1.716204</ele>
        <time>2026-10-06T23:32:17.916Z</time>
      </trkpt>
      <trkpt lat="51.873067" lon="4.980415">
        <ele>-1.711095</ele>
        <time>2026-10-06T23:32:19.690Z</time>
      </trkpt>
      <trkpt lat="51.873022" lon="4.979966">
        <ele>-1.691625</ele>
        <time>2026-10-06T23:32:23.959Z</time>
      </trkpt>
      <trkpt lat="51.873035" lon="4.979467">
        <ele>-1.616508</ele>
        <time>2026-10-06T23:32:28.601Z</time>
      </trkpt>
      <trkpt lat="51.873227" lon="4.977986">
        <ele>-1.388907</ele>
        <time>2026-10-06T23:32:42.634Z</time>
      </trkpt>
      <trkpt lat="51.873241" lon="4.977861">
        <ele>-1.369800</ele>
        <time>2026-10-06T23:32:43.958Z</time>
      </trkpt>
      <trkpt lat="51.873354" lon="4.976994">
        <ele>-1.165997</ele>
        <time>2026-10-06T23:32:53.377Z</time>
      </trkpt>
      <trkpt lat="51.873428" lon="4.976591">
        <ele>-0.929968</ele>
        <time>2026-10-06T23:32:58.021Z</time>
      </trkpt>
      <trkpt lat="51.873500" lon="4.976350">
        <ele>-0.779669</ele>
        <time>2026-10-06T23:33:01.057Z</time>
      </trkpt>
      <trkpt lat="51.873810" lon="4.975584">
        <ele>-0.265509</ele>
        <time>2026-10-06T23:33:11.870Z</time>
      </trkpt>
      <trkpt lat="51.873993" lon="4.974959">
        <ele>0.122805</ele>
        <time>2026-10-06T23:33:20.047Z</time>
      </trkpt>
      <trkpt lat="51.874166" lon="4.974547">
        <ele>0.386803</ele>
        <time>2026-10-06T23:33:25.748Z</time>
      </trkpt>
      <trkpt lat="51.874237" lon="4.974539">
        <ele>0.416967</ele>
        <time>2026-10-06T23:33:27.050Z</time>
      </trkpt>
      <trkpt lat="51.874400" lon="4.974391">
        <ele>0.496162</ele>
        <time>2026-10-06T23:33:30.438Z</time>
      </trkpt>
      <trkpt lat="51.874481" lon="4.974157">
        <ele>0.566357</ele>
        <time>2026-10-06T23:33:33.410Z</time>
      </trkpt>
      <trkpt lat="51.874652" lon="4.973071">
        <ele>0.859611</ele>
        <time>2026-10-06T23:33:45.232Z</time>
      </trkpt>
      <trkpt lat="51.874732" lon="4.972796">
        <ele>0.939154</ele>
        <time>2026-10-06T23:33:48.131Z</time>
      </trkpt>
      <trkpt lat="51.874998" lon="4.971972">
        <ele>1.099846</ele>
        <time>2026-10-06T23:33:56.430Z</time>
      </trkpt>
      <trkpt lat="51.875381" lon="4.971158">
        <ele>0.897714</ele>
        <time>2026-10-06T23:34:05.284Z</time>
      </trkpt>
      <trkpt lat="51.875568" lon="4.970750">
        <ele>0.797356</ele>
        <time>2026-10-06T23:34:09.591Z</time>
      </trkpt>
      <trkpt lat="51.876485" lon="4.968752">
        <ele>0.149017</ele>
        <time>2026-10-06T23:34:30.078Z</time>
      </trkpt>
      <trkpt lat="51.876612" lon="4.968422">
        <ele>0.024915</ele>
        <time>2026-10-06T23:34:33.198Z</time>
      </trkpt>
      <trkpt lat="51.876589" lon="4.968272">
        <ele>-0.024409</ele>
        <time>2026-10-06T23:34:34.925Z</time>
      </trkpt>
      <trkpt lat="51.876612" lon="4.968010">
        <ele>-0.108864</ele>
        <time>2026-10-06T23:34:37.892Z</time>
      </trkpt>
      <trkpt lat="51.876865" lon="4.966802">
        <ele>-0.475208</ele>
        <time>2026-10-06T23:34:52.491Z</time>
      </trkpt>
      <trkpt lat="51.876985" lon="4.966451">
        <ele>-0.567552</ele>
        <time>2026-10-06T23:34:57.032Z</time>
      </trkpt>
      <trkpt lat="51.877073" lon="4.966342">
        <ele>-0.608852</ele>
        <time>2026-10-06T23:34:59.107Z</time>
      </trkpt>
      <trkpt lat="51.877149" lon="4.966280">
        <ele>-0.640576</ele>
        <time>2026-10-06T23:35:00.705Z</time>
      </trkpt>
      <trkpt lat="51.877330" lon="4.966350">
        <ele>-0.709951</ele>
        <time>2026-10-06T23:35:04.207Z</time>
      </trkpt>
      <trkpt lat="51.877597" lon="4.966107">
        <ele>-0.824126</ele>
        <time>2026-10-06T23:35:08.348Z</time>
      </trkpt>
      <trkpt lat="51.877714" lon="4.966038">
        <ele>-0.870546</ele>
        <time>2026-10-06T23:35:10.104Z</time>
      </trkpt>
      <trkpt lat="51.877860" lon="4.965997">
        <ele>-0.925788</ele>
        <time>2026-10-06T23:35:12.219Z</time>
      </trkpt>
      <trkpt lat="51.878502" lon="4.965948">
        <ele>-1.053957</ele>
        <time>2026-10-06T23:35:21.307Z</time>
      </trkpt>
      <trkpt lat="51.878744" lon="4.965809">
        <ele>-1.064373</ele>
        <time>2026-10-06T23:35:24.916Z</time>
      </trkpt>
      <trkpt lat="51.879592" lon="4.964954">
        <ele>-1.104893</ele>
        <time>2026-10-06T23:35:39.878Z</time>
      </trkpt>
      <trkpt lat="51.879735" lon="4.964712">
        <ele>-1.113282</ele>
        <time>2026-10-06T23:35:43.069Z</time>
      </trkpt>
      <trkpt lat="51.879820" lon="4.964468">
        <ele>-1.107401</ele>
        <time>2026-10-06T23:35:45.723Z</time>
      </trkpt>
      <trkpt lat="51.879945" lon="4.964114">
        <ele>-1.098752</ele>
        <time>2026-10-06T23:35:49.544Z</time>
      </trkpt>
      <trkpt lat="51.880435" lon="4.963100">
        <ele>-1.071439</ele>
        <time>2026-10-06T23:36:01.171Z</time>
      </trkpt>
      <trkpt lat="51.880563" lon="4.962650">
        <ele>-1.060930</ele>
        <time>2026-10-06T23:36:05.887Z</time>
      </trkpt>
      <trkpt lat="51.880559" lon="4.961674">
        <ele>-1.068860</ele>
        <time>2026-10-06T23:36:15.188Z</time>
      </trkpt>
      <trkpt lat="51.880530" lon="4.960797">
        <ele>-1.097479</ele>
        <time>2026-10-06T23:36:23.135Z</time>
      </trkpt>
      <trkpt lat="51.880519" lon="4.960477">
        <ele>-1.107923</ele>
        <time>2026-10-06T23:36:25.968Z</time>
      </trkpt>
      <trkpt lat="51.880495" lon="4.960132">
        <ele>-1.119237</ele>
        <time>2026-10-06T23:36:29.052Z</time>
      </trkpt>
      <trkpt lat="51.880418" lon="4.959689">
        <ele>-1.134234</ele>
        <time>2026-10-06T23:36:33.140Z</time>
      </trkpt>
      <trkpt lat="51.879796" lon="4.957640">
        <ele>-1.353360</ele>
        <time>2026-10-06T23:36:52.973Z</time>
      </trkpt>
      <trkpt lat="51.879766" lon="4.957535">
        <ele>-1.365907</ele>
        <time>2026-10-06T23:36:54.021Z</time>
      </trkpt>
      <trkpt lat="51.879449" lon="4.956509">
        <ele>-1.514595</ele>
        <time>2026-10-06T23:37:04.329Z</time>
      </trkpt>
      <trkpt lat="51.878527" lon="4.953548">
        <ele>-1.920158</ele>
        <time>2026-10-06T23:37:31.734Z</time>
      </trkpt>
      <trkpt lat="51.877761" lon="4.951295">
        <ele>-1.351096</ele>
        <time>2026-10-06T23:37:58.835Z</time>
      </trkpt>
      <trkpt lat="51.877575" lon="4.950662">
        <ele>-1.098229</ele>
        <time>2026-10-06T23:38:06.881Z</time>
      </trkpt>
      <trkpt lat="51.877350" lon="4.949875">
        <ele>-0.785395</ele>
        <time>2026-10-06T23:38:16.547Z</time>
      </trkpt>
      <trkpt lat="51.877066" lon="4.948903">
        <ele>-0.421082</ele>
        <time>2026-10-06T23:38:27.486Z</time>
      </trkpt>
      <trkpt lat="51.877038" lon="4.948781">
        <ele>-0.436990</ele>
        <time>2026-10-06T23:38:28.732Z</time>
      </trkpt>
      <trkpt lat="51.876981" lon="4.948359">
        <ele>-0.489788</ele>
        <time>2026-10-06T23:38:32.689Z</time>
      </trkpt>
      <trkpt lat="51.876939" lon="4.948090">
        <ele>-0.523701</ele>
        <time>2026-10-06T23:38:35.260Z</time>
      </trkpt>
      <trkpt lat="51.876922" lon="4.947889">
        <ele>-0.548497</ele>
        <time>2026-10-06T23:38:37.090Z</time>
      </trkpt>
      <trkpt lat="51.876900" lon="4.947669">
        <ele>-0.575737</ele>
        <time>2026-10-06T23:38:39.767Z</time>
      </trkpt>
      <trkpt lat="51.876832" lon="4.947250">
        <ele>-0.628688</ele>
        <time>2026-10-06T23:38:44.910Z</time>
      </trkpt>
      <trkpt lat="51.876824" lon="4.947006">
        <ele>-0.658553</ele>
        <time>2026-10-06T23:38:47.751Z</time>
      </trkpt>
      <trkpt lat="51.876808" lon="4.946818">
        <ele>-0.681748</ele>
        <time>2026-10-06T23:38:49.929Z</time>
      </trkpt>
      <trkpt lat="51.876801" lon="4.946691">
        <ele>-0.697332</ele>
        <time>2026-10-06T23:38:51.374Z</time>
      </trkpt>
      <trkpt lat="51.876812" lon="4.946410">
        <ele>-0.731746</ele>
        <time>2026-10-06T23:38:54.592Z</time>
      </trkpt>
      <trkpt lat="51.876810" lon="4.946370">
        <ele>-0.736651</ele>
        <time>2026-10-06T23:38:55.046Z</time>
      </trkpt>
      <trkpt lat="51.876800" lon="4.946161">
        <ele>-0.762272</ele>
        <time>2026-10-06T23:38:57.476Z</time>
      </trkpt>
      <trkpt lat="51.876785" lon="4.946019">
        <ele>-0.796496</ele>
        <time>2026-10-06T23:38:59.136Z</time>
      </trkpt>
      <trkpt lat="51.876765" lon="4.945874">
        <ele>-0.849454</ele>
        <time>2026-10-06T23:39:00.839Z</time>
      </trkpt>
      <trkpt lat="51.876733" lon="4.945630">
        <ele>-0.938365</ele>
        <time>2026-10-06T23:39:03.688Z</time>
      </trkpt>
      <trkpt lat="51.876632" lon="4.944855">
        <ele>-1.220690</ele>
        <time>2026-10-06T23:39:12.615Z</time>
      </trkpt>
      <trkpt lat="51.876618" lon="4.944754">
        <ele>-1.257587</ele>
        <time>2026-10-06T23:39:13.795Z</time>
      </trkpt>
      <trkpt lat="51.876487" lon="4.943771">
        <ele>-1.616035</ele>
        <time>2026-10-06T23:39:21.652Z</time>
      </trkpt>
      <trkpt lat="51.876276" lon="4.941910">
        <ele>-1.990660</ele>
        <time>2026-10-06T23:39:37.388Z</time>
      </trkpt>
      <trkpt lat="51.876087" lon="4.940672">
        <ele>-2.161777</ele>
        <time>2026-10-06T23:39:49.110Z</time>
      </trkpt>
      <trkpt lat="51.875856" lon="4.939965">
        <ele>-2.212222</ele>
        <time>2026-10-06T23:39:56.227Z</time>
      </trkpt>
      <trkpt lat="51.875614" lon="4.939245">
        <ele>-2.230893</ele>
        <time>2026-10-06T23:40:03.778Z</time>
      </trkpt>
      <trkpt lat="51.875451" lon="4.938865">
        <ele>-2.241432</ele>
        <time>2026-10-06T23:40:07.839Z</time>
      </trkpt>
      <trkpt lat="51.875246" lon="4.938402">
        <ele>-2.254409</ele>
        <time>2026-10-06T23:40:12.830Z</time>
      </trkpt>
      <trkpt lat="51.874837" lon="4.937476">
        <ele>-2.192480</ele>
        <time>2026-10-06T23:40:23.306Z</time>
      </trkpt>
      <trkpt lat="51.874173" lon="4.936039">
        <ele>-1.965195</ele>
        <time>2026-10-06T23:40:41.339Z</time>
      </trkpt>
      <trkpt lat="51.873737" lon="4.935097">
        <ele>-1.960823</ele>
        <time>2026-10-06T23:40:52.628Z</time>
      </trkpt>
      <trkpt lat="51.873718" lon="4.935055">
        <ele>-1.965875</ele>
        <time>2026-10-06T23:40:53.096Z</time>
      </trkpt>
      <trkpt lat="51.873669" lon="4.934956">
        <ele>-1.978188</ele>
        <time>2026-10-06T23:40:54.254Z</time>
      </trkpt>
      <trkpt lat="51.872720" lon="4.932881">
        <ele>-2.219939</ele>
        <time>2026-10-06T23:41:16.293Z</time>
      </trkpt>
      <trkpt lat="51.871076" lon="4.929454">
        <ele>-2.318323</ele>
        <time>2026-10-06T23:41:55.254Z</time>
      </trkpt>
      <trkpt lat="51.870619" lon="4.928382">
        <ele>-2.216191</ele>
        <time>2026-10-06T23:42:08.106Z</time>
      </trkpt>
      <trkpt lat="51.869627" lon="4.925681">
        <ele>-1.799879</ele>
        <time>2026-10-06T23:42:39.279Z</time>
      </trkpt>
      <trkpt lat="51.869537" lon="4.925411">
        <ele>-1.820217</ele>
        <time>2026-10-06T23:42:41.926Z</time>
      </trkpt>
      <trkpt lat="51.869321" lon="4.924589">
        <ele>-1.879433</ele>
        <time>2026-10-06T23:42:49.517Z</time>
      </trkpt>
      <trkpt lat="51.868854" lon="4.922653">
        <ele>-1.971655</ele>
        <time>2026-10-06T23:43:07.637Z</time>
      </trkpt>
      <trkpt lat="51.868617" lon="4.921687">
        <ele>-1.988326</ele>
        <time>2026-10-06T23:43:17.516Z</time>
      </trkpt>
      <trkpt lat="51.868338" lon="4.920599">
        <ele>-1.994248</ele>
        <time>2026-10-06T23:43:28.131Z</time>
      </trkpt>
      <trkpt lat="51.868318" lon="4.920514">
        <ele>-1.990119</ele>
        <time>2026-10-06T23:43:29.008Z</time>
      </trkpt>
      <trkpt lat="51.868216" lon="4.920101">
        <ele>-1.969928</ele>
        <time>2026-10-06T23:43:33.208Z</time>
      </trkpt>
      <trkpt lat="51.868083" lon="4.919455">
        <ele>-1.939017</ele>
        <time>2026-10-06T23:43:39.606Z</time>
      </trkpt>
      <trkpt lat="51.868116" lon="4.919355">
        <ele>-1.933870</ele>
        <time>2026-10-06T23:43:40.714Z</time>
      </trkpt>
      <trkpt lat="51.868237" lon="4.918979">
        <ele>-1.914624</ele>
        <time>2026-10-06T23:43:44.717Z</time>
      </trkpt>
      <trkpt lat="51.868266" lon="4.918920">
        <ele>-1.911201</ele>
        <time>2026-10-06T23:43:45.432Z</time>
      </trkpt>
      <trkpt lat="51.868378" lon="4.918863">
        <ele>-1.902570</ele>
        <time>2026-10-06T23:43:47.237Z</time>
      </trkpt>
      <trkpt lat="51.868839" lon="4.918748">
        <ele>-1.864661</ele>
        <time>2026-10-06T23:43:54.154Z</time>
      </trkpt>
      <trkpt lat="51.868919" lon="4.918672">
        <ele>-1.850427</ele>
        <time>2026-10-06T23:43:55.580Z</time>
      </trkpt>
      <trkpt lat="51.868975" lon="4.918550">
        <ele>-1.836022</ele>
        <time>2026-10-06T23:43:57.065Z</time>
      </trkpt>
      <trkpt lat="51.869059" lon="4.918127">
        <ele>-1.793916</ele>
        <time>2026-10-06T23:44:01.206Z</time>
      </trkpt>
      <trkpt lat="51.869199" lon="4.917597">
        <ele>-1.739291</ele>
        <time>2026-10-06T23:44:06.543Z</time>
      </trkpt>
      <trkpt lat="51.869229" lon="4.917366">
        <ele>-1.716923</ele>
        <time>2026-10-06T23:44:08.806Z</time>
      </trkpt>
      <trkpt lat="51.869226" lon="4.917064">
        <ele>-1.688302</ele>
        <time>2026-10-06T23:44:11.725Z</time>
      </trkpt>
      <trkpt lat="51.869130" lon="4.916323">
        <ele>-1.616556</ele>
        <time>2026-10-06T23:44:19.188Z</time>
      </trkpt>
      <trkpt lat="51.869118" lon="4.915968">
        <ele>-1.597809</ele>
        <time>2026-10-06T23:44:22.738Z</time>
      </trkpt>
      <trkpt lat="51.869199" lon="4.915176">
        <ele>-1.611171</ele>
        <time>2026-10-06T23:44:30.558Z</time>
      </trkpt>
      <trkpt lat="51.869200" lon="4.914999">
        <ele>-1.614117</ele>
        <time>2026-10-06T23:44:32.242Z</time>
      </trkpt>
      <trkpt lat="51.869164" lon="4.914682">
        <ele>-1.619482</ele>
        <time>2026-10-06T23:44:35.252Z</time>
      </trkpt>
      <trkpt lat="51.869076" lon="4.914427">
        <ele>-1.624344</ele>
        <time>2026-10-06T23:44:37.954Z</time>
      </trkpt>
      <trkpt lat="51.868918" lon="4.914207">
        <ele>-1.629961</ele>
        <time>2026-10-06T23:44:40.905Z</time>
      </trkpt>
      <trkpt lat="51.868613" lon="4.913986">
        <ele>-1.638968</ele>
        <time>2026-10-06T23:44:45.412Z</time>
      </trkpt>
      <trkpt lat="51.868467" lon="4.913805">
        <ele>-1.643924</ele>
        <time>2026-10-06T23:44:47.874Z</time>
      </trkpt>
      <trkpt lat="51.867972" lon="4.913376">
        <ele>-1.690242</ele>
        <time>2026-10-06T23:44:55.608Z</time>
      </trkpt>
      <trkpt lat="51.867854" lon="4.913183">
        <ele>-1.704164</ele>
        <time>2026-10-06T23:44:57.975Z</time>
      </trkpt>
      <trkpt lat="51.867765" lon="4.912848">
        <ele>-1.722856</ele>
        <time>2026-10-06T23:45:01.226Z</time>
      </trkpt>
      <trkpt lat="51.867734" lon="4.912485">
        <ele>-1.741639</ele>
        <time>2026-10-06T23:45:04.589Z</time>
      </trkpt>
      <trkpt lat="51.867725" lon="4.911880">
        <ele>-1.772658</ele>
        <time>2026-10-06T23:45:10.399Z</time>
      </trkpt>
      <trkpt lat="51.867803" lon="4.910050">
        <ele>-1.743315</ele>
        <time>2026-10-06T23:45:27.614Z</time>
      </trkpt>
      <trkpt lat="51.867765" lon="4.909787">
        <ele>-1.733864</ele>
        <time>2026-10-06T23:45:30.110Z</time>
      </trkpt>
      <trkpt lat="51.867665" lon="4.909482">
        <ele>-1.721782</ele>
        <time>2026-10-06T23:45:33.313Z</time>
      </trkpt>
      <trkpt lat="51.867615" lon="4.909247">
        <ele>-1.713085</ele>
        <time>2026-10-06T23:45:35.601Z</time>
      </trkpt>
      <trkpt lat="51.867588" lon="4.908809">
        <ele>-1.697683</ele>
        <time>2026-10-06T23:45:39.585Z</time>
      </trkpt>
      <trkpt lat="51.867605" lon="4.908260">
        <ele>-1.666073</ele>
        <time>2026-10-06T23:45:44.563Z</time>
      </trkpt>
      <trkpt lat="51.867582" lon="4.907642">
        <ele>-1.623778</ele>
        <time>2026-10-06T23:45:50.453Z</time>
      </trkpt>
      <trkpt lat="51.867559" lon="4.907207">
        <ele>-1.593951</ele>
        <time>2026-10-06T23:45:54.823Z</time>
      </trkpt>
      <trkpt lat="51.867612" lon="4.906668">
        <ele>-1.556665</ele>
        <time>2026-10-06T23:46:00.339Z</time>
      </trkpt>
      <trkpt lat="51.867602" lon="4.906436">
        <ele>-1.540778</ele>
        <time>2026-10-06T23:46:02.573Z</time>
      </trkpt>
      <trkpt lat="51.867570" lon="4.906047">
        <ele>-1.513968</ele>
        <time>2026-10-06T23:46:06.116Z</time>
      </trkpt>
      <trkpt lat="51.867485" lon="4.905465">
        <ele>-1.479271</ele>
        <time>2026-10-06T23:46:11.259Z</time>
      </trkpt>
      <trkpt lat="51.867379" lon="4.904986">
        <ele>-1.455582</ele>
        <time>2026-10-06T23:46:15.744Z</time>
      </trkpt>
      <trkpt lat="51.867309" lon="4.904784">
        <ele>-1.444798</ele>
        <time>2026-10-06T23:46:17.841Z</time>
      </trkpt>
      <trkpt lat="51.867115" lon="4.904394">
        <ele>-1.421482</ele>
        <time>2026-10-06T23:46:22.484Z</time>
      </trkpt>
      <trkpt lat="51.866960" lon="4.904235">
        <ele>-1.407649</ele>
        <time>2026-10-06T23:46:25.258Z</time>
      </trkpt>
      <trkpt lat="51.866961" lon="4.904081">
        <ele>-1.400478</ele>
        <time>2026-10-06T23:46:26.726Z</time>
      </trkpt>
      <trkpt lat="51.866889" lon="4.903964">
        <ele>-1.392788</ele>
        <time>2026-10-06T23:46:28.304Z</time>
      </trkpt>
      <trkpt lat="51.866537" lon="4.903667">
        <ele>-1.362863</ele>
        <time>2026-10-06T23:46:34.473Z</time>
      </trkpt>
      <trkpt lat="51.866413" lon="4.903407">
        <ele>-1.329712</ele>
        <time>2026-10-06T23:46:37.740Z</time>
      </trkpt>
      <trkpt lat="51.866776" lon="4.903065">
        <ele>-1.237061</ele>
        <time>2026-10-06T23:46:44.858Z</time>
      </trkpt>
      <trkpt lat="51.867160" lon="4.902612">
        <ele>-1.132251</ele>
        <time>2026-10-06T23:46:52.649Z</time>
      </trkpt>
      <trkpt lat="51.867473" lon="4.902247">
        <ele>-1.047159</ele>
        <time>2026-10-06T23:46:58.551Z</time>
      </trkpt>
      <trkpt lat="51.867627" lon="4.902068">
        <ele>-1.005339</ele>
        <time>2026-10-06T23:47:01.355Z</time>
      </trkpt>
      <trkpt lat="51.867593" lon="4.902028">
        <ele>-0.996068</ele>
        <time>2026-10-06T23:47:01.951Z</time>
      </trkpt>
      <trkpt lat="51.867558" lon="4.901982">
        <ele>-0.986123</ele>
        <time>2026-10-06T23:47:02.574Z</time>
      </trkpt>
      <trkpt lat="51.867062" lon="4.901432">
        <ele>-1.004721</ele>
        <time>2026-10-06T23:47:11.214Z</time>
      </trkpt>
      <trkpt lat="51.866934" lon="4.901196">
        <ele>-1.022674</ele>
        <time>2026-10-06T23:47:14.002Z</time>
      </trkpt>
      <trkpt lat="51.866338" lon="4.899599">
        <ele>-1.137622</ele>
        <time>2026-10-06T23:47:30.805Z</time>
      </trkpt>
      <trkpt lat="51.866208" lon="4.899309">
        <ele>-1.218449</ele>
        <time>2026-10-06T23:47:33.985Z</time>
      </trkpt>
      <trkpt lat="51.866034" lon="4.899004">
        <ele>-1.312107</ele>
        <time>2026-10-06T23:47:37.574Z</time>
      </trkpt>
      <trkpt lat="51.865856" lon="4.898765">
        <ele>-1.396564</ele>
        <time>2026-10-06T23:47:40.672Z</time>
      </trkpt>
      <trkpt lat="51.865659" lon="4.898590">
        <ele>-1.478635</ele>
        <time>2026-10-06T23:47:43.614Z</time>
      </trkpt>
      <trkpt lat="51.865198" lon="4.898288">
        <ele>-1.660276</ele>
        <time>2026-10-06T23:47:50.117Z</time>
      </trkpt>
      <trkpt lat="51.864877" lon="4.898227">
        <ele>-1.778329</ele>
        <time>2026-10-06T23:47:54.394Z</time>
      </trkpt>
      <trkpt lat="51.864549" lon="4.898328">
        <ele>-1.752222</ele>
        <time>2026-10-06T23:47:58.933Z</time>
      </trkpt>
      <trkpt lat="51.860917" lon="4.899959">
        <ele>-1.071780</ele>
        <time>2026-10-06T23:48:58.853Z</time>
      </trkpt>
      <trkpt lat="51.860691" lon="4.900028">
        <ele>-1.046224</ele>
        <time>2026-10-06T23:49:02.447Z</time>
      </trkpt>
      <trkpt lat="51.860617" lon="4.900013">
        <ele>-1.037937</ele>
        <time>2026-10-06T23:49:03.599Z</time>
      </trkpt>
      <trkpt lat="51.860495" lon="4.899915">
        <ele>-1.022804</ele>
        <time>2026-10-06T23:49:05.675Z</time>
      </trkpt>
      <trkpt lat="51.860442" lon="4.899822">
        <ele>-1.014120</ele>
        <time>2026-10-06T23:49:06.857Z</time>
      </trkpt>
      <trkpt lat="51.860048" lon="4.898416">
        <ele>-0.909735</ele>
        <time>2026-10-06T23:49:20.859Z</time>
      </trkpt>
      <trkpt lat="51.859833" lon="4.898113">
        <ele>-0.880773</ele>
        <time>2026-10-06T23:49:24.959Z</time>
      </trkpt>
      <trkpt lat="51.859067" lon="4.897404">
        <ele>-0.791122</ele>
        <time>2026-10-06T23:49:38.456Z</time>
      </trkpt>
      <trkpt lat="51.858923" lon="4.897284">
        <ele>-0.774667</ele>
        <time>2026-10-06T23:49:41.038Z</time>
      </trkpt>
      <trkpt lat="51.858823" lon="4.897240">
        <ele>-0.764137</ele>
        <time>2026-10-06T23:49:42.704Z</time>
      </trkpt>
      <trkpt lat="51.858388" lon="4.897144">
        <ele>-0.711680</ele>
        <time>2026-10-06T23:49:49.780Z</time>
      </trkpt>
      <trkpt lat="51.858225" lon="4.897135">
        <ele>-0.689745</ele>
        <time>2026-10-06T23:49:52.381Z</time>
      </trkpt>
      <trkpt lat="51.857510" lon="4.897219">
        <ele>-0.593327</ele>
        <time>2026-10-06T23:50:03.582Z</time>
      </trkpt>
      <trkpt lat="51.857387" lon="4.897204">
        <ele>-0.576737</ele>
        <time>2026-10-06T23:50:05.441Z</time>
      </trkpt>
      <trkpt lat="51.857323" lon="4.897158">
        <ele>-0.567319</ele>
        <time>2026-10-06T23:50:06.481Z</time>
      </trkpt>
      <trkpt lat="51.856899" lon="4.896688">
        <ele>-0.501118</ele>
        <time>2026-10-06T23:50:14.033Z</time>
      </trkpt>
      <trkpt lat="51.856236" lon="4.896033">
        <ele>-0.479784</ele>
        <time>2026-10-06T23:50:25.484Z</time>
      </trkpt>
      <trkpt lat="51.855776" lon="4.895453">
        <ele>-0.463769</ele>
        <time>2026-10-06T23:50:34.262Z</time>
      </trkpt>
      <trkpt lat="51.855676" lon="4.895253">
        <ele>-0.459404</ele>
        <time>2026-10-06T23:50:36.655Z</time>
      </trkpt>
      <trkpt lat="51.855342" lon="4.894401">
        <ele>-0.410745</ele>
        <time>2026-10-06T23:50:46.060Z</time>
      </trkpt>
      <trkpt lat="51.855273" lon="4.894280">
        <ele>-0.399291</ele>
        <time>2026-10-06T23:50:47.598Z</time>
      </trkpt>
      <trkpt lat="51.855005" lon="4.893969">
        <ele>-0.362164</ele>
        <time>2026-10-06T23:50:52.609Z</time>
      </trkpt>
      <trkpt lat="51.854768" lon="4.893609">
        <ele>-0.325572</ele>
        <time>2026-10-06T23:50:57.581Z</time>
      </trkpt>
      <trkpt lat="51.854463" lon="4.893202">
        <ele>-0.281068</ele>
        <time>2026-10-06T23:51:03.673Z</time>
      </trkpt>
      <trkpt lat="51.854115" lon="4.892447">
        <ele>-0.224479</ele>
        <time>2026-10-06T23:51:12.609Z</time>
      </trkpt>
      <trkpt lat="51.853843" lon="4.891928">
        <ele>-0.189433</ele>
        <time>2026-10-06T23:51:19.016Z</time>
      </trkpt>
      <trkpt lat="51.853727" lon="4.891758">
        <ele>-0.176390</ele>
        <time>2026-10-06T23:51:21.393Z</time>
      </trkpt>
      <trkpt lat="51.853407" lon="4.891407">
        <ele>-0.144169</ele>
        <time>2026-10-06T23:51:27.196Z</time>
      </trkpt>
      <trkpt lat="51.853341" lon="4.891279">
        <ele>-0.135584</ele>
        <time>2026-10-06T23:51:28.726Z</time>
      </trkpt>
      <trkpt lat="51.853233" lon="4.890929">
        <ele>-0.115439</ele>
        <time>2026-10-06T23:51:32.295Z</time>
      </trkpt>
      <trkpt lat="51.853158" lon="4.890453">
        <ele>-0.095708</ele>
        <time>2026-10-06T23:51:36.750Z</time>
      </trkpt>
      <trkpt lat="51.853145" lon="4.889215">
        <ele>-0.067940</ele>
        <time>2026-10-06T23:51:48.288Z</time>
      </trkpt>
      <trkpt lat="51.853131" lon="4.889030">
        <ele>-0.063760</ele>
        <time>2026-10-06T23:51:50.050Z</time>
      </trkpt>
      <trkpt lat="51.853075" lon="4.888273">
        <ele>-0.046662</ele>
        <time>2026-10-06T23:51:57.173Z</time>
      </trkpt>
      <trkpt lat="51.853068" lon="4.888197">
        <ele>-0.044939</ele>
        <time>2026-10-06T23:51:57.882Z</time>
      </trkpt>
      <trkpt lat="51.853038" lon="4.887830">
        <ele>-0.036637</ele>
        <time>2026-10-06T23:52:01.266Z</time>
      </trkpt>
      <trkpt lat="51.853020" lon="4.887586">
        <ele>-0.048203</ele>
        <time>2026-10-06T23:52:03.506Z</time>
      </trkpt>
      <trkpt lat="51.853019" lon="4.887494">
        <ele>-0.056010</ele>
        <time>2026-10-06T23:52:04.339Z</time>
      </trkpt>
      <trkpt lat="51.853018" lon="4.887385">
        <ele>-0.065258</ele>
        <time>2026-10-06T23:52:05.326Z</time>
      </trkpt>
      <trkpt lat="51.853017" lon="4.887283">
        <ele>-0.073913</ele>
        <time>2026-10-06T23:52:06.258Z</time>
      </trkpt>
      <trkpt lat="51.852998" lon="4.886231">
        <ele>-0.163202</ele>
        <time>2026-10-06T23:52:15.670Z</time>
      </trkpt>
      <trkpt lat="51.852998" lon="4.886178">
        <ele>-0.167699</ele>
        <time>2026-10-06T23:52:16.125Z</time>
      </trkpt>
      <trkpt lat="51.852968" lon="4.885785">
        <ele>-0.201294</ele>
        <time>2026-10-06T23:52:19.534Z</time>
      </trkpt>
      <trkpt lat="51.852962" lon="4.885705">
        <ele>-0.208131</ele>
        <time>2026-10-06T23:52:20.222Z</time>
      </trkpt>
      <trkpt lat="51.852913" lon="4.884903">
        <ele>-0.276505</ele>
        <time>2026-10-06T23:52:27.263Z</time>
      </trkpt>
      <trkpt lat="51.852839" lon="4.884493">
        <ele>-0.318476</ele>
        <time>2026-10-06T23:52:31.030Z</time>
      </trkpt>
      <trkpt lat="51.852658" lon="4.883925">
        <ele>-0.382726</ele>
        <time>2026-10-06T23:52:36.690Z</time>
      </trkpt>
      <trkpt lat="51.852522" lon="4.883372">
        <ele>-0.442562</ele>
        <time>2026-10-06T23:52:41.911Z</time>
      </trkpt>
      <trkpt lat="51.852244" lon="4.882455">
        <ele>-0.545251</ele>
        <time>2026-10-06T23:52:50.861Z</time>
      </trkpt>
      <trkpt lat="51.852025" lon="4.881536">
        <ele>-0.628144</ele>
        <time>2026-10-06T23:52:59.474Z</time>
      </trkpt>
      <trkpt lat="51.851711" lon="4.880768">
        <ele>-0.699336</ele>
        <time>2026-10-06T23:53:07.552Z</time>
      </trkpt>
      <trkpt lat="51.851290" lon="4.880062">
        <ele>-0.775191</ele>
        <time>2026-10-06T23:53:16.311Z</time>
      </trkpt>
      <trkpt lat="51.851016" lon="4.879748">
        <ele>-0.806866</ele>
        <time>2026-10-06T23:53:21.216Z</time>
      </trkpt>
      <trkpt lat="51.850938" lon="4.879623">
        <ele>-0.812558</ele>
        <time>2026-10-06T23:53:22.837Z</time>
      </trkpt>
      <trkpt lat="51.850882" lon="4.879397">
        <ele>-0.820358</ele>
        <time>2026-10-06T23:53:25.068Z</time>
      </trkpt>
      <trkpt lat="51.850798" lon="4.878630">
        <ele>-0.845310</ele>
        <time>2026-10-06T23:53:32.229Z</time>
      </trkpt>
      <trkpt lat="51.850708" lon="4.878182">
        <ele>-0.860401</ele>
        <time>2026-10-06T23:53:36.464Z</time>
      </trkpt>
      <trkpt lat="51.850621" lon="4.877798">
        <ele>-0.873503</ele>
        <time>2026-10-06T23:53:40.148Z</time>
      </trkpt>
      <trkpt lat="51.850561" lon="4.877537">
        <ele>-0.882423</ele>
        <time>2026-10-06T23:53:42.662Z</time>
      </trkpt>
      <trkpt lat="51.850448" lon="4.877174">
        <ele>-0.891896</ele>
        <time>2026-10-06T23:53:46.316Z</time>
      </trkpt>
      <trkpt lat="51.850361" lon="4.877046">
        <ele>-0.889731</ele>
        <time>2026-10-06T23:53:48.031Z</time>
      </trkpt>
      <trkpt lat="51.850187" lon="4.876962">
        <ele>-0.886387</ele>
        <time>2026-10-06T23:53:50.693Z</time>
      </trkpt>
      <trkpt lat="51.850012" lon="4.876948">
        <ele>-0.883159</ele>
        <time>2026-10-06T23:53:53.266Z</time>
      </trkpt>
      <trkpt lat="51.849761" lon="4.877015">
        <ele>-0.878474</ele>
        <time>2026-10-06T23:53:57.017Z</time>
      </trkpt>
      <trkpt lat="51.849576" lon="4.877111">
        <ele>-0.874896</ele>
        <time>2026-10-06T23:53:59.851Z</time>
      </trkpt>
      <trkpt lat="51.849378" lon="4.877287">
        <ele>-0.870736</ele>
        <time>2026-10-06T23:54:03.157Z</time>
      </trkpt>
      <trkpt lat="51.849088" lon="4.877712">
        <ele>-0.863531</ele>
        <time>2026-10-06T23:54:09.060Z</time>
      </trkpt>
      <trkpt lat="51.848820" lon="4.878033">
        <ele>-0.842610</ele>
        <time>2026-10-06T23:54:14.186Z</time>
      </trkpt>
      <trkpt lat="51.848455" lon="4.878260">
        <ele>-0.789289</ele>
        <time>2026-10-06T23:54:20.301Z</time>
      </trkpt>
      <trkpt lat="51.847966" lon="4.878437">
        <ele>-0.720958</ele>
        <time>2026-10-06T23:54:28.171Z</time>
      </trkpt>
      <trkpt lat="51.847712" lon="4.878405">
        <ele>-0.686215</ele>
        <time>2026-10-06T23:54:32.103Z</time>
      </trkpt>
      <trkpt lat="51.847573" lon="4.878317">
        <ele>-0.665862</ele>
        <time>2026-10-06T23:54:34.386Z</time>
      </trkpt>
      <trkpt lat="51.847434" lon="4.878179">
        <ele>-0.643626</ele>
        <time>2026-10-06T23:54:36.860Z</time>
      </trkpt>
      <trkpt lat="51.847325" lon="4.877993">
        <ele>-0.622028</ele>
        <time>2026-10-06T23:54:39.268Z</time>
      </trkpt>
      <trkpt lat="51.847199" lon="4.877703">
        <ele>-0.610171</ele>
        <time>2026-10-06T23:54:42.565Z</time>
      </trkpt>
      <trkpt lat="51.846991" lon="4.877301">
        <ele>-0.601737</ele>
        <time>2026-10-06T23:54:47.409Z</time>
      </trkpt>
      <trkpt lat="51.846639" lon="4.876812">
        <ele>-0.589661</ele>
        <time>2026-10-06T23:54:54.263Z</time>
      </trkpt>
      <trkpt lat="51.846477" lon="4.876506">
        <ele>-0.583179</ele>
        <time>2026-10-06T23:54:57.909Z</time>
      </trkpt>
      <trkpt lat="51.846133" lon="4.875695">
        <ele>-0.566682</ele>
        <time>2026-10-06T23:55:06.918Z</time>
      </trkpt>
      <trkpt lat="51.845710" lon="4.874973">
        <ele>-0.505013</ele>
        <time>2026-10-06T23:55:16.242Z</time>
      </trkpt>
      <trkpt lat="51.845590" lon="4.874719">
        <ele>-0.485196</ele>
        <time>2026-10-06T23:55:19.284Z</time>
      </trkpt>
      <trkpt lat="51.845428" lon="4.874176">
        <ele>-0.447823</ele>
        <time>2026-10-06T23:55:24.994Z</time>
      </trkpt>
      <trkpt lat="51.845360" lon="4.873674">
        <ele>-0.415972</ele>
        <time>2026-10-06T23:55:29.879Z</time>
      </trkpt>
      <trkpt lat="51.845244" lon="4.873285">
        <ele>-0.389201</ele>
        <time>2026-10-06T23:55:33.972Z</time>
      </trkpt>
      <trkpt lat="51.844938" lon="4.872706">
        <ele>-0.362930</ele>
        <time>2026-10-06T23:55:41.122Z</time>
      </trkpt>
      <trkpt lat="51.844768" lon="4.872438">
        <ele>-0.350166</ele>
        <time>2026-10-06T23:55:44.700Z</time>
      </trkpt>
      <trkpt lat="51.844279" lon="4.871943">
        <ele>-0.319142</ele>
        <time>2026-10-06T23:55:53.315Z</time>
      </trkpt>
      <trkpt lat="51.844110" lon="4.871725">
        <ele>-0.307518</ele>
        <time>2026-10-06T23:55:56.525Z</time>
      </trkpt>
      <trkpt lat="51.843935" lon="4.871390">
        <ele>-0.292939</ele>
        <time>2026-10-06T23:56:00.509Z</time>
      </trkpt>
      <trkpt lat="51.843904" lon="4.871145">
        <ele>-0.274784</ele>
        <time>2026-10-06T23:56:02.775Z</time>
      </trkpt>
      <trkpt lat="51.843987" lon="4.870598">
        <ele>-0.224153</ele>
        <time>2026-10-06T23:56:07.870Z</time>
      </trkpt>
      <trkpt lat="51.844272" lon="4.868808">
        <ele>-0.057996</ele>
        <time>2026-10-06T23:56:25.637Z</time>
      </trkpt>
      <trkpt lat="51.844394" lon="4.867706">
        <ele>-0.006240</ele>
        <time>2026-10-06T23:56:36.753Z</time>
      </trkpt>
      <trkpt lat="51.844394" lon="4.867027">
        <ele>0.012979</ele>
        <time>2026-10-06T23:56:43.251Z</time>
      </trkpt>
      <trkpt lat="51.844353" lon="4.866773">
        <ele>0.020410</ele>
        <time>2026-10-06T23:56:45.716Z</time>
      </trkpt>
      <trkpt lat="51.844195" lon="4.866318">
        <ele>0.035184</ele>
        <time>2026-10-06T23:56:50.463Z</time>
      </trkpt>
      <trkpt lat="51.844045" lon="4.866087">
        <ele>0.044670</ele>
        <time>2026-10-06T23:56:54.532Z</time>
      </trkpt>
      <trkpt lat="51.843904" lon="4.865983">
        <ele>0.051769</ele>
        <time>2026-10-06T23:56:57.546Z</time>
      </trkpt>
      <trkpt lat="51.843524" lon="4.865940">
        <ele>-0.036798</ele>
        <time>2026-10-06T23:57:02.815Z</time>
      </trkpt>
      <trkpt lat="51.843089" lon="4.866146">
        <ele>-0.157877</ele>
        <time>2026-10-06T23:57:09.029Z</time>
      </trkpt>
      <trkpt lat="51.842276" lon="4.866870">
        <ele>-0.405766</ele>
        <time>2026-10-06T23:57:21.894Z</time>
      </trkpt>
      <trkpt lat="51.841955" lon="4.867156">
        <ele>-0.492730</ele>
        <time>2026-10-06T23:57:27.116Z</time>
      </trkpt>
      <trkpt lat="51.841536" lon="4.867498">
        <ele>-0.600275</ele>
        <time>2026-10-06T23:57:33.624Z</time>
      </trkpt>
      <trkpt lat="51.841254" lon="4.867462">
        <ele>-0.665104</ele>
        <time>2026-10-06T23:57:37.510Z</time>
      </trkpt>
      <trkpt lat="51.840514" lon="4.867057">
        <ele>-0.838607</ele>
        <time>2026-10-06T23:57:48.282Z</time>
      </trkpt>
      <trkpt lat="51.839628" lon="4.866602">
        <ele>-0.822123</ele>
        <time>2026-10-06T23:58:02.002Z</time>
      </trkpt>
      <trkpt lat="51.838726" lon="4.866126">
        <ele>-0.801034</ele>
        <time>2026-10-06T23:58:16.726Z</time>
      </trkpt>
      <trkpt lat="51.837973" lon="4.865706">
        <ele>-0.753606</ele>
        <time>2026-10-06T23:58:28.950Z</time>
      </trkpt>
      <trkpt lat="51.837572" lon="4.865651">
        <ele>-0.729641</ele>
        <time>2026-10-06T23:58:34.779Z</time>
      </trkpt>
      <trkpt lat="51.837357" lon="4.865584">
        <ele>-0.716602</ele>
        <time>2026-10-06T23:58:37.953Z</time>
      </trkpt>
      <trkpt lat="51.836759" lon="4.865197">
        <ele>-0.672995</ele>
        <time>2026-10-06T23:58:47.524Z</time>
      </trkpt>
      <trkpt lat="51.836537" lon="4.865099">
        <ele>-0.655981</ele>
        <time>2026-10-06T23:58:50.932Z</time>
      </trkpt>
      <trkpt lat="51.836447" lon="4.865093">
        <ele>-0.649321</ele>
        <time>2026-10-06T23:58:52.246Z</time>
      </trkpt>
      <trkpt lat="51.836334" lon="4.865135">
        <ele>-0.640748</ele>
        <time>2026-10-06T23:58:53.962Z</time>
      </trkpt>
      <trkpt lat="51.835892" lon="4.865350">
        <ele>-0.606623</ele>
        <time>2026-10-06T23:59:01.042Z</time>
      </trkpt>
      <trkpt lat="51.835741" lon="4.865330">
        <ele>-0.595421</ele>
        <time>2026-10-06T23:59:03.398Z</time>
      </trkpt>
      <trkpt lat="51.835641" lon="4.865263">
        <ele>-0.587419</ele>
        <time>2026-10-06T23:59:05.100Z</time>
      </trkpt>
      <trkpt lat="51.835394" lon="4.865070">
        <ele>-0.567139</ele>
        <time>2026-10-06T23:59:09.410Z</time>
      </trkpt>
      <trkpt lat="51.834992" lon="4.865015">
        <ele>-0.521113</ele>
        <time>2026-10-06T23:59:15.696Z</time>
      </trkpt>
      <trkpt lat="51.834682" lon="4.864839">
        <ele>-0.483576</ele>
        <time>2026-10-06T23:59:20.724Z</time>
      </trkpt>
      <trkpt lat="51.834468" lon="4.864603">
        <ele>-0.453987</ele>
        <time>2026-10-06T23:59:24.736Z</time>
      </trkpt>
      <trkpt lat="51.834117" lon="4.864056">
        <ele>-0.398311</ele>
        <time>2026-10-06T23:59:32.239Z</time>
      </trkpt>
      <trkpt lat="51.833831" lon="4.863743">
        <ele>-0.361580</ele>
        <time>2026-10-06T23:59:37.312Z</time>
      </trkpt>
      <trkpt lat="51.833684" lon="4.863507">
        <ele>-0.362282</ele>
        <time>2026-10-06T23:59:40.327Z</time>
      </trkpt>
      <trkpt lat="51.833536" lon="4.863132">
        <ele>-0.363214</ele>
        <time>2026-10-06T23:59:44.299Z</time>
      </trkpt>
      <trkpt lat="51.833364" lon="4.862464">
        <ele>-0.364730</ele>
        <time>2026-10-06T23:59:50.860Z</time>
      </trkpt>
      <trkpt lat="51.833341" lon="4.862137">
        <ele>-0.365420</ele>
        <time>2026-10-06T23:59:53.867Z</time>
      </trkpt>
      <trkpt lat="51.833407" lon="4.861533">
        <ele>-0.366705</ele>
        <time>2026-10-06T23:59:59.493Z</time>
      </trkpt>
      <trkpt lat="51.833480" lon="4.861056">
        <ele>-0.364830</ele>
        <time>2026-10-07T00:00:04.063Z</time>
      </trkpt>
      <trkpt lat="51.833486" lon="4.860090">
        <ele>-0.323254</ele>
        <time>2026-10-07T00:00:13.198Z</time>
      </trkpt>
      <trkpt lat="51.833226" lon="4.857553">
        <ele>-0.255979</ele>
        <time>2026-10-07T00:00:37.080Z</time>
      </trkpt>
      <trkpt lat="51.833086" lon="4.856715">
        <ele>-0.273114</ele>
        <time>2026-10-07T00:00:44.817Z</time>
      </trkpt>
      <trkpt lat="51.832900" lon="4.856143">
        <ele>-0.285873</ele>
        <time>2026-10-07T00:00:50.582Z</time>
      </trkpt>
      <trkpt lat="51.832620" lon="4.854867">
        <ele>-0.265846</ele>
        <time>2026-10-07T00:01:03.003Z</time>
      </trkpt>
      <trkpt lat="51.832528" lon="4.854258">
        <ele>-0.233073</ele>
        <time>2026-10-07T00:01:08.965Z</time>
      </trkpt>
      <trkpt lat="51.832518" lon="4.854048">
        <ele>-0.222063</ele>
        <time>2026-10-07T00:01:10.970Z</time>
      </trkpt>
      <trkpt lat="51.832584" lon="4.853807">
        <ele>-0.208283</ele>
        <time>2026-10-07T00:01:13.490Z</time>
      </trkpt>
      <trkpt lat="51.832906" lon="4.853525">
        <ele>-0.177311</ele>
        <time>2026-10-07T00:01:19.141Z</time>
      </trkpt>
      <trkpt lat="51.833115" lon="4.852962">
        <ele>-0.152631</ele>
        <time>2026-10-07T00:01:25.365Z</time>
      </trkpt>
      <trkpt lat="51.833351" lon="4.852581">
        <ele>-0.182906</ele>
        <time>2026-10-07T00:01:30.393Z</time>
      </trkpt>
      <trkpt lat="51.833426" lon="4.852446">
        <ele>-0.193094</ele>
        <time>2026-10-07T00:01:32.049Z</time>
      </trkpt>
      <trkpt lat="51.833506" lon="4.852210">
        <ele>-0.208201</ele>
        <time>2026-10-07T00:01:34.499Z</time>
      </trkpt>
      <trkpt lat="51.833567" lon="4.851941">
        <ele>-0.224282</ele>
        <time>2026-10-07T00:01:37.047Z</time>
      </trkpt>
      <trkpt lat="51.833729" lon="4.850850">
        <ele>-0.287253</ele>
        <time>2026-10-07T00:01:46.864Z</time>
      </trkpt>
      <trkpt lat="51.833730" lon="4.850486">
        <ele>-0.307681</ele>
        <time>2026-10-07T00:01:50.050Z</time>
      </trkpt>
      <trkpt lat="51.833647" lon="4.850016">
        <ele>-0.342387</ele>
        <time>2026-10-07T00:01:54.340Z</time>
      </trkpt>
      <trkpt lat="51.833465" lon="4.848973">
        <ele>-0.421542</ele>
        <time>2026-10-07T00:02:04.003Z</time>
      </trkpt>
      <trkpt lat="51.833328" lon="4.848374">
        <ele>-0.468191</ele>
        <time>2026-10-07T00:02:09.647Z</time>
      </trkpt>
      <trkpt lat="51.833165" lon="4.847961">
        <ele>-0.503983</ele>
        <time>2026-10-07T00:02:14.026Z</time>
      </trkpt>
      <trkpt lat="51.833013" lon="4.847667">
        <ele>-0.526627</ele>
        <time>2026-10-07T00:02:17.430Z</time>
      </trkpt>
      <trkpt lat="51.832774" lon="4.847272">
        <ele>-0.541311</ele>
        <time>2026-10-07T00:02:22.343Z</time>
      </trkpt>
      <trkpt lat="51.832277" lon="4.846556">
        <ele>-0.569913</ele>
        <time>2026-10-07T00:02:31.981Z</time>
      </trkpt>
      <trkpt lat="51.832003" lon="4.846167">
        <ele>-0.585580</ele>
        <time>2026-10-07T00:02:37.254Z</time>
      </trkpt>
      <trkpt lat="51.831860" lon="4.845864">
        <ele>-0.595707</ele>
        <time>2026-10-07T00:02:40.765Z</time>
      </trkpt>
      <trkpt lat="51.831725" lon="4.845249">
        <ele>-0.518217</ele>
        <time>2026-10-07T00:02:46.987Z</time>
      </trkpt>
      <trkpt lat="51.831706" lon="4.844740">
        <ele>-0.426168</ele>
        <time>2026-10-07T00:02:52.010Z</time>
      </trkpt>
      <trkpt lat="51.831760" lon="4.843223">
        <ele>-0.151876</ele>
        <time>2026-10-07T00:03:07.332Z</time>
      </trkpt>
      <trkpt lat="51.831869" lon="4.842206">
        <ele>0.002268</ele>
        <time>2026-10-07T00:03:17.815Z</time>
      </trkpt>
      <trkpt lat="51.831869" lon="4.840989">
        <ele>0.157649</ele>
        <time>2026-10-07T00:03:29.727Z</time>
      </trkpt>
      <trkpt lat="51.831796" lon="4.840228">
        <ele>0.255973</ele>
        <time>2026-10-07T00:03:36.900Z</time>
      </trkpt>
      <trkpt lat="51.831680" lon="4.839529">
        <ele>0.293177</ele>
        <time>2026-10-07T00:03:43.513Z</time>
      </trkpt>
      <trkpt lat="51.831510" lon="4.838879">
        <ele>0.288103</ele>
        <time>2026-10-07T00:03:49.992Z</time>
      </trkpt>
      <trkpt lat="51.831262" lon="4.838237">
        <ele>0.282661</ele>
        <time>2026-10-07T00:03:56.966Z</time>
      </trkpt>
      <trkpt lat="51.831062" lon="4.837853">
        <ele>0.279050</ele>
        <time>2026-10-07T00:04:01.556Z</time>
      </trkpt>
      <trkpt lat="51.830695" lon="4.837369">
        <ele>0.259055</ele>
        <time>2026-10-07T00:04:08.441Z</time>
      </trkpt>
      <trkpt lat="51.830603" lon="4.837411">
        <ele>0.248201</ele>
        <time>2026-10-07T00:04:10.354Z</time>
      </trkpt>
      <trkpt lat="51.830443" lon="4.837427">
        <ele>0.229998</ele>
        <time>2026-10-07T00:04:12.678Z</time>
      </trkpt>
      <trkpt lat="51.830333" lon="4.837440">
        <ele>0.217474</ele>
        <time>2026-10-07T00:04:14.263Z</time>
      </trkpt>
      <trkpt lat="51.830370" lon="4.838352">
        <ele>0.153339</ele>
        <time>2026-10-07T00:04:25.324Z</time>
      </trkpt>
      <trkpt lat="51.830376" lon="4.838471">
        <ele>0.144960</ele>
        <time>2026-10-07T00:04:26.762Z</time>
      </trkpt>
      <trkpt lat="51.830402" lon="4.839108">
        <ele>0.100163</ele>
        <time>2026-10-07T00:04:34.456Z</time>
      </trkpt>
      <trkpt lat="51.830531" lon="4.842053">
        <ele>-0.066264</ele>
        <time>2026-10-07T00:05:10.905Z</time>
      </trkpt>
      <trkpt lat="51.830605" lon="4.843821">
        <ele>-0.128396</ele>
        <time>2026-10-07T00:05:32.721Z</time>
      </trkpt>
      <trkpt lat="51.830637" lon="4.844329">
        <ele>-0.143696</ele>
        <time>2026-10-07T00:05:39.008Z</time>
      </trkpt>
      <trkpt lat="51.830625" lon="4.844406">
        <ele>-0.146076</ele>
        <time>2026-10-07T00:05:39.991Z</time>
      </trkpt>
      <trkpt lat="51.830583" lon="4.844505">
        <ele>-0.149674</ele>
        <time>2026-10-07T00:05:41.480Z</time>
      </trkpt>
      <trkpt lat="51.830456" lon="4.844583">
        <ele>-0.156260</ele>
        <time>2026-10-07T00:05:43.458Z</time>
      </trkpt>
      <trkpt lat="51.828180" lon="4.844503">
        <ele>-0.155881</ele>
        <time>2026-10-07T00:06:17.417Z</time>
      </trkpt>
      <trkpt lat="51.827924" lon="4.844581">
        <ele>-0.194987</ele>
        <time>2026-10-07T00:06:21.223Z</time>
      </trkpt>
      <trkpt lat="51.827867" lon="4.844604">
        <ele>-0.203806</ele>
        <time>2026-10-07T00:06:22.070Z</time>
      </trkpt>
      <trkpt lat="51.827726" lon="4.844659">
        <ele>-0.225580</ele>
        <time>2026-10-07T00:06:24.151Z</time>
      </trkpt>
      <trkpt lat="51.827030" lon="4.844944">
        <ele>-0.333358</ele>
        <time>2026-10-07T00:06:34.206Z</time>
      </trkpt>
      <trkpt lat="51.826605" lon="4.844937">
        <ele>-0.397163</ele>
        <time>2026-10-07T00:06:40.153Z</time>
      </trkpt>
      <trkpt lat="51.826406" lon="4.844899">
        <ele>-0.404906</ele>
        <time>2026-10-07T00:06:43.000Z</time>
      </trkpt>
      <trkpt lat="51.826359" lon="4.844824">
        <ele>-0.403183</ele>
        <time>2026-10-07T00:06:44.289Z</time>
      </trkpt>
      <trkpt lat="51.825972" lon="4.844696">
        <ele>-0.392873</ele>
        <time>2026-10-07T00:06:52.217Z</time>
      </trkpt>
      <trkpt lat="51.825916" lon="4.844570">
        <ele>-0.390369</ele>
        <time>2026-10-07T00:06:54.175Z</time>
      </trkpt>
      <trkpt lat="51.825834" lon="4.844528">
        <ele>-0.388124</ele>
        <time>2026-10-07T00:06:55.943Z</time>
      </trkpt>
      <trkpt lat="51.825762" lon="4.844557">
        <ele>-0.386188</ele>
        <time>2026-10-07T00:06:57.481Z</time>
      </trkpt>
      <trkpt lat="51.825696" lon="4.844675">
        <ele>-0.383620</ele>
        <time>2026-10-07T00:06:59.486Z</time>
      </trkpt>
      <trkpt lat="51.825686" lon="4.844790">
        <ele>-0.381747</ele>
        <time>2026-10-07T00:07:00.960Z</time>
      </trkpt>
      <trkpt lat="51.825718" lon="4.844915">
        <ele>-0.379564</ele>
        <time>2026-10-07T00:07:02.694Z</time>
      </trkpt>
      <trkpt lat="51.825760" lon="4.844972">
        <ele>-0.378133</ele>
        <time>2026-10-07T00:07:03.816Z</time>
      </trkpt>
      <trkpt lat="51.825769" lon="4.845271">
        <ele>-0.373304</ele>
        <time>2026-10-07T00:07:07.669Z</time>
      </trkpt>
      <trkpt lat="51.825812" lon="4.845398">
        <ele>-0.370968</ele>
        <time>2026-10-07T00:07:09.536Z</time>
      </trkpt>
      <trkpt lat="51.825782" lon="4.846002">
        <ele>-0.361188</ele>
        <time>2026-10-07T00:07:15.267Z</time>
      </trkpt>
      <trkpt lat="51.825759" lon="4.846137">
        <ele>-0.358761</ele>
        <time>2026-10-07T00:07:16.589Z</time>
      </trkpt>
      <trkpt lat="51.825823" lon="4.846167">
        <ele>-0.356892</ele>
        <time>2026-10-07T00:07:17.952Z</time>
      </trkpt>
      <trkpt lat="51.825947" lon="4.846210">
        <ele>-0.353336</ele>
        <time>2026-10-07T00:07:20.572Z</time>
      </trkpt>
      <trkpt lat="51.826938" lon="4.846275">
        <ele>-0.325522</ele>
        <time>2026-10-07T00:07:40.657Z</time>
      </trkpt>
      <trkpt lat="51.825947" lon="4.846210">
        <ele>-0.368887</ele>
        <time>2026-10-07T00:08:00.653Z</time>
      </trkpt>
      <trkpt lat="51.825823" lon="4.846167">
        <ele>-0.384624</ele>
        <time>2026-10-07T00:08:03.183Z</time>
      </trkpt>
      <trkpt lat="51.825759" lon="4.846137">
        <ele>-0.392893</ele>
        <time>2026-10-07T00:08:04.514Z</time>
      </trkpt>
      <trkpt lat="51.825782" lon="4.846002">
        <ele>-0.403634</ele>
        <time>2026-10-07T00:08:05.756Z</time>
      </trkpt>
      <trkpt lat="51.825812" lon="4.845398">
        <ele>-0.450109</ele>
        <time>2026-10-07T00:08:11.160Z</time>
      </trkpt>
      <trkpt lat="51.825866" lon="4.845159">
        <ele>-0.469627</ele>
        <time>2026-10-07T00:08:14.256Z</time>
      </trkpt>
      <trkpt lat="51.825874" lon="4.844993">
        <ele>-0.482398</ele>
        <time>2026-10-07T00:08:16.259Z</time>
      </trkpt>
      <trkpt lat="51.825935" lon="4.844935">
        <ele>-0.491178</ele>
        <time>2026-10-07T00:08:17.658Z</time>
      </trkpt>
      <trkpt lat="51.825978" lon="4.844798">
        <ele>-0.502963</ele>
        <time>2026-10-07T00:08:19.506Z</time>
      </trkpt>
      <trkpt lat="51.825972" lon="4.844696">
        <ele>-0.510822</ele>
        <time>2026-10-07T00:08:20.750Z</time>
      </trkpt>
      <trkpt lat="51.825916" lon="4.844570">
        <ele>-0.522725</ele>
        <time>2026-10-07T00:08:22.616Z</time>
      </trkpt>
      <trkpt lat="51.825834" lon="4.844528">
        <ele>-0.533399</ele>
        <time>2026-10-07T00:08:24.265Z</time>
      </trkpt>
      <trkpt lat="51.825762" lon="4.844557">
        <ele>-0.542875</ele>
        <time>2026-10-07T00:08:25.699Z</time>
      </trkpt>
      <trkpt lat="51.825696" lon="4.844675">
        <ele>-0.555462</ele>
        <time>2026-10-07T00:08:27.606Z</time>
      </trkpt>
      <trkpt lat="51.825103" lon="4.844808">
        <ele>-0.632077</ele>
        <time>2026-10-07T00:08:39.303Z</time>
      </trkpt>
      <trkpt lat="51.824916" lon="4.844719">
        <ele>-0.657023</ele>
        <time>2026-10-07T00:08:43.116Z</time>
      </trkpt>
      <trkpt lat="51.824887" lon="4.844711">
        <ele>-0.660788</ele>
        <time>2026-10-07T00:08:43.701Z</time>
      </trkpt>
      <trkpt lat="51.824781" lon="4.844682">
        <ele>-0.674546</ele>
        <time>2026-10-07T00:08:45.809Z</time>
      </trkpt>
      <trkpt lat="51.824593" lon="4.844637">
        <ele>-0.698867</ele>
        <time>2026-10-07T00:08:49.525Z</time>
      </trkpt>
      <trkpt lat="51.824033" lon="4.844629">
        <ele>-0.751261</ele>
        <time>2026-10-07T00:09:00.701Z</time>
      </trkpt>
      <trkpt lat="51.823869" lon="4.844686">
        <ele>-0.707235</ele>
        <time>2026-10-07T00:09:04.114Z</time>
      </trkpt>
      <trkpt lat="51.823622" lon="4.844729">
        <ele>-0.642032</ele>
        <time>2026-10-07T00:09:09.226Z</time>
      </trkpt>
      <trkpt lat="51.822547" lon="4.844680">
        <ele>-0.359773</ele>
        <time>2026-10-07T00:09:32.479Z</time>
      </trkpt>
      <trkpt lat="51.821312" lon="4.844569">
        <ele>0.135399</ele>
        <time>2026-10-07T00:09:59.626Z</time>
      </trkpt>
      <trkpt lat="51.821213" lon="4.844693">
        <ele>0.190064</ele>
        <time>2026-10-07T00:10:02.294Z</time>
      </trkpt>
      <trkpt lat="51.821158" lon="4.844888">
        <ele>0.247910</ele>
        <time>2026-10-07T00:10:05.136Z</time>
      </trkpt>
      <trkpt lat="51.821150" lon="4.845012">
        <ele>0.281556</ele>
        <time>2026-10-07T00:10:06.791Z</time>
      </trkpt>
      <trkpt lat="51.821132" lon="4.845334">
        <ele>0.368811</ele>
        <time>2026-10-07T00:10:11.066Z</time>
      </trkpt>
      <trkpt lat="51.821171" lon="4.845521">
        <ele>0.422074</ele>
        <time>2026-10-07T00:10:13.751Z</time>
      </trkpt>
      <trkpt lat="51.821103" lon="4.846274">
        <ele>0.778915</ele>
        <time>2026-10-07T00:10:21.661Z</time>
      </trkpt>
      <trkpt lat="51.821039" lon="4.847105">
        <ele>1.259842</ele>
        <time>2026-10-07T00:10:30.855Z</time>
      </trkpt>
      <trkpt lat="51.821034" lon="4.847230">
        <ele>1.331779</ele>
        <time>2026-10-07T00:10:32.350Z</time>
      </trkpt>
      <trkpt lat="51.821062" lon="4.849627">
        <ele>2.397448</ele>
        <time>2026-10-07T00:11:01.695Z</time>
      </trkpt>
      <trkpt lat="51.821054" lon="4.850600">
        <ele>2.636832</ele>
        <time>2026-10-07T00:11:11.594Z</time>
      </trkpt>
      <trkpt lat="51.821054" lon="4.850646">
        <ele>2.648148</ele>
        <time>2026-10-07T00:11:12.020Z</time>
      </trkpt>
      <trkpt lat="51.821054" lon="4.851186">
        <ele>2.780991</ele>
        <time>2026-10-07T00:11:16.858Z</time>
      </trkpt>
      <trkpt lat="51.821055" lon="4.852190">
        <ele>2.581162</ele>
        <time>2026-10-07T00:11:25.084Z</time>
      </trkpt>
      <trkpt lat="51.821015" lon="4.854438">
        <ele>1.462538</ele>
        <time>2026-10-07T00:11:42.267Z</time>
      </trkpt>
      <trkpt lat="51.821022" lon="4.855433">
        <ele>1.103577</ele>
        <time>2026-10-07T00:11:49.607Z</time>
      </trkpt>
      <trkpt lat="51.821073" lon="4.857190">
        <ele>0.484450</ele>
        <time>2026-10-07T00:12:03.903Z</time>
      </trkpt>
      <trkpt lat="51.821072" lon="4.857631">
        <ele>0.475703</ele>
        <time>2026-10-07T00:12:08.190Z</time>
      </trkpt>
      <trkpt lat="51.821022" lon="4.857863">
        <ele>0.548998</ele>
        <time>2026-10-07T00:12:10.678Z</time>
      </trkpt>
      <trkpt lat="51.820844" lon="4.858554">
        <ele>0.772318</ele>
        <time>2026-10-07T00:12:18.804Z</time>
      </trkpt>
      <trkpt lat="51.820802" lon="4.858702">
        <ele>0.820899</ele>
        <time>2026-10-07T00:12:20.687Z</time>
      </trkpt>
      <trkpt lat="51.820754" lon="4.858858">
        <ele>0.872883</ele>
        <time>2026-10-07T00:12:23.278Z</time>
      </trkpt>
      <trkpt lat="51.819853" lon="4.862246">
        <ele>1.867549</ele>
        <time>2026-10-07T00:13:14.525Z</time>
      </trkpt>
      <trkpt lat="51.819746" lon="4.862941">
        <ele>2.002429</ele>
        <time>2026-10-07T00:13:23.471Z</time>
      </trkpt>
      <trkpt lat="51.819716" lon="4.863479">
        <ele>1.962039</ele>
        <time>2026-10-07T00:13:29.929Z</time>
      </trkpt>
      <trkpt lat="51.819724" lon="4.864248">
        <ele>1.904532</ele>
        <time>2026-10-07T00:13:38.815Z</time>
      </trkpt>
      <trkpt lat="51.819779" lon="4.865700">
        <ele>1.795761</ele>
        <time>2026-10-07T00:13:56.349Z</time>
      </trkpt>
      <trkpt lat="51.819962" lon="4.867752">
        <ele>2.215048</ele>
        <time>2026-10-07T00:14:24.159Z</time>
      </trkpt>
      <trkpt lat="51.820140" lon="4.869286">
        <ele>2.518461</ele>
        <time>2026-10-07T00:14:45.691Z</time>
      </trkpt>
      <trkpt lat="51.820218" lon="4.869657">
        <ele>2.590791</ele>
        <time>2026-10-07T00:14:51.077Z</time>
      </trkpt>
      <trkpt lat="51.820319" lon="4.869829">
        <ele>2.634579</ele>
        <time>2026-10-07T00:14:54.302Z</time>
      </trkpt>
      <trkpt lat="51.820409" lon="4.870089">
        <ele>2.689581</ele>
        <time>2026-10-07T00:14:58.387Z</time>
      </trkpt>
      <trkpt lat="51.820444" lon="4.870252">
        <ele>2.721430</ele>
        <time>2026-10-07T00:15:00.714Z</time>
      </trkpt>
      <trkpt lat="51.820459" lon="4.870804">
        <ele>2.823414</ele>
        <time>2026-10-07T00:15:07.628Z</time>
      </trkpt>
      <trkpt lat="51.820510" lon="4.870946">
        <ele>2.853726</ele>
        <time>2026-10-07T00:15:09.601Z</time>
      </trkpt>
      <trkpt lat="51.820769" lon="4.871396">
        <ele>2.906143</ele>
        <time>2026-10-07T00:15:16.949Z</time>
      </trkpt>
      <trkpt lat="51.820819" lon="4.871526">
        <ele>2.895679</ele>
        <time>2026-10-07T00:15:18.871Z</time>
      </trkpt>
      <trkpt lat="51.820836" lon="4.871688">
        <ele>2.884449</ele>
        <time>2026-10-07T00:15:20.947Z</time>
      </trkpt>
      <trkpt lat="51.820775" lon="4.872376">
        <ele>2.836950</ele>
        <time>2026-10-07T00:15:29.877Z</time>
      </trkpt>
      <trkpt lat="51.820747" lon="4.872639">
        <ele>2.818711</ele>
        <time>2026-10-07T00:15:33.221Z</time>
      </trkpt>
      <trkpt lat="51.820741" lon="4.872818">
        <ele>2.806460</ele>
        <time>2026-10-07T00:15:35.412Z</time>
      </trkpt>
      <trkpt lat="51.820755" lon="4.873374">
        <ele>2.768431</ele>
        <time>2026-10-07T00:15:40.211Z</time>
      </trkpt>
      <trkpt lat="51.820828" lon="4.873936">
        <ele>2.729185</ele>
        <time>2026-10-07T00:15:45.036Z</time>
      </trkpt>
      <trkpt lat="51.821405" lon="4.876317">
        <ele>2.685016</ele>
        <time>2026-10-07T00:16:07.666Z</time>
      </trkpt>
      <trkpt lat="51.821509" lon="4.876730">
        <ele>2.680881</ele>
        <time>2026-10-07T00:16:12.199Z</time>
      </trkpt>
      <trkpt lat="51.821792" lon="4.877611">
        <ele>2.859741</ele>
        <time>2026-10-07T00:16:22.433Z</time>
      </trkpt>
      <trkpt lat="51.821929" lon="4.878285">
        <ele>2.987554</ele>
        <time>2026-10-07T00:16:29.766Z</time>
      </trkpt>
      <trkpt lat="51.821988" lon="4.878992">
        <ele>3.116071</ele>
        <time>2026-10-07T00:16:36.838Z</time>
      </trkpt>
      <trkpt lat="51.822041" lon="4.879617">
        <ele>3.225594</ele>
        <time>2026-10-07T00:16:42.814Z</time>
      </trkpt>
      <trkpt lat="51.822066" lon="4.880313">
        <ele>3.332184</ele>
        <time>2026-10-07T00:16:49.113Z</time>
      </trkpt>
      <trkpt lat="51.822078" lon="4.880657">
        <ele>3.384862</ele>
        <time>2026-10-07T00:16:52.256Z</time>
      </trkpt>
      <trkpt lat="51.822060" lon="4.880934">
        <ele>3.427445</ele>
        <time>2026-10-07T00:16:54.919Z</time>
      </trkpt>
      <trkpt lat="51.822036" lon="4.881059">
        <ele>3.447457</ele>
        <time>2026-10-07T00:16:56.179Z</time>
      </trkpt>
      <trkpt lat="51.821918" lon="4.881516">
        <ele>3.523179</ele>
        <time>2026-10-07T00:17:01.346Z</time>
      </trkpt>
      <trkpt lat="51.821737" lon="4.882189">
        <ele>3.635392</ele>
        <time>2026-10-07T00:17:09.288Z</time>
      </trkpt>
      <trkpt lat="51.821623" lon="4.882522">
        <ele>3.581536</ele>
        <time>2026-10-07T00:17:13.174Z</time>
      </trkpt>
      <trkpt lat="51.821419" lon="4.882781">
        <ele>3.490188</ele>
        <time>2026-10-07T00:17:17.196Z</time>
      </trkpt>
      <trkpt lat="51.821257" lon="4.882866">
        <ele>3.430195</ele>
        <time>2026-10-07T00:17:19.691Z</time>
      </trkpt>
      <trkpt lat="51.821107" lon="4.882897">
        <ele>3.376926</ele>
        <time>2026-10-07T00:17:21.798Z</time>
      </trkpt>
      <trkpt lat="51.820866" lon="4.882948">
        <ele>3.291308</ele>
        <time>2026-10-07T00:17:25.063Z</time>
      </trkpt>
      <trkpt lat="51.820632" lon="4.883005">
        <ele>3.207949</ele>
        <time>2026-10-07T00:17:28.176Z</time>
      </trkpt>
      <trkpt lat="51.820357" lon="4.883054">
        <ele>3.110490</ele>
        <time>2026-10-07T00:17:31.641Z</time>
      </trkpt>
      <trkpt lat="51.820248" lon="4.883107">
        <ele>3.070397</ele>
        <time>2026-10-07T00:17:33.025Z</time>
      </trkpt>
      <trkpt lat="51.820134" lon="4.883222">
        <ele>3.023071</ele>
        <time>2026-10-07T00:17:34.631Z</time>
      </trkpt>
      <trkpt lat="51.820011" lon="4.883466">
        <ele>2.892298</ele>
        <time>2026-10-07T00:17:36.931Z</time>
      </trkpt>
      <trkpt lat="51.819979" lon="4.883581">
        <ele>2.836005</ele>
        <time>2026-10-07T00:17:37.857Z</time>
      </trkpt>
      <trkpt lat="51.819953" lon="4.883876">
        <ele>2.702995</ele>
        <time>2026-10-07T00:17:40.063Z</time>
      </trkpt>
      <trkpt lat="51.819975" lon="4.884228">
        <ele>2.545073</ele>
        <time>2026-10-07T00:17:42.719Z</time>
      </trkpt>
      <trkpt lat="51.820028" lon="4.884519">
        <ele>2.409659</ele>
        <time>2026-10-07T00:17:45.026Z</time>
      </trkpt>
      <trkpt lat="51.820443" lon="4.885975">
        <ele>1.701354</ele>
        <time>2026-10-07T00:17:58.369Z</time>
      </trkpt>
      <trkpt lat="51.820525" lon="4.886231">
        <ele>1.617913</ele>
        <time>2026-10-07T00:18:00.854Z</time>
      </trkpt>
      <trkpt lat="51.820643" lon="4.886482">
        <ele>1.526654</ele>
        <time>2026-10-07T00:18:03.468Z</time>
      </trkpt>
      <trkpt lat="51.820931" lon="4.886982">
        <ele>1.328872</ele>
        <time>2026-10-07T00:18:08.959Z</time>
      </trkpt>
      <trkpt lat="51.821017" lon="4.887190">
        <ele>1.256454</ele>
        <time>2026-10-07T00:18:10.949Z</time>
      </trkpt>
      <trkpt lat="51.821195" lon="4.887768">
        <ele>1.069576</ele>
        <time>2026-10-07T00:18:16.216Z</time>
      </trkpt>
      <trkpt lat="51.821152" lon="4.887808">
        <ele>1.046354</ele>
        <time>2026-10-07T00:18:17.141Z</time>
      </trkpt>
      <trkpt lat="51.821230" lon="4.888215">
        <ele>0.923041</ele>
        <time>2026-10-07T00:18:22.098Z</time>
      </trkpt>
      <trkpt lat="51.821349" lon="4.888621">
        <ele>0.841048</ele>
        <time>2026-10-07T00:18:27.311Z</time>
      </trkpt>
      <trkpt lat="51.821774" lon="4.889951">
        <ele>0.668475</ele>
        <time>2026-10-07T00:18:45.118Z</time>
      </trkpt>
      <trkpt lat="51.822147" lon="4.891095">
        <ele>0.528079</ele>
        <time>2026-10-07T00:19:01.561Z</time>
      </trkpt>
      <trkpt lat="51.822708" lon="4.892605">
        <ele>0.422713</ele>
        <time>2026-10-07T00:19:22.673Z</time>
      </trkpt>
      <trkpt lat="51.822940" lon="4.893173">
        <ele>0.381997</ele>
        <time>2026-10-07T00:19:30.955Z</time>
      </trkpt>
      <trkpt lat="51.823116" lon="4.893529">
        <ele>0.377971</ele>
        <time>2026-10-07T00:19:36.517Z</time>
      </trkpt>
      <trkpt lat="51.824307" lon="4.895559">
        <ele>0.661913</ele>
        <time>2026-10-07T00:20:12.803Z</time>
      </trkpt>
      <trkpt lat="51.824671" lon="4.896147">
        <ele>0.822188</ele>
        <time>2026-10-07T00:20:24.210Z</time>
      </trkpt>
      <trkpt lat="51.824855" lon="4.896428">
        <ele>0.901028</ele>
        <time>2026-10-07T00:20:29.793Z</time>
      </trkpt>
      <trkpt lat="51.826228" lon="4.898488">
        <ele>1.388220</ele>
        <time>2026-10-07T00:21:09.417Z</time>
      </trkpt>
      <trkpt lat="51.826870" lon="4.899471">
        <ele>1.564957</ele>
        <time>2026-10-07T00:21:28.116Z</time>
      </trkpt>
      <trkpt lat="51.827100" lon="4.899800">
        <ele>1.562724</ele>
        <time>2026-10-07T00:21:34.484Z</time>
      </trkpt>
      <trkpt lat="51.827494" lon="4.900284">
        <ele>1.537970</ele>
        <time>2026-10-07T00:21:44.593Z</time>
      </trkpt>
      <trkpt lat="51.827773" lon="4.900765">
        <ele>1.517570</ele>
        <time>2026-10-07T00:22:29.466Z</time>
      </trkpt>
      <trkpt lat="51.828202" lon="4.901705">
        <ele>1.489889</ele>
        <time>2026-10-07T00:23:49.007Z</time>
      </trkpt>
      <trkpt lat="51.828363" lon="4.902104">
        <ele>1.506129</ele>
        <time>2026-10-07T00:23:54.997Z</time>
      </trkpt>
      <trkpt lat="51.829109" lon="4.903745">
        <ele>1.575557</ele>
        <time>2026-10-07T00:24:21.467Z</time>
      </trkpt>
      <trkpt lat="51.829462" lon="4.904704">
        <ele>1.673373</ele>
        <time>2026-10-07T00:24:35.460Z</time>
      </trkpt>
      <trkpt lat="51.829651" lon="4.905382">
        <ele>1.751051</ele>
        <time>2026-10-07T00:24:44.913Z</time>
      </trkpt>
      <trkpt lat="51.829764" lon="4.905934">
        <ele>1.811780</ele>
        <time>2026-10-07T00:24:52.423Z</time>
      </trkpt>
      <trkpt lat="51.829996" lon="4.907297">
        <ele>2.069483</ele>
        <time>2026-10-07T00:25:10.917Z</time>
      </trkpt>
      <trkpt lat="51.830224" lon="4.908386">
        <ele>2.376146</ele>
        <time>2026-10-07T00:25:27.136Z</time>
      </trkpt>
      <trkpt lat="51.830328" lon="4.909047">
        <ele>2.558065</ele>
        <time>2026-10-07T00:25:36.700Z</time>
      </trkpt>
      <trkpt lat="51.830586" lon="4.910301">
        <ele>2.603730</ele>
        <time>2026-10-07T00:25:49.313Z</time>
      </trkpt>
      <trkpt lat="51.830774" lon="4.911108">
        <ele>2.546520</ele>
        <time>2026-10-07T00:25:57.416Z</time>
      </trkpt>
      <trkpt lat="51.830878" lon="4.911330">
        <ele>2.528041</ele>
        <time>2026-10-07T00:25:59.833Z</time>
      </trkpt>
      <trkpt lat="51.830984" lon="4.911437">
        <ele>2.514631</ele>
        <time>2026-10-07T00:26:01.537Z</time>
      </trkpt>
      <trkpt lat="51.831191" lon="4.911566">
        <ele>2.490820</ele>
        <time>2026-10-07T00:26:04.432Z</time>
      </trkpt>
      <trkpt lat="51.831304" lon="4.911656">
        <ele>2.477301</ele>
        <time>2026-10-07T00:26:06.011Z</time>
      </trkpt>
      <trkpt lat="51.831795" lon="4.911773">
        <ele>2.239734</ele>
        <time>2026-10-07T00:26:12.369Z</time>
      </trkpt>
      <trkpt lat="51.832402" lon="4.912038">
        <ele>1.911781</ele>
        <time>2026-10-07T00:26:20.560Z</time>
      </trkpt>
      <trkpt lat="51.832774" lon="4.912283">
        <ele>1.702277</ele>
        <time>2026-10-07T00:26:25.799Z</time>
      </trkpt>
      <trkpt lat="51.833168" lon="4.912425">
        <ele>1.527561</ele>
        <time>2026-10-07T00:26:31.211Z</time>
      </trkpt>
      <trkpt lat="51.833305" lon="4.912447">
        <ele>1.517288</ele>
        <time>2026-10-07T00:26:33.110Z</time>
      </trkpt>
      <trkpt lat="51.835376" lon="4.913294">
        <ele>1.331464</ele>
        <time>2026-10-07T00:27:04.982Z</time>
      </trkpt>
      <trkpt lat="51.835489" lon="4.913341">
        <ele>1.317206</ele>
        <time>2026-10-07T00:27:06.740Z</time>
      </trkpt>
      <trkpt lat="51.835584" lon="4.913418">
        <ele>1.304221</ele>
        <time>2026-10-07T00:27:08.298Z</time>
      </trkpt>
      <trkpt lat="51.836174" lon="4.913657">
        <ele>1.229893</ele>
        <time>2026-10-07T00:27:17.051Z</time>
      </trkpt>
      <trkpt lat="51.836748" lon="4.913910">
        <ele>1.096819</ele>
        <time>2026-10-07T00:27:25.250Z</time>
      </trkpt>
      <trkpt lat="51.837502" lon="4.914087">
        <ele>0.751973</ele>
        <time>2026-10-07T00:27:35.350Z</time>
      </trkpt>
      <trkpt lat="51.837562" lon="4.914115">
        <ele>0.723709</ele>
        <time>2026-10-07T00:27:36.166Z</time>
      </trkpt>
      <trkpt lat="51.837662" lon="4.914265">
        <ele>0.661996</ele>
        <time>2026-10-07T00:27:37.945Z</time>
      </trkpt>
      <trkpt lat="51.837887" lon="4.915208">
        <ele>0.379289</ele>
        <time>2026-10-07T00:27:46.162Z</time>
      </trkpt>
      <trkpt lat="51.837940" lon="4.915561">
        <ele>0.336818</ele>
        <time>2026-10-07T00:27:49.175Z</time>
      </trkpt>
      <trkpt lat="51.837941" lon="4.915568">
        <ele>0.336163</ele>
        <time>2026-10-07T00:27:49.234Z</time>
      </trkpt>
      <trkpt lat="51.837982" lon="4.916500">
        <ele>0.250969</ele>
        <time>2026-10-07T00:27:57.193Z</time>
      </trkpt>
      <trkpt lat="51.838053" lon="4.920202">
        <ele>0.230151</ele>
        <time>2026-10-07T00:28:31.249Z</time>
      </trkpt>
      <trkpt lat="51.837997" lon="4.920601">
        <ele>0.256153</ele>
        <time>2026-10-07T00:28:35.148Z</time>
      </trkpt>
      <trkpt lat="51.837154" lon="4.924065">
        <ele>1.315057</ele>
        <time>2026-10-07T00:29:13.566Z</time>
      </trkpt>
      <trkpt lat="51.837111" lon="4.924408">
        <ele>1.478286</ele>
        <time>2026-10-07T00:29:17.514Z</time>
      </trkpt>
      <trkpt lat="51.837098" lon="4.924759">
        <ele>1.642282</ele>
        <time>2026-10-07T00:29:21.437Z</time>
      </trkpt>
      <trkpt lat="51.837164" lon="4.925183">
        <ele>1.846208</ele>
        <time>2026-10-07T00:29:26.319Z</time>
      </trkpt>
      <trkpt lat="51.837174" lon="4.925373">
        <ele>1.935142</ele>
        <time>2026-10-07T00:29:28.506Z</time>
      </trkpt>
      <trkpt lat="51.837176" lon="4.926338">
        <ele>2.385206</ele>
        <time>2026-10-07T00:29:39.748Z</time>
      </trkpt>
      <trkpt lat="51.837159" lon="4.926878">
        <ele>2.552640</ele>
        <time>2026-10-07T00:29:45.568Z</time>
      </trkpt>
      <trkpt lat="51.837103" lon="4.927513">
        <ele>2.659504</ele>
        <time>2026-10-07T00:29:52.021Z</time>
      </trkpt>
      <trkpt lat="51.837052" lon="4.927818">
        <ele>2.712146</ele>
        <time>2026-10-07T00:29:55.104Z</time>
      </trkpt>
      <trkpt lat="51.837045" lon="4.927987">
        <ele>2.740365</ele>
        <time>2026-10-07T00:29:56.761Z</time>
      </trkpt>
      <trkpt lat="51.837131" lon="4.928613">
        <ele>2.847204</ele>
        <time>2026-10-07T00:30:02.928Z</time>
      </trkpt>
      <trkpt lat="51.837273" lon="4.934376">
        <ele>3.117441</ele>
        <time>2026-10-07T00:30:55.934Z</time>
      </trkpt>
      <trkpt lat="51.837208" lon="4.935662">
        <ele>3.276957</ele>
        <time>2026-10-07T00:31:08.528Z</time>
      </trkpt>
      <trkpt lat="51.837127" lon="4.936423">
        <ele>3.494155</ele>
        <time>2026-10-07T00:31:16.211Z</time>
      </trkpt>
      <trkpt lat="51.836834" lon="4.938278">
        <ele>4.000238</ele>
        <time>2026-10-07T00:31:36.355Z</time>
      </trkpt>
      <trkpt lat="51.836784" lon="4.938464">
        <ele>4.013950</ele>
        <time>2026-10-07T00:31:38.574Z</time>
      </trkpt>
      <trkpt lat="51.836712" lon="4.938602">
        <ele>4.026159</ele>
        <time>2026-10-07T00:31:40.539Z</time>
      </trkpt>
      <trkpt lat="51.836690" lon="4.938758">
        <ele>4.036975</ele>
        <time>2026-10-07T00:31:42.263Z</time>
      </trkpt>
      <trkpt lat="51.836677" lon="4.938888">
        <ele>4.045878</ele>
        <time>2026-10-07T00:31:43.663Z</time>
      </trkpt>
      <trkpt lat="51.836727" lon="4.939066">
        <ele>4.059095</ele>
        <time>2026-10-07T00:31:45.716Z</time>
      </trkpt>
      <trkpt lat="51.836667" lon="4.939600">
        <ele>4.095784</ele>
        <time>2026-10-07T00:31:51.120Z</time>
      </trkpt>
      <trkpt lat="51.836554" lon="4.940123">
        <ele>4.133237</ele>
        <time>2026-10-07T00:31:56.239Z</time>
      </trkpt>
      <trkpt lat="51.836414" lon="4.940566">
        <ele>4.166873</ele>
        <time>2026-10-07T00:32:00.475Z</time>
      </trkpt>
      <trkpt lat="51.835636" lon="4.942571">
        <ele>3.451609</ele>
        <time>2026-10-07T00:32:19.044Z</time>
      </trkpt>
      <trkpt lat="51.835491" lon="4.942837">
        <ele>3.325856</ele>
        <time>2026-10-07T00:32:21.856Z</time>
      </trkpt>
      <trkpt lat="51.835208" lon="4.943129">
        <ele>3.155523</ele>
        <time>2026-10-07T00:32:26.299Z</time>
      </trkpt>
      <trkpt lat="51.835142" lon="4.943255">
        <ele>3.157487</ele>
        <time>2026-10-07T00:32:27.776Z</time>
      </trkpt>
      <trkpt lat="51.835081" lon="4.943348">
        <ele>3.159100</ele>
        <time>2026-10-07T00:32:28.973Z</time>
      </trkpt>
      <trkpt lat="51.834928" lon="4.943371">
        <ele>3.162057</ele>
        <time>2026-10-07T00:32:31.278Z</time>
      </trkpt>
      <trkpt lat="51.834893" lon="4.943436">
        <ele>3.163083</ele>
        <time>2026-10-07T00:32:32.122Z</time>
      </trkpt>
      <trkpt lat="51.834849" lon="4.943549">
        <ele>3.164671</ele>
        <time>2026-10-07T00:32:33.370Z</time>
      </trkpt>
      <trkpt lat="51.834833" lon="4.943610">
        <ele>3.165459</ele>
        <time>2026-10-07T00:32:34.033Z</time>
      </trkpt>
      <trkpt lat="51.834860" lon="4.944059">
        <ele>3.170824</ele>
        <time>2026-10-07T00:32:38.477Z</time>
      </trkpt>
      <trkpt lat="51.834838" lon="4.944299">
        <ele>3.173709</ele>
        <time>2026-10-07T00:32:40.869Z</time>
      </trkpt>
      <trkpt lat="51.834768" lon="4.944627">
        <ele>3.177836</ele>
        <time>2026-10-07T00:32:44.198Z</time>
      </trkpt>
      <trkpt lat="51.834704" lon="4.944793">
        <ele>3.180163</ele>
        <time>2026-10-07T00:32:45.974Z</time>
      </trkpt>
      <trkpt lat="51.834101" lon="4.946237">
        <ele>3.207146</ele>
        <time>2026-10-07T00:33:01.995Z</time>
      </trkpt>
      <trkpt lat="51.833913" lon="4.946445">
        <ele>3.213919</ele>
        <time>2026-10-07T00:33:05.449Z</time>
      </trkpt>
      <trkpt lat="51.833827" lon="4.946471">
        <ele>3.216521</ele>
        <time>2026-10-07T00:33:06.794Z</time>
      </trkpt>
      <trkpt lat="51.833728" lon="4.946450">
        <ele>3.219491</ele>
        <time>2026-10-07T00:33:08.294Z</time>
      </trkpt>
      <trkpt lat="51.833695" lon="4.946478">
        <ele>3.220599</ele>
        <time>2026-10-07T00:33:08.863Z</time>
      </trkpt>
      <trkpt lat="51.833622" lon="4.946574">
        <ele>3.223396</ele>
        <time>2026-10-07T00:33:10.232Z</time>
      </trkpt>
      <trkpt lat="51.833559" lon="4.946780">
        <ele>3.227621</ele>
        <time>2026-10-07T00:33:12.328Z</time>
      </trkpt>
      <trkpt lat="51.833107" lon="4.946021">
        <ele>3.305227</ele>
        <time>2026-10-07T00:33:21.859Z</time>
      </trkpt>
      <trkpt lat="51.833042" lon="4.945838">
        <ele>3.364445</ele>
        <time>2026-10-07T00:33:23.915Z</time>
      </trkpt>
      <trkpt lat="51.832930" lon="4.945056">
        <ele>3.589652</ele>
        <time>2026-10-07T00:33:31.840Z</time>
      </trkpt>
      <trkpt lat="51.832875" lon="4.944908">
        <ele>3.638104</ele>
        <time>2026-10-07T00:33:33.606Z</time>
      </trkpt>
      <trkpt lat="51.832806" lon="4.944814">
        <ele>3.679053</ele>
        <time>2026-10-07T00:33:35.118Z</time>
      </trkpt>
      <trkpt lat="51.832724" lon="4.944747">
        <ele>3.720757</ele>
        <time>2026-10-07T00:33:36.678Z</time>
      </trkpt>
      <trkpt lat="51.831561" lon="4.944263">
        <ele>4.245793</ele>
        <time>2026-10-07T00:33:58.186Z</time>
      </trkpt>
      <trkpt lat="51.831011" lon="4.943954">
        <ele>4.484317</ele>
        <time>2026-10-07T00:34:08.261Z</time>
      </trkpt>
      <trkpt lat="51.829093" lon="4.943261">
        <ele>4.732807</ele>
        <time>2026-10-07T00:34:37.286Z</time>
      </trkpt>
      <trkpt lat="51.828789" lon="4.943151">
        <ele>4.716351</ele>
        <time>2026-10-07T00:34:41.758Z</time>
      </trkpt>
      <trkpt lat="51.824083" lon="4.941453">
        <ele>4.588165</ele>
        <time>2026-10-07T00:35:52.023Z</time>
      </trkpt>
      <trkpt lat="51.822594" lon="4.940997">
        <ele>4.134693</ele>
        <time>2026-10-07T00:36:16.754Z</time>
      </trkpt>
      <trkpt lat="51.822125" lon="4.940828">
        <ele>3.716892</ele>
        <time>2026-10-07T00:36:22.223Z</time>
      </trkpt>
      <trkpt lat="51.821892" lon="4.940780">
        <ele>3.512656</ele>
        <time>2026-10-07T00:36:24.703Z</time>
      </trkpt>
      <trkpt lat="51.821573" lon="4.940806">
        <ele>3.234925</ele>
        <time>2026-10-07T00:36:28.336Z</time>
      </trkpt>
      <trkpt lat="51.821406" lon="4.940860">
        <ele>3.112065</ele>
        <time>2026-10-07T00:36:30.382Z</time>
      </trkpt>
      <trkpt lat="51.821228" lon="4.940973">
        <ele>3.021247</ele>
        <time>2026-10-07T00:36:32.767Z</time>
      </trkpt>
      <trkpt lat="51.821133" lon="4.941133">
        <ele>2.956113</ele>
        <time>2026-10-07T00:36:34.496Z</time>
      </trkpt>
      <trkpt lat="51.821104" lon="4.941291">
        <ele>2.907726</ele>
        <time>2026-10-07T00:36:35.735Z</time>
      </trkpt>
      <trkpt lat="51.821136" lon="4.941533">
        <ele>2.835072</ele>
        <time>2026-10-07T00:36:37.609Z</time>
      </trkpt>
      <trkpt lat="51.821278" lon="4.941708">
        <ele>2.750289</ele>
        <time>2026-10-07T00:36:39.859Z</time>
      </trkpt>
      <trkpt lat="51.821665" lon="4.941831">
        <ele>2.562966</ele>
        <time>2026-10-07T00:36:45.149Z</time>
      </trkpt>
      <trkpt lat="51.821945" lon="4.941853">
        <ele>2.429822</ele>
        <time>2026-10-07T00:36:49.719Z</time>
      </trkpt>
      <trkpt lat="51.822047" lon="4.941807">
        <ele>2.379529</ele>
        <time>2026-10-07T00:36:51.651Z</time>
      </trkpt>
      <trkpt lat="51.822104" lon="4.942138">
        <ele>2.280151</ele>
        <time>2026-10-07T00:36:55.593Z</time>
      </trkpt>
      <trkpt lat="51.821863" lon="4.942877">
        <ele>2.073520</ele>
        <time>2026-10-07T00:37:02.941Z</time>
      </trkpt>
      <trkpt lat="51.821404" lon="4.943930">
        <ele>1.754872</ele>
        <time>2026-10-07T00:37:12.901Z</time>
      </trkpt>
      <trkpt lat="51.821140" lon="4.944764">
        <ele>1.554224</ele>
        <time>2026-10-07T00:37:20.694Z</time>
      </trkpt>
      <trkpt lat="51.820962" lon="4.945575">
        <ele>1.487148</ele>
        <time>2026-10-07T00:37:28.071Z</time>
      </trkpt>
      <trkpt lat="51.820868" lon="4.946256">
        <ele>1.432762</ele>
        <time>2026-10-07T00:37:34.336Z</time>
      </trkpt>
      <trkpt lat="51.820897" lon="4.947227">
        <ele>1.356993</ele>
        <time>2026-10-07T00:37:43.187Z</time>
      </trkpt>
      <trkpt lat="51.820914" lon="4.947467">
        <ele>1.346959</ele>
        <time>2026-10-07T00:37:45.411Z</time>
      </trkpt>
      <trkpt lat="51.820926" lon="4.948297">
        <ele>1.441948</ele>
        <time>2026-10-07T00:37:53.440Z</time>
      </trkpt>
      <trkpt lat="51.820911" lon="4.949058">
        <ele>1.529060</ele>
        <time>2026-10-07T00:38:01.063Z</time>
      </trkpt>
      <trkpt lat="51.820867" lon="4.951109">
        <ele>1.748023</ele>
        <time>2026-10-07T00:38:20.796Z</time>
      </trkpt>
      <trkpt lat="51.820951" lon="4.952241">
        <ele>1.855307</ele>
        <time>2026-10-07T00:38:31.374Z</time>
      </trkpt>
      <trkpt lat="51.820945" lon="4.952457">
        <ele>1.875653</ele>
        <time>2026-10-07T00:38:33.444Z</time>
      </trkpt>
      <trkpt lat="51.820864" lon="4.953016">
        <ele>1.929680</ele>
        <time>2026-10-07T00:38:39.081Z</time>
      </trkpt>
      <trkpt lat="51.820688" lon="4.953902">
        <ele>2.008773</ele>
        <time>2026-10-07T00:38:48.195Z</time>
      </trkpt>
      <trkpt lat="51.820489" lon="4.954670">
        <ele>2.077476</ele>
        <time>2026-10-07T00:38:56.087Z</time>
      </trkpt>
      <trkpt lat="51.820368" lon="4.955075">
        <ele>2.114587</ele>
        <time>2026-10-07T00:39:00.414Z</time>
      </trkpt>
      <trkpt lat="51.820285" lon="4.955509">
        <ele>2.152068</ele>
        <time>2026-10-07T00:39:04.715Z</time>
      </trkpt>
      <trkpt lat="51.820221" lon="4.956785">
        <ele>2.199349</ele>
        <time>2026-10-07T00:39:16.333Z</time>
      </trkpt>
      <trkpt lat="51.820207" lon="4.956938">
        <ele>2.201345</ele>
        <time>2026-10-07T00:39:17.685Z</time>
      </trkpt>
      <trkpt lat="51.820158" lon="4.957485">
        <ele>2.208479</ele>
        <time>2026-10-07T00:39:22.869Z</time>
      </trkpt>
      <trkpt lat="51.820089" lon="4.958884">
        <ele>2.227415</ele>
        <time>2026-10-07T00:39:35.902Z</time>
      </trkpt>
      <trkpt lat="51.820055" lon="4.959238">
        <ele>2.239553</ele>
        <time>2026-10-07T00:39:39.184Z</time>
      </trkpt>
      <trkpt lat="51.819751" lon="4.959576">
        <ele>2.259772</ele>
        <time>2026-10-07T00:39:44.752Z</time>
      </trkpt>
      <trkpt lat="51.819528" lon="4.959794">
        <ele>2.274053</ele>
        <time>2026-10-07T00:39:48.725Z</time>
      </trkpt>
      <trkpt lat="51.819001" lon="4.960259">
        <ele>2.306956</ele>
        <time>2026-10-07T00:39:57.668Z</time>
      </trkpt>
      <trkpt lat="51.818734" lon="4.960462">
        <ele>2.323127</ele>
        <time>2026-10-07T00:40:02.043Z</time>
      </trkpt>
      <trkpt lat="51.818683" lon="4.960596">
        <ele>2.327419</ele>
        <time>2026-10-07T00:40:03.482Z</time>
      </trkpt>
      <trkpt lat="51.817964" lon="4.961055">
        <ele>2.358151</ele>
        <time>2026-10-07T00:40:15.214Z</time>
      </trkpt>
      <trkpt lat="51.817356" lon="4.961593">
        <ele>2.385705</ele>
        <time>2026-10-07T00:40:25.498Z</time>
      </trkpt>
      <trkpt lat="51.817161" lon="4.961674">
        <ele>2.393710</ele>
        <time>2026-10-07T00:40:28.543Z</time>
      </trkpt>
      <trkpt lat="51.816783" lon="4.961647">
        <ele>2.300519</ele>
        <time>2026-10-07T00:40:34.313Z</time>
      </trkpt>
      <trkpt lat="51.816460" lon="4.961680">
        <ele>2.202567</ele>
        <time>2026-10-07T00:40:39.126Z</time>
      </trkpt>
      <trkpt lat="51.816379" lon="4.961731">
        <ele>2.176261</ele>
        <time>2026-10-07T00:40:40.386Z</time>
      </trkpt>
      <trkpt lat="51.815975" lon="4.961990">
        <ele>2.044737</ele>
        <time>2026-10-07T00:40:46.289Z</time>
      </trkpt>
      <trkpt lat="51.815750" lon="4.962271">
        <ele>1.958706</ele>
        <time>2026-10-07T00:40:50.015Z</time>
      </trkpt>
      <trkpt lat="51.815642" lon="4.962505">
        <ele>1.904070</ele>
        <time>2026-10-07T00:40:52.354Z</time>
      </trkpt>
      <trkpt lat="51.815563" lon="4.962772">
        <ele>1.848083</ele>
        <time>2026-10-07T00:40:54.705Z</time>
      </trkpt>
      <trkpt lat="51.815522" lon="4.963035">
        <ele>1.787541</ele>
        <time>2026-10-07T00:40:56.843Z</time>
      </trkpt>
      <trkpt lat="51.815520" lon="4.963309">
        <ele>1.726377</ele>
        <time>2026-10-07T00:40:59.036Z</time>
      </trkpt>
      <trkpt lat="51.815568" lon="4.963613">
        <ele>1.656344</ele>
        <time>2026-10-07T00:41:01.621Z</time>
      </trkpt>
      <trkpt lat="51.815748" lon="4.964105">
        <ele>1.528735</ele>
        <time>2026-10-07T00:41:06.423Z</time>
      </trkpt>
      <trkpt lat="51.815805" lon="4.964334">
        <ele>1.473633</ele>
        <time>2026-10-07T00:41:08.481Z</time>
      </trkpt>
      <trkpt lat="51.815817" lon="4.964658">
        <ele>1.401184</ele>
        <time>2026-10-07T00:41:11.192Z</time>
      </trkpt>
      <trkpt lat="51.815756" lon="4.965294">
        <ele>1.257525</ele>
        <time>2026-10-07T00:41:16.817Z</time>
      </trkpt>
      <trkpt lat="51.815713" lon="4.965651">
        <ele>1.196519</ele>
        <time>2026-10-07T00:41:20.017Z</time>
      </trkpt>
      <trkpt lat="51.815592" lon="4.966438">
        <ele>1.155696</ele>
        <time>2026-10-07T00:41:27.392Z</time>
      </trkpt>
      <trkpt lat="51.815416" lon="4.967255">
        <ele>1.112145</ele>
        <time>2026-10-07T00:41:35.041Z</time>
      </trkpt>
      <trkpt lat="51.814993" lon="4.968662">
        <ele>1.092114</ele>
        <time>2026-10-07T00:41:49.334Z</time>
      </trkpt>
      <trkpt lat="51.814673" lon="4.969517">
        <ele>1.172839</ele>
        <time>2026-10-07T00:41:58.715Z</time>
      </trkpt>
      <trkpt lat="51.814670" lon="4.969830">
        <ele>1.198122</ele>
        <time>2026-10-07T00:42:01.735Z</time>
      </trkpt>
      <trkpt lat="51.814707" lon="4.970029">
        <ele>1.214906</ele>
        <time>2026-10-07T00:42:03.822Z</time>
      </trkpt>
      <trkpt lat="51.814721" lon="4.970096">
        <ele>1.220618</ele>
        <time>2026-10-07T00:42:04.448Z</time>
      </trkpt>
      <trkpt lat="51.814912" lon="4.970880">
        <ele>1.288679</ele>
        <time>2026-10-07T00:42:12.746Z</time>
      </trkpt>
      <trkpt lat="51.815072" lon="4.971680">
        <ele>1.332344</ele>
        <time>2026-10-07T00:42:20.694Z</time>
      </trkpt>
      <trkpt lat="51.815425" lon="4.973921">
        <ele>1.408866</ele>
        <time>2026-10-07T00:42:42.373Z</time>
      </trkpt>
      <trkpt lat="51.815435" lon="4.974553">
        <ele>1.320290</ele>
        <time>2026-10-07T00:42:47.832Z</time>
      </trkpt>
      <trkpt lat="51.815354" lon="4.975294">
        <ele>1.214860</ele>
        <time>2026-10-07T00:42:54.286Z</time>
      </trkpt>
      <trkpt lat="51.815367" lon="4.975680">
        <ele>1.160699</ele>
        <time>2026-10-07T00:42:57.592Z</time>
      </trkpt>
      <trkpt lat="51.815620" lon="4.977766">
        <ele>1.001461</ele>
        <time>2026-10-07T00:43:15.794Z</time>
      </trkpt>
      <trkpt lat="51.815828" lon="4.979069">
        <ele>0.967867</ele>
        <time>2026-10-07T00:43:27.852Z</time>
      </trkpt>
      <trkpt lat="51.816002" lon="4.980444">
        <ele>1.056897</ele>
        <time>2026-10-07T00:43:42.588Z</time>
      </trkpt>
      <trkpt lat="51.816057" lon="4.981434">
        <ele>1.150272</ele>
        <time>2026-10-07T00:43:52.430Z</time>
      </trkpt>
      <trkpt lat="51.816033" lon="4.981616">
        <ele>1.167753</ele>
        <time>2026-10-07T00:43:54.203Z</time>
      </trkpt>
      <trkpt lat="51.815629" lon="4.981577">
        <ele>1.229254</ele>
        <time>2026-10-07T00:44:02.331Z</time>
      </trkpt>
      <trkpt lat="51.814160" lon="4.981060">
        <ele>0.602866</ele>
        <time>2026-10-07T00:44:29.553Z</time>
      </trkpt>
      <trkpt lat="51.813680" lon="4.981040">
        <ele>0.490205</ele>
        <time>2026-10-07T00:44:39.023Z</time>
      </trkpt>
      <trkpt lat="51.813248" lon="4.981122">
        <ele>0.544801</ele>
        <time>2026-10-07T00:44:47.999Z</time>
      </trkpt>
      <trkpt lat="51.812849" lon="4.981139">
        <ele>0.594901</ele>
        <time>2026-10-07T00:44:56.507Z</time>
      </trkpt>
      <trkpt lat="51.812330" lon="4.981110">
        <ele>0.660084</ele>
        <time>2026-10-07T00:45:07.827Z</time>
      </trkpt>
      <trkpt lat="51.811361" lon="4.980991">
        <ele>0.641193</ele>
        <time>2026-10-07T00:45:27.869Z</time>
      </trkpt>
      <trkpt lat="51.809537" lon="4.980935">
        <ele>0.289360</ele>
        <time>2026-10-07T00:46:03.159Z</time>
      </trkpt>
      <trkpt lat="51.808330" lon="4.980750">
        <ele>-0.150688</ele>
        <time>2026-10-07T00:46:25.599Z</time>
      </trkpt>
      <trkpt lat="51.808183" lon="4.980665">
        <ele>-0.198454</ele>
        <time>2026-10-07T00:46:28.535Z</time>
      </trkpt>
      <trkpt lat="51.807721" lon="4.980123">
        <ele>-0.373086</ele>
        <time>2026-10-07T00:46:39.553Z</time>
      </trkpt>
      <trkpt lat="51.806892" lon="4.979302">
        <ele>-0.661728</ele>
        <time>2026-10-07T00:46:58.209Z</time>
      </trkpt>
      <trkpt lat="51.806514" lon="4.978850">
        <ele>-0.675708</ele>
        <time>2026-10-07T00:47:07.481Z</time>
      </trkpt>
      <trkpt lat="51.806475" lon="4.978801">
        <ele>-0.677177</ele>
        <time>2026-10-07T00:47:08.442Z</time>
      </trkpt>
      <trkpt lat="51.806243" lon="4.978494">
        <ele>-0.686092</ele>
        <time>2026-10-07T00:47:14.414Z</time>
      </trkpt>
      <trkpt lat="51.805579" lon="4.977608">
        <ele>-0.711692</ele>
        <time>2026-10-07T00:47:31.867Z</time>
      </trkpt>
      <trkpt lat="51.805386" lon="4.977277">
        <ele>-0.688793</ele>
        <time>2026-10-07T00:47:37.928Z</time>
      </trkpt>
      <trkpt lat="51.805330" lon="4.977103">
        <ele>-0.672908</ele>
        <time>2026-10-07T00:47:40.574Z</time>
      </trkpt>
      <trkpt lat="51.805231" lon="4.976331">
        <ele>-0.609060</ele>
        <time>2026-10-07T00:47:51.080Z</time>
      </trkpt>
      <trkpt lat="51.805140" lon="4.975920">
        <ele>-0.573707</ele>
        <time>2026-10-07T00:47:56.830Z</time>
      </trkpt>
      <trkpt lat="51.804991" lon="4.975517">
        <ele>-0.535682</ele>
        <time>2026-10-07T00:48:02.830Z</time>
      </trkpt>
      <trkpt lat="51.804830" lon="4.975190">
        <ele>-0.501832</ele>
        <time>2026-10-07T00:48:07.970Z</time>
      </trkpt>
      <trkpt lat="51.804382" lon="4.974658">
        <ele>-0.578711</ele>
        <time>2026-10-07T00:48:18.708Z</time>
      </trkpt>
      <trkpt lat="51.803555" lon="4.973860">
        <ele>-0.832633</ele>
        <time>2026-10-07T00:48:37.006Z</time>
      </trkpt>
      <trkpt lat="51.802351" lon="4.972868">
        <ele>-0.902127</ele>
        <time>2026-10-07T00:49:03.643Z</time>
      </trkpt>
      <trkpt lat="51.798233" lon="4.969501">
        <ele>-0.628983</ele>
        <time>2026-10-07T00:50:39.026Z</time>
      </trkpt>
      <trkpt lat="51.796201" lon="4.975540">
        <ele>-1.856292</ele>
        <time>2026-10-07T00:51:36.997Z</time>
      </trkpt>
      <trkpt lat="51.795978" lon="4.975943">
        <ele>-1.911808</ele>
        <time>2026-10-07T00:51:43.686Z</time>
      </trkpt>
      <trkpt lat="51.796018" lon="4.975994">
        <ele>-1.920264</ele>
        <time>2026-10-07T00:51:44.703Z</time>
      </trkpt>
      <trkpt lat="51.796071" lon="4.976043">
        <ele>-1.930399</ele>
        <time>2026-10-07T00:51:45.925Z</time>
      </trkpt>
      <trkpt lat="51.796107" lon="4.976070">
        <ele>-1.936986</ele>
        <time>2026-10-07T00:51:46.712Z</time>
      </trkpt>
      <trkpt lat="51.796105" lon="4.976226">
        <ele>-1.953005</ele>
        <time>2026-10-07T00:51:48.638Z</time>
      </trkpt>
      <trkpt lat="51.796161" lon="4.976566">
        <ele>-1.989127</ele>
        <time>2026-10-07T00:51:53.008Z</time>
      </trkpt>
      <trkpt lat="51.796139" lon="4.976625">
        <ele>-1.996200</ele>
        <time>2026-10-07T00:51:53.883Z</time>
      </trkpt>
      <trkpt lat="51.796104" lon="4.976714">
        <ele>-2.007027</ele>
        <time>2026-10-07T00:51:55.219Z</time>
      </trkpt>
      <trkpt lat="51.796069" lon="4.976791">
        <ele>-2.016838</ele>
        <time>2026-10-07T00:51:56.407Z</time>
      </trkpt>
      <trkpt lat="51.795980" lon="4.976713">
        <ele>-2.020280</ele>
        <time>2026-10-07T00:51:58.500Z</time>
      </trkpt>
      <trkpt lat="51.795839" lon="4.976699">
        <ele>-1.993656</ele>
        <time>2026-10-07T00:52:01.410Z</time>
      </trkpt>
      <trkpt lat="51.795794" lon="4.976650">
        <ele>-1.983432</ele>
        <time>2026-10-07T00:52:02.555Z</time>
      </trkpt>
      <trkpt lat="51.795729" lon="4.976506">
        <ele>-1.962652</ele>
        <time>2026-10-07T00:52:04.977Z</time>
      </trkpt>
      <trkpt lat="51.795676" lon="4.976255">
        <ele>-1.931738</ele>
        <time>2026-10-07T00:52:08.711Z</time>
      </trkpt>
      <trkpt lat="51.795602" lon="4.976146">
        <ele>-1.912872</ele>
        <time>2026-10-07T00:52:10.899Z</time>
      </trkpt>
      <trkpt lat="51.794310" lon="4.974488">
        <ele>-1.635524</ele>
        <time>2026-10-07T00:52:45.170Z</time>
      </trkpt>
      <trkpt lat="51.792442" lon="4.972457">
        <ele>-1.505591</ele>
        <time>2026-10-07T00:53:31.648Z</time>
      </trkpt>
      <trkpt lat="51.792292" lon="4.972311">
        <ele>-1.510331</ele>
        <time>2026-10-07T00:53:35.237Z</time>
      </trkpt>
      <trkpt lat="51.787480" lon="4.967767">
        <ele>-2.155309</ele>
        <time>2026-10-07T00:55:24.002Z</time>
      </trkpt>
      <trkpt lat="51.786486" lon="4.966791">
        <ele>-1.881578</ele>
        <time>2026-10-07T00:55:49.486Z</time>
      </trkpt>
      <trkpt lat="51.785219" lon="4.965616">
        <ele>-1.191337</ele>
        <time>2026-10-07T00:56:21.632Z</time>
      </trkpt>
      <trkpt lat="51.783160" lon="4.963985">
        <ele>0.010396</ele>
        <time>2026-10-07T00:57:14.852Z</time>
      </trkpt>
      <trkpt lat="51.782812" lon="4.963679">
        <ele>0.108025</ele>
        <time>2026-10-07T00:57:23.225Z</time>
      </trkpt>
      <trkpt lat="51.781568" lon="4.962711">
        <ele>-0.056565</ele>
        <time>2026-10-07T00:57:49.129Z</time>
      </trkpt>
      <trkpt lat="51.781047" lon="4.962348">
        <ele>-0.292821</ele>
        <time>2026-10-07T00:57:59.566Z</time>
      </trkpt>
      <trkpt lat="51.781032" lon="4.962284">
        <ele>-0.310453</ele>
        <time>2026-10-07T00:58:00.357Z</time>
      </trkpt>
      <trkpt lat="51.781050" lon="4.962207">
        <ele>-0.331659</ele>
        <time>2026-10-07T00:58:01.291Z</time>
      </trkpt>
      <trkpt lat="51.781066" lon="4.962118">
        <ele>-0.355537</ele>
        <time>2026-10-07T00:58:02.373Z</time>
      </trkpt>
      <trkpt lat="51.781097" lon="4.961955">
        <ele>-0.399470</ele>
        <time>2026-10-07T00:58:04.347Z</time>
      </trkpt>
      <trkpt lat="51.779988" lon="4.961452">
        <ele>-0.642235</ele>
        <time>2026-10-07T00:58:26.746Z</time>
      </trkpt>
      <trkpt lat="51.779663" lon="4.961336">
        <ele>-0.696800</ele>
        <time>2026-10-07T00:58:33.419Z</time>
      </trkpt>
      <trkpt lat="51.779258" lon="4.961260">
        <ele>-0.763642</ele>
        <time>2026-10-07T00:58:41.546Z</time>
      </trkpt>
      <trkpt lat="51.778761" lon="4.961260">
        <ele>-0.807763</ele>
        <time>2026-10-07T00:58:51.376Z</time>
      </trkpt>
      <trkpt lat="51.778279" lon="4.961416">
        <ele>-0.839660</ele>
        <time>2026-10-07T00:59:01.085Z</time>
      </trkpt>
      <trkpt lat="51.777392" lon="4.961815">
        <ele>-0.899402</ele>
        <time>2026-10-07T00:59:19.534Z</time>
      </trkpt>
      <trkpt lat="51.777348" lon="4.961839">
        <ele>-0.899414</ele>
        <time>2026-10-07T00:59:20.484Z</time>
      </trkpt>
      <trkpt lat="51.777241" lon="4.961889">
        <ele>-0.897662</ele>
        <time>2026-10-07T00:59:22.704Z</time>
      </trkpt>
      <trkpt lat="51.775501" lon="4.962712">
        <ele>-0.833610</ele>
        <time>2026-10-07T00:59:59.612Z</time>
      </trkpt>
      <trkpt lat="51.775368" lon="4.962714">
        <ele>-0.802519</ele>
        <time>2026-10-07T01:00:02.353Z</time>
      </trkpt>
      <trkpt lat="51.775179" lon="4.962631">
        <ele>-0.756737</ele>
        <time>2026-10-07T01:00:06.414Z</time>
      </trkpt>
      <trkpt lat="51.775114" lon="4.962664">
        <ele>-0.740810</ele>
        <time>2026-10-07T01:00:07.833Z</time>
      </trkpt>
      <trkpt lat="51.775047" lon="4.962698">
        <ele>-0.724395</ele>
        <time>2026-10-07T01:00:09.289Z</time>
      </trkpt>
      <trkpt lat="51.774985" lon="4.962752">
        <ele>-0.707931</ele>
        <time>2026-10-07T01:00:10.765Z</time>
      </trkpt>
      <trkpt lat="51.774909" lon="4.962972">
        <ele>-0.671487</ele>
        <time>2026-10-07T01:00:14.025Z</time>
      </trkpt>
      <trkpt lat="51.774680" lon="4.963153">
        <ele>-0.611897</ele>
        <time>2026-10-07T01:00:19.381Z</time>
      </trkpt>
      <trkpt lat="51.774650" lon="4.963171">
        <ele>-0.604417</ele>
        <time>2026-10-07T01:00:20.063Z</time>
      </trkpt>
      <trkpt lat="51.774518" lon="4.963226">
        <ele>-0.572552</ele>
        <time>2026-10-07T01:00:22.944Z</time>
      </trkpt>
      <trkpt lat="51.774430" lon="4.963349">
        <ele>-0.545355</ele>
        <time>2026-10-07T01:00:25.405Z</time>
      </trkpt>
      <trkpt lat="51.773490" lon="4.963735">
        <ele>0.063451</ele>
        <time>2026-10-07T01:00:41.188Z</time>
      </trkpt>
      <trkpt lat="51.772709" lon="4.964063">
        <ele>0.795580</ele>
        <time>2026-10-07T01:00:57.542Z</time>
      </trkpt>
      <trkpt lat="51.772326" lon="4.964292">
        <ele>1.166093</ele>
        <time>2026-10-07T01:01:05.703Z</time>
      </trkpt>
      <trkpt lat="51.772101" lon="4.964431">
        <ele>1.175783</ele>
        <time>2026-10-07T01:01:10.092Z</time>
      </trkpt>
      <trkpt lat="51.771620" lon="4.964728">
        <ele>1.164655</ele>
        <time>2026-10-07T01:01:18.668Z</time>
      </trkpt>
      <trkpt lat="51.770968" lon="4.965117">
        <ele>1.149633</ele>
        <time>2026-10-07T01:01:28.208Z</time>
      </trkpt>
      <trkpt lat="51.770644" lon="4.965311">
        <ele>1.142166</ele>
        <time>2026-10-07T01:01:32.389Z</time>
      </trkpt>
      <trkpt lat="51.770621" lon="4.965323">
        <ele>1.138393</ele>
        <time>2026-10-07T01:01:32.674Z</time>
      </trkpt>
      <trkpt lat="51.770508" lon="4.965391">
        <ele>1.068512</ele>
        <time>2026-10-07T01:01:34.116Z</time>
      </trkpt>
      <trkpt lat="51.769724" lon="4.966013">
        <ele>0.562348</ele>
        <time>2026-10-07T01:01:45.326Z</time>
      </trkpt>
      <trkpt lat="51.769676" lon="4.966101">
        <ele>0.520278</ele>
        <time>2026-10-07T01:01:46.298Z</time>
      </trkpt>
      <trkpt lat="51.769411" lon="4.966341">
        <ele>0.344225</ele>
        <time>2026-10-07T01:01:50.390Z</time>
      </trkpt>
      <trkpt lat="51.768904" lon="4.966978">
        <ele>0.046064</ele>
        <time>2026-10-07T01:01:59.147Z</time>
      </trkpt>
      <trkpt lat="51.765610" lon="4.971230">
        <ele>-0.832796</ele>
        <time>2026-10-07T01:02:58.343Z</time>
      </trkpt>
      <trkpt lat="51.765090" lon="4.971710">
        <ele>-0.912794</ele>
        <time>2026-10-07T01:03:07.135Z</time>
      </trkpt>
      <trkpt lat="51.764760" lon="4.971930">
        <ele>-0.960481</ele>
        <time>2026-10-07T01:03:12.329Z</time>
      </trkpt>
      <trkpt lat="51.764260" lon="4.972210">
        <ele>-1.026607</ele>
        <time>2026-10-07T01:03:19.982Z</time>
      </trkpt>
      <trkpt lat="51.763980" lon="4.972330">
        <ele>-1.062785</ele>
        <time>2026-10-07T01:03:24.129Z</time>
      </trkpt>
      <trkpt lat="51.763760" lon="4.972390">
        <ele>-1.090649</ele>
        <time>2026-10-07T01:03:27.315Z</time>
      </trkpt>
      <trkpt lat="51.763040" lon="4.972450">
        <ele>-1.180689</ele>
        <time>2026-10-07T01:03:37.513Z</time>
      </trkpt>
      <trkpt lat="51.759948" lon="4.972011">
        <ele>-1.359298</ele>
        <time>2026-10-07T01:04:22.819Z</time>
      </trkpt>
      <trkpt lat="51.757257" lon="4.971560">
        <ele>-1.265954</ele>
        <time>2026-10-07T01:05:03.141Z</time>
      </trkpt>
      <trkpt lat="51.757763" lon="4.963613">
        <ele>-0.642877</ele>
        <time>2026-10-07T01:06:45.864Z</time>
      </trkpt>
      <trkpt lat="51.757776" lon="4.963342">
        <ele>-0.608002</ele>
        <time>2026-10-07T01:06:49.393Z</time>
      </trkpt>
      <trkpt lat="51.757960" lon="4.960578">
        <ele>-0.173144</ele>
        <time>2026-10-07T01:07:26.074Z</time>
      </trkpt>
      <trkpt lat="51.758017" lon="4.959201">
        <ele>0.087164</ele>
        <time>2026-10-07T01:07:44.511Z</time>
      </trkpt>
      <trkpt lat="51.758024" lon="4.957160">
        <ele>0.407448</ele>
        <time>2026-10-07T01:08:11.510Z</time>
      </trkpt>
      <trkpt lat="51.756004" lon="4.957190">
        <ele>0.549070</ele>
        <time>2026-10-07T01:08:41.721Z</time>
      </trkpt>
      <trkpt lat="51.754683" lon="4.957412">
        <ele>0.497416</ele>
        <time>2026-10-07T01:09:01.180Z</time>
      </trkpt>
      <trkpt lat="51.754200" lon="4.957431">
        <ele>0.450622</ele>
        <time>2026-10-07T01:09:08.142Z</time>
      </trkpt>
      <trkpt lat="51.754066" lon="4.957469">
        <ele>0.437444</ele>
        <time>2026-10-07T01:09:10.113Z</time>
      </trkpt>
      <trkpt lat="51.753770" lon="4.957673">
        <ele>0.406275</ele>
        <time>2026-10-07T01:09:14.749Z</time>
      </trkpt>
      <trkpt lat="51.753537" lon="4.957701">
        <ele>0.383646</ele>
        <time>2026-10-07T01:09:18.093Z</time>
      </trkpt>
      <trkpt lat="51.753439" lon="4.957686">
        <ele>0.374111</ele>
        <time>2026-10-07T01:09:19.505Z</time>
      </trkpt>
      <trkpt lat="51.753256" lon="4.957519">
        <ele>0.353754</ele>
        <time>2026-10-07T01:09:22.503Z</time>
      </trkpt>
      <trkpt lat="51.753059" lon="4.957048">
        <ele>0.335571</ele>
        <time>2026-10-07T01:09:27.515Z</time>
      </trkpt>
      <trkpt lat="51.752856" lon="4.956940">
        <ele>0.343358</ele>
        <time>2026-10-07T01:09:30.612Z</time>
      </trkpt>
      <trkpt lat="51.751998" lon="4.956694">
        <ele>0.375110</ele>
        <time>2026-10-07T01:09:43.781Z</time>
      </trkpt>
      <trkpt lat="51.751335" lon="4.956588">
        <ele>0.400987</ele>
        <time>2026-10-07T01:09:54.074Z</time>
      </trkpt>
      <trkpt lat="51.751162" lon="4.956516">
        <ele>0.411467</ele>
        <time>2026-10-07T01:09:56.843Z</time>
      </trkpt>
      <trkpt lat="51.751025" lon="4.956500">
        <ele>0.419524</ele>
        <time>2026-10-07T01:09:58.973Z</time>
      </trkpt>
      <trkpt lat="51.749531" lon="4.955743">
        <ele>0.512411</ele>
        <time>2026-10-07T01:10:22.326Z</time>
      </trkpt>
      <trkpt lat="51.749437" lon="4.955694">
        <ele>0.518865</ele>
        <time>2026-10-07T01:10:23.761Z</time>
      </trkpt>
      <trkpt lat="51.749107" lon="4.955524">
        <ele>0.541497</ele>
        <time>2026-10-07T01:10:28.905Z</time>
      </trkpt>
      <trkpt lat="51.748064" lon="4.954994">
        <ele>0.612938</ele>
        <time>2026-10-07T01:10:45.516Z</time>
      </trkpt>
      <trkpt lat="51.746618" lon="4.954029">
        <ele>0.756777</ele>
        <time>2026-10-07T01:11:09.526Z</time>
      </trkpt>
      <trkpt lat="51.746179" lon="4.953666">
        <ele>0.769499</ele>
        <time>2026-10-07T01:11:16.933Z</time>
      </trkpt>
      <trkpt lat="51.746041" lon="4.953593">
        <ele>0.751515</ele>
        <time>2026-10-07T01:11:19.101Z</time>
      </trkpt>
      <trkpt lat="51.745589" lon="4.953154">
        <ele>0.686195</ele>
        <time>2026-10-07T01:11:26.794Z</time>
      </trkpt>
      <trkpt lat="51.745065" lon="4.952750">
        <ele>0.614285</ele>
        <time>2026-10-07T01:11:34.930Z</time>
      </trkpt>
      <trkpt lat="51.744806" lon="4.952605">
        <ele>0.580336</ele>
        <time>2026-10-07T01:11:38.712Z</time>
      </trkpt>
      <trkpt lat="51.744470" lon="4.952351">
        <ele>0.495837</ele>
        <time>2026-10-07T01:11:43.823Z</time>
      </trkpt>
      <trkpt lat="51.743560" lon="4.951859">
        <ele>0.231281</ele>
        <time>2026-10-07T01:11:57.226Z</time>
      </trkpt>
      <trkpt lat="51.742679" lon="4.951656">
        <ele>0.025266</ele>
        <time>2026-10-07T01:12:09.466Z</time>
      </trkpt>
      <trkpt lat="51.741842" lon="4.951385">
        <ele>-0.099956</ele>
        <time>2026-10-07T01:12:21.432Z</time>
      </trkpt>
      <trkpt lat="51.741544" lon="4.951205">
        <ele>-0.146627</ele>
        <time>2026-10-07T01:12:25.977Z</time>
      </trkpt>
      <trkpt lat="51.740029" lon="4.950456">
        <ele>-0.025640</ele>
        <time>2026-10-07T01:12:50.589Z</time>
      </trkpt>
      <trkpt lat="51.737975" lon="4.949316">
        <ele>0.234804</ele>
        <time>2026-10-07T01:13:23.785Z</time>
      </trkpt>
      <trkpt lat="51.737112" lon="4.948741">
        <ele>0.422486</ele>
        <time>2026-10-07T01:13:38.243Z</time>
      </trkpt>
      <trkpt lat="51.736799" lon="4.948471">
        <ele>0.500241</ele>
        <time>2026-10-07T01:13:43.818Z</time>
      </trkpt>
      <trkpt lat="51.736417" lon="4.948275">
        <ele>0.588066</ele>
        <time>2026-10-07T01:13:50.217Z</time>
      </trkpt>
      <trkpt lat="51.736303" lon="4.948348">
        <ele>0.614937</ele>
        <time>2026-10-07T01:13:52.211Z</time>
      </trkpt>
      <trkpt lat="51.735105" lon="4.948686">
        <ele>0.740383</ele>
        <time>2026-10-07T01:14:11.296Z</time>
      </trkpt>
      <trkpt lat="51.734577" lon="4.948945">
        <ele>0.788321</ele>
        <time>2026-10-07T01:14:19.271Z</time>
      </trkpt>
      <trkpt lat="51.734381" lon="4.949106">
        <ele>0.807501</ele>
        <time>2026-10-07T01:14:22.391Z</time>
      </trkpt>
      <trkpt lat="51.734217" lon="4.949302">
        <ele>0.825623</ele>
        <time>2026-10-07T01:14:25.289Z</time>
      </trkpt>
      <trkpt lat="51.733763" lon="4.950024">
        <ele>0.882219</ele>
        <time>2026-10-07T01:14:34.461Z</time>
      </trkpt>
      <trkpt lat="51.733441" lon="4.950741">
        <ele>0.930936</ele>
        <time>2026-10-07T01:14:42.978Z</time>
      </trkpt>
      <trkpt lat="51.733337" lon="4.951114">
        <ele>0.953437</ele>
        <time>2026-10-07T01:14:47.167Z</time>
      </trkpt>
      <trkpt lat="51.733197" lon="4.951776">
        <ele>0.941281</ele>
        <time>2026-10-07T01:14:54.458Z</time>
      </trkpt>
      <trkpt lat="51.732905" lon="4.952863">
        <ele>0.889331</ele>
        <time>2026-10-07T01:15:05.903Z</time>
      </trkpt>
      <trkpt lat="51.731271" lon="4.951118">
        <ele>-0.008414</ele>
        <time>2026-10-07T01:15:31.520Z</time>
      </trkpt>
      <trkpt lat="51.730948" lon="4.950727">
        <ele>-0.289933</ele>
        <time>2026-10-07T01:15:36.430Z</time>
      </trkpt>
      <trkpt lat="51.730761" lon="4.950630">
        <ele>-0.420269</ele>
        <time>2026-10-07T01:15:38.823Z</time>
      </trkpt>
      <trkpt lat="51.730753" lon="4.950464">
        <ele>-0.439337</ele>
        <time>2026-10-07T01:15:40.628Z</time>
      </trkpt>
      <trkpt lat="51.730681" lon="4.950249">
        <ele>-0.467328</ele>
        <time>2026-10-07T01:15:43.333Z</time>
      </trkpt>
      <trkpt lat="51.730521" lon="4.950249">
        <ele>-0.496912</ele>
        <time>2026-10-07T01:15:46.251Z</time>
      </trkpt>
      <trkpt lat="51.730449" lon="4.950242">
        <ele>-0.510250</ele>
        <time>2026-10-07T01:15:47.580Z</time>
      </trkpt>
      <trkpt lat="51.730242" lon="4.950185">
        <ele>-0.549077</ele>
        <time>2026-10-07T01:15:51.488Z</time>
      </trkpt>
      <trkpt lat="51.730101" lon="4.950090">
        <ele>-0.577328</ele>
        <time>2026-10-07T01:15:53.530Z</time>
      </trkpt>
      <trkpt lat="51.729878" lon="4.950098">
        <ele>-0.618571</ele>
        <time>2026-10-07T01:15:56.548Z</time>
      </trkpt>
      <trkpt lat="51.727998" lon="4.950307">
        <ele>-0.308036</ele>
        <time>2026-10-07T01:16:28.024Z</time>
      </trkpt>
      <trkpt lat="51.727114" lon="4.944448">
        <ele>0.312338</ele>
        <time>2026-10-07T01:17:46.753Z</time>
      </trkpt>
      <trkpt lat="51.726988" lon="4.943609">
        <ele>0.295809</ele>
        <time>2026-10-07T01:17:56.686Z</time>
      </trkpt>
      <trkpt lat="51.726868" lon="4.942606">
        <ele>0.102567</ele>
        <time>2026-10-07T01:18:08.256Z</time>
      </trkpt>
      <trkpt lat="51.726720" lon="4.940810">
        <ele>-0.239740</ele>
        <time>2026-10-07T01:18:29.846Z</time>
      </trkpt>
      <trkpt lat="51.726340" lon="4.934640">
        <ele>-0.350814</ele>
        <time>2026-10-07T01:19:47.638Z</time>
      </trkpt>
      <trkpt lat="51.726219" lon="4.933754">
        <ele>-0.419016</ele>
        <time>2026-10-07T01:19:58.709Z</time>
      </trkpt>
      <trkpt lat="51.726047" lon="4.932621">
        <ele>-0.506708</ele>
        <time>2026-10-07T01:20:12.820Z</time>
      </trkpt>
      <trkpt lat="51.725312" lon="4.928296">
        <ele>-0.841545</ele>
        <time>2026-10-07T01:21:07.496Z</time>
      </trkpt>
      <trkpt lat="51.724077" lon="4.921030">
        <ele>-0.966241</ele>
        <time>2026-10-07T01:22:41.276Z</time>
      </trkpt>
      <trkpt lat="51.723961" lon="4.920466">
        <ele>-0.813170</ele>
        <time>2026-10-07T01:22:49.411Z</time>
      </trkpt>
      <trkpt lat="51.723756" lon="4.919592">
        <ele>-0.560717</ele>
        <time>2026-10-07T01:23:02.400Z</time>
      </trkpt>
      <trkpt lat="51.723698" lon="4.919396">
        <ele>-0.502040</ele>
        <time>2026-10-07T01:23:05.447Z</time>
      </trkpt>
      <trkpt lat="51.723640" lon="4.919050">
        <ele>-0.405213</ele>
        <time>2026-10-07T01:23:10.496Z</time>
      </trkpt>
      <trkpt lat="51.722429" lon="4.911784">
        <ele>0.852043</ele>
        <time>2026-10-07T01:24:50.286Z</time>
      </trkpt>
      <trkpt lat="51.722419" lon="4.911628">
        <ele>0.854741</ele>
        <time>2026-10-07T01:24:52.205Z</time>
      </trkpt>
      <trkpt lat="51.722462" lon="4.911364">
        <ele>0.859439</ele>
        <time>2026-10-07T01:24:55.555Z</time>
      </trkpt>
      <trkpt lat="51.722630" lon="4.910430">
        <ele>0.876175</ele>
        <time>2026-10-07T01:25:07.413Z</time>
      </trkpt>
      <trkpt lat="51.722662" lon="4.910185">
        <ele>0.880484</ele>
        <time>2026-10-07T01:25:10.455Z</time>
      </trkpt>
      <trkpt lat="51.723014" lon="4.908058">
        <ele>0.913800</ele>
        <time>2026-10-07T01:25:37.451Z</time>
      </trkpt>
      <trkpt lat="51.724526" lon="4.899035">
        <ele>1.698537</ele>
        <time>2026-10-07T01:27:39.131Z</time>
      </trkpt>
      <trkpt lat="51.724578" lon="4.898816">
        <ele>1.707052</ele>
        <time>2026-10-07T01:27:41.883Z</time>
      </trkpt>
      <trkpt lat="51.725042" lon="4.899277">
        <ele>1.470032</ele>
        <time>2026-10-07T01:27:52.085Z</time>
      </trkpt>
      <trkpt lat="51.725164" lon="4.899319">
        <ele>1.398419</ele>
        <time>2026-10-07T01:27:54.360Z</time>
      </trkpt>
      <trkpt lat="51.725302" lon="4.899248">
        <ele>1.315270</ele>
        <time>2026-10-07T01:27:56.967Z</time>
      </trkpt>
      <trkpt lat="51.725395" lon="4.899135">
        <ele>1.248448</ele>
        <time>2026-10-07T01:27:59.042Z</time>
      </trkpt>
      <trkpt lat="51.725478" lon="4.899001">
        <ele>1.181060</ele>
        <time>2026-10-07T01:28:01.154Z</time>
      </trkpt>
      <trkpt lat="51.725539" lon="4.898730">
        <ele>1.078526</ele>
        <time>2026-10-07T01:28:04.296Z</time>
      </trkpt>
      <trkpt lat="51.725578" lon="4.898666">
        <ele>1.046600</ele>
        <time>2026-10-07T01:28:05.281Z</time>
      </trkpt>
      <trkpt lat="51.725618" lon="4.898562">
        <ele>1.003068</ele>
        <time>2026-10-07T01:28:06.609Z</time>
      </trkpt>
      <trkpt lat="51.725712" lon="4.898496">
        <ele>0.944222</ele>
        <time>2026-10-07T01:28:07.884Z</time>
      </trkpt>
      <trkpt lat="51.725791" lon="4.898457">
        <ele>0.896796</ele>
        <time>2026-10-07T01:28:08.884Z</time>
      </trkpt>
      <trkpt lat="51.728458" lon="4.897392">
        <ele>0.165329</ele>
        <time>2026-10-07T01:28:45.560Z</time>
      </trkpt>
      <trkpt lat="51.728602" lon="4.897373">
        <ele>0.239332</ele>
        <time>2026-10-07T01:28:48.784Z</time>
      </trkpt>
      <trkpt lat="51.728941" lon="4.897314">
        <ele>0.413973</ele>
        <time>2026-10-07T01:28:56.719Z</time>
      </trkpt>
      <trkpt lat="51.729347" lon="4.897146">
        <ele>0.628647</ele>
        <time>2026-10-07T01:29:07.042Z</time>
      </trkpt>
      <trkpt lat="51.729735" lon="4.897051">
        <ele>0.840320</ele>
        <time>2026-10-07T01:29:17.164Z</time>
      </trkpt>
      <trkpt lat="51.729791" lon="4.896961">
        <ele>0.892490</ele>
        <time>2026-10-07T01:29:19.158Z</time>
      </trkpt>
      <trkpt lat="51.729734" lon="4.896791">
        <ele>0.971542</ele>
        <time>2026-10-07T01:29:22.198Z</time>
      </trkpt>
      <trkpt lat="51.729656" lon="4.896661">
        <ele>1.045559</ele>
        <time>2026-10-07T01:29:25.020Z</time>
      </trkpt>
      <trkpt lat="51.729609" lon="4.896503">
        <ele>1.117237</ele>
        <time>2026-10-07T01:29:27.696Z</time>
      </trkpt>
      <trkpt lat="51.729317" lon="4.895907">
        <ele>1.427999</ele>
        <time>2026-10-07T01:29:38.628Z</time>
      </trkpt>
      <trkpt lat="51.729183" lon="4.895488">
        <ele>1.620840</ele>
        <time>2026-10-07T01:29:44.958Z</time>
      </trkpt>
      <trkpt lat="51.729047" lon="4.894920">
        <ele>1.869873</ele>
        <time>2026-10-07T01:29:52.958Z</time>
      </trkpt>
      <trkpt lat="51.728943" lon="4.894210">
        <ele>2.046765</ele>
        <time>2026-10-07T01:30:02.376Z</time>
      </trkpt>
      <trkpt lat="51.727599" lon="4.894609">
        <ele>2.365869</ele>
        <time>2026-10-07T01:30:31.136Z</time>
      </trkpt>
      <trkpt lat="51.727301" lon="4.894710">
        <ele>2.451037</ele>
        <time>2026-10-07T01:30:37.805Z</time>
      </trkpt>
      <trkpt lat="51.727161" lon="4.894732">
        <ele>2.496483</ele>
        <time>2026-10-07T01:30:40.116Z</time>
      </trkpt>
      <trkpt lat="51.726426" lon="4.894029">
        <ele>2.772493</ele>
        <time>2026-10-07T01:30:53.871Z</time>
      </trkpt>
      <trkpt lat="51.725148" lon="4.893042">
        <ele>3.209257</ele>
        <time>2026-10-07T01:31:16.748Z</time>
      </trkpt>
      <trkpt lat="51.723894" lon="4.892197">
        <ele>3.580297</ele>
        <time>2026-10-07T01:31:38.447Z</time>
      </trkpt>
      <trkpt lat="51.723212" lon="4.891806">
        <ele>3.726465</ele>
        <time>2026-10-07T01:31:50.426Z</time>
      </trkpt>
      <trkpt lat="51.722446" lon="4.891423">
        <ele>3.866459</ele>
        <time>2026-10-07T01:32:02.548Z</time>
      </trkpt>
      <trkpt lat="51.720943" lon="4.890869">
        <ele>3.586617</ele>
        <time>2026-10-07T01:32:23.035Z</time>
      </trkpt>
      <trkpt lat="51.718346" lon="4.889864">
        <ele>4.428878</ele>
        <time>2026-10-07T01:33:23.337Z</time>
      </trkpt>
      <trkpt lat="51.716422" lon="4.889034">
        <ele>3.904119</ele>
        <time>2026-10-07T01:33:50.588Z</time>
      </trkpt>
      <trkpt lat="51.715660" lon="4.888117">
        <ele>3.288726</ele>
        <time>2026-10-07T01:34:02.307Z</time>
      </trkpt>
      <trkpt lat="51.715629" lon="4.888047">
        <ele>3.241270</ele>
        <time>2026-10-07T01:34:02.964Z</time>
      </trkpt>
      <trkpt lat="51.715598" lon="4.887967">
        <ele>3.189228</ele>
        <time>2026-10-07T01:34:03.683Z</time>
      </trkpt>
      <trkpt lat="51.715314" lon="4.887636">
        <ele>2.877388</ele>
        <time>2026-10-07T01:34:07.952Z</time>
      </trkpt>
      <trkpt lat="51.715162" lon="4.887354">
        <ele>2.671233</ele>
        <time>2026-10-07T01:34:12.071Z</time>
      </trkpt>
      <trkpt lat="51.714921" lon="4.887070">
        <ele>2.405598</ele>
        <time>2026-10-07T01:34:17.585Z</time>
      </trkpt>
      <trkpt lat="51.714501" lon="4.886439">
        <ele>1.894803</ele>
        <time>2026-10-07T01:34:27.651Z</time>
      </trkpt>
      <trkpt lat="51.714088" lon="4.886010">
        <ele>1.601649</ele>
        <time>2026-10-07T01:34:35.986Z</time>
      </trkpt>
      <trkpt lat="51.713840" lon="4.885705">
        <ele>1.487223</ele>
        <time>2026-10-07T01:34:41.489Z</time>
      </trkpt>
      <trkpt lat="51.713439" lon="4.885235">
        <ele>1.305346</ele>
        <time>2026-10-07T01:34:50.891Z</time>
      </trkpt>
      <trkpt lat="51.712881" lon="4.884597">
        <ele>1.054382</ele>
        <time>2026-10-07T01:35:05.010Z</time>
      </trkpt>
      <trkpt lat="51.712070" lon="4.883487">
        <ele>1.126614</ele>
        <time>2026-10-07T01:35:27.714Z</time>
      </trkpt>
      <trkpt lat="51.712008" lon="4.883407">
        <ele>1.133080</ele>
        <time>2026-10-07T01:35:29.235Z</time>
      </trkpt>
      <trkpt lat="51.711931" lon="4.883321">
        <ele>1.140709</ele>
        <time>2026-10-07T01:35:31.098Z</time>
      </trkpt>
      <trkpt lat="51.711870" lon="4.883258">
        <ele>1.146608</ele>
        <time>2026-10-07T01:35:32.463Z</time>
      </trkpt>
      <trkpt lat="51.711576" lon="4.883031">
        <ele>1.173158</ele>
        <time>2026-10-07T01:35:38.761Z</time>
      </trkpt>
      <trkpt lat="51.711436" lon="4.882865">
        <ele>1.187309</ele>
        <time>2026-10-07T01:35:42.125Z</time>
      </trkpt>
      <trkpt lat="51.708964" lon="4.879918">
        <ele>1.643909</ele>
        <time>2026-10-07T01:36:46.811Z</time>
      </trkpt>
      <trkpt lat="51.707595" lon="4.878112">
        <ele>1.640384</ele>
        <time>2026-10-07T01:37:22.847Z</time>
      </trkpt>
      <trkpt lat="51.707543" lon="4.877985">
        <ele>1.633769</ele>
        <time>2026-10-07T01:37:24.632Z</time>
      </trkpt>
      <trkpt lat="51.707450" lon="4.877862">
        <ele>1.625335</ele>
        <time>2026-10-07T01:37:26.910Z</time>
      </trkpt>
      <trkpt lat="51.707371" lon="4.877763">
        <ele>1.618320</ele>
        <time>2026-10-07T01:37:28.822Z</time>
      </trkpt>
      <trkpt lat="51.707209" lon="4.877612">
        <ele>1.605199</ele>
        <time>2026-10-07T01:37:32.361Z</time>
      </trkpt>
      <trkpt lat="51.707026" lon="4.877500">
        <ele>1.577179</ele>
        <time>2026-10-07T01:37:36.087Z</time>
      </trkpt>
      <trkpt lat="51.706869" lon="4.877353">
        <ele>1.542956</ele>
        <time>2026-10-07T01:37:39.526Z</time>
      </trkpt>
      <trkpt lat="51.706577" lon="4.876991">
        <ele>1.473531</ele>
        <time>2026-10-07T01:37:46.503Z</time>
      </trkpt>
      <trkpt lat="51.706022" lon="4.876398">
        <ele>1.348031</ele>
        <time>2026-10-07T01:37:59.347Z</time>
      </trkpt>
      <trkpt lat="51.704177" lon="4.874189">
        <ele>1.422016</ele>
        <time>2026-10-07T01:38:46.685Z</time>
      </trkpt>
      <trkpt lat="51.703791" lon="4.873582">
        <ele>1.496418</ele>
        <time>2026-10-07T01:38:58.096Z</time>
      </trkpt>
      <trkpt lat="51.703472" lon="4.872835">
        <ele>1.574025</ele>
        <time>2026-10-07T01:39:09.754Z</time>
      </trkpt>
      <trkpt lat="51.703371" lon="4.872584">
        <ele>1.599627</ele>
        <time>2026-10-07T01:39:13.610Z</time>
      </trkpt>
      <trkpt lat="51.703321" lon="4.872478">
        <ele>1.611023</ele>
        <time>2026-10-07T01:39:15.327Z</time>
      </trkpt>
      <trkpt lat="51.703278" lon="4.872388">
        <ele>1.620745</ele>
        <time>2026-10-07T01:39:16.804Z</time>
      </trkpt>
      <trkpt lat="51.703204" lon="4.872248">
        <ele>1.636486</ele>
        <time>2026-10-07T01:39:19.180Z</time>
      </trkpt>
      <trkpt lat="51.702915" lon="4.871719">
        <ele>1.689980</ele>
        <time>2026-10-07T01:39:25.834Z</time>
      </trkpt>
      <trkpt lat="51.702737" lon="4.871252">
        <ele>1.726708</ele>
        <time>2026-10-07T01:39:30.755Z</time>
      </trkpt>
      <trkpt lat="51.702423" lon="4.870615">
        <ele>1.781233</ele>
        <time>2026-10-07T01:39:38.024Z</time>
      </trkpt>
      <trkpt lat="51.701904" lon="4.869547">
        <ele>1.919943</ele>
        <time>2026-10-07T01:39:51.287Z</time>
      </trkpt>
      <trkpt lat="51.701841" lon="4.869458">
        <ele>1.963820</ele>
        <time>2026-10-07T01:39:52.697Z</time>
      </trkpt>
      <trkpt lat="51.701654" lon="4.869312">
        <ele>2.072676</ele>
        <time>2026-10-07T01:39:56.224Z</time>
      </trkpt>
      <trkpt lat="51.701377" lon="4.869207">
        <ele>2.221775</ele>
        <time>2026-10-07T01:40:01.168Z</time>
      </trkpt>
      <trkpt lat="51.701150" lon="4.869204">
        <ele>2.340727</ele>
        <time>2026-10-07T01:40:05.309Z</time>
      </trkpt>
      <trkpt lat="51.700971" lon="4.869278">
        <ele>2.437552</ele>
        <time>2026-10-07T01:40:08.746Z</time>
      </trkpt>
      <trkpt lat="51.700862" lon="4.869331">
        <ele>2.497205</ele>
        <time>2026-10-07T01:40:10.866Z</time>
      </trkpt>
      <trkpt lat="51.700245" lon="4.869698">
        <ele>2.794429</ele>
        <time>2026-10-07T01:40:21.864Z</time>
      </trkpt>
      <trkpt lat="51.700168" lon="4.869727">
        <ele>2.786274</ele>
        <time>2026-10-07T01:40:22.998Z</time>
      </trkpt>
      <trkpt lat="51.700091" lon="4.869693">
        <ele>2.778041</ele>
        <time>2026-10-07T01:40:24.146Z</time>
      </trkpt>
      <trkpt lat="51.700044" lon="4.869630">
        <ele>2.771739</ele>
        <time>2026-10-07T01:40:25.014Z</time>
      </trkpt>
      <trkpt lat="51.699965" lon="4.869452">
        <ele>2.757744</ele>
        <time>2026-10-07T01:40:26.920Z</time>
      </trkpt>
      <trkpt lat="51.699884" lon="4.869037">
        <ele>2.729932</ele>
        <time>2026-10-07T01:40:30.582Z</time>
      </trkpt>
      <trkpt lat="51.699835" lon="4.868389">
        <ele>2.688202</ele>
        <time>2026-10-07T01:40:36.039Z</time>
      </trkpt>
      <trkpt lat="51.699823" lon="4.868153">
        <ele>2.673066</ele>
        <time>2026-10-07T01:40:38.022Z</time>
      </trkpt>
      <trkpt lat="51.699729" lon="4.866228">
        <ele>2.769581</ele>
        <time>2026-10-07T01:40:55.824Z</time>
      </trkpt>
      <trkpt lat="51.699653" lon="4.864955">
        <ele>2.955899</ele>
        <time>2026-10-07T01:41:09.482Z</time>
      </trkpt>
      <trkpt lat="51.699704" lon="4.864945">
        <ele>2.967976</ele>
        <time>2026-10-07T01:41:10.534Z</time>
      </trkpt>
      <trkpt lat="51.699673" lon="4.864551">
        <ele>3.025837</ele>
        <time>2026-10-07T01:41:15.670Z</time>
      </trkpt>
      <trkpt lat="51.699651" lon="4.864314">
        <ele>3.026392</ele>
        <time>2026-10-07T01:41:18.668Z</time>
      </trkpt>
      <trkpt lat="51.699678" lon="4.864201">
        <ele>3.015508</ele>
        <time>2026-10-07T01:41:20.152Z</time>
      </trkpt>
      <trkpt lat="51.699657" lon="4.863986">
        <ele>2.995947</ele>
        <time>2026-10-07T01:41:22.113Z</time>
      </trkpt>
      <trkpt lat="51.699615" lon="4.863683">
        <ele>2.968043</ele>
        <time>2026-10-07T01:41:24.906Z</time>
      </trkpt>
      <trkpt lat="51.699571" lon="4.863531">
        <ele>2.952966</ele>
        <time>2026-10-07T01:41:26.469Z</time>
      </trkpt>
      <trkpt lat="51.699359" lon="4.862152">
        <ele>2.825277</ele>
        <time>2026-10-07T01:41:38.593Z</time>
      </trkpt>
      <trkpt lat="51.699314" lon="4.861854">
        <ele>2.797711</ele>
        <time>2026-10-07T01:41:41.195Z</time>
      </trkpt>
      <trkpt lat="51.699272" lon="4.861550">
        <ele>2.774082</ele>
        <time>2026-10-07T01:41:43.981Z</time>
      </trkpt>
      <trkpt lat="51.699189" lon="4.861027">
        <ele>2.749160</ele>
        <time>2026-10-07T01:41:48.850Z</time>
      </trkpt>
      <trkpt lat="51.699120" lon="4.860431">
        <ele>2.721172</ele>
        <time>2026-10-07T01:41:54.273Z</time>
      </trkpt>
      <trkpt lat="51.699050" lon="4.859735">
        <ele>2.688623</ele>
        <time>2026-10-07T01:42:00.618Z</time>
      </trkpt>
      <trkpt lat="51.698958" lon="4.859085">
        <ele>2.657845</ele>
        <time>2026-10-07T01:42:06.720Z</time>
      </trkpt>
      <trkpt lat="51.698914" lon="4.858867">
        <ele>2.647262</ele>
        <time>2026-10-07T01:42:08.876Z</time>
      </trkpt>
      <trkpt lat="51.698785" lon="4.858125">
        <ele>2.649392</ele>
        <time>2026-10-07T01:42:16.119Z</time>
      </trkpt>
      <trkpt lat="51.698671" lon="4.857858">
        <ele>2.651505</ele>
        <time>2026-10-07T01:42:19.008Z</time>
      </trkpt>
      <trkpt lat="51.698609" lon="4.857738">
        <ele>2.652524</ele>
        <time>2026-10-07T01:42:20.409Z</time>
      </trkpt>
      <trkpt lat="51.698533" lon="4.857624">
        <ele>2.653615</ele>
        <time>2026-10-07T01:42:21.952Z</time>
      </trkpt>
      <trkpt lat="51.698323" lon="4.857339">
        <ele>2.656502</ele>
        <time>2026-10-07T01:42:26.067Z</time>
      </trkpt>
      <trkpt lat="51.698061" lon="4.856973">
        <ele>2.660147</ele>
        <time>2026-10-07T01:42:31.321Z</time>
      </trkpt>
      <trkpt lat="51.697812" lon="4.856550">
        <ele>2.656864</ele>
        <time>2026-10-07T01:42:36.648Z</time>
      </trkpt>
      <trkpt lat="51.697424" lon="4.855732">
        <ele>2.507844</ele>
        <time>2026-10-07T01:42:45.822Z</time>
      </trkpt>
      <trkpt lat="51.697560" lon="4.855372">
        <ele>2.446849</ele>
        <time>2026-10-07T01:42:49.449Z</time>
      </trkpt>
      <trkpt lat="51.697715" lon="4.854815">
        <ele>2.358517</ele>
        <time>2026-10-07T01:42:54.736Z</time>
      </trkpt>
      <trkpt lat="51.697731" lon="4.854690">
        <ele>2.340051</ele>
        <time>2026-10-07T01:42:55.817Z</time>
      </trkpt>
      <trkpt lat="51.697745" lon="4.854389">
        <ele>2.296382</ele>
        <time>2026-10-07T01:42:58.473Z</time>
      </trkpt>
      <trkpt lat="51.697729" lon="4.854215">
        <ele>2.270934</ele>
        <time>2026-10-07T01:42:59.957Z</time>
      </trkpt>
      <trkpt lat="51.697724" lon="4.853763">
        <ele>2.175336</ele>
        <time>2026-10-07T01:43:03.797Z</time>
      </trkpt>
      <trkpt lat="51.697720" lon="4.853213">
        <ele>2.032996</ele>
        <time>2026-10-07T01:43:08.195Z</time>
      </trkpt>
      <trkpt lat="51.697667" lon="4.852721">
        <ele>1.903767</ele>
        <time>2026-10-07T01:43:12.262Z</time>
      </trkpt>
      <trkpt lat="51.697593" lon="4.852279">
        <ele>1.785286</ele>
        <time>2026-10-07T01:43:15.995Z</time>
      </trkpt>
      <trkpt lat="51.697510" lon="4.851987">
        <ele>1.702154</ele>
        <time>2026-10-07T01:43:18.632Z</time>
      </trkpt>
      <trkpt lat="51.697456" lon="4.851712">
        <ele>1.627502</ele>
        <time>2026-10-07T01:43:21.022Z</time>
      </trkpt>
      <trkpt lat="51.697019" lon="4.847196">
        <ele>1.126544</ele>
        <time>2026-10-07T01:44:01.468Z</time>
      </trkpt>
      <trkpt lat="51.696834" lon="4.845274">
        <ele>1.034079</ele>
        <time>2026-10-07T01:44:18.767Z</time>
      </trkpt>
      <trkpt lat="51.696841" lon="4.845142">
        <ele>1.048824</ele>
        <time>2026-10-07T01:44:19.938Z</time>
      </trkpt>
      <trkpt lat="51.696815" lon="4.844840">
        <ele>1.082757</ele>
        <time>2026-10-07T01:44:22.670Z</time>
      </trkpt>
      <trkpt lat="51.696809" lon="4.844611">
        <ele>1.108265</ele>
        <time>2026-10-07T01:44:24.883Z</time>
      </trkpt>
      <trkpt lat="51.696795" lon="4.844391">
        <ele>1.132879</ele>
        <time>2026-10-07T01:44:27.844Z</time>
      </trkpt>
      <trkpt lat="51.696789" lon="4.844280">
        <ele>1.145279</ele>
        <time>2026-10-07T01:44:29.306Z</time>
      </trkpt>
      <trkpt lat="51.696773" lon="4.844081">
        <ele>1.167612</ele>
        <time>2026-10-07T01:44:31.962Z</time>
      </trkpt>
      <trkpt lat="51.696711" lon="4.843357">
        <ele>1.248953</ele>
        <time>2026-10-07T01:44:39.352Z</time>
      </trkpt>
      <trkpt lat="51.696653" lon="4.842714">
        <ele>1.321268</ele>
        <time>2026-10-07T01:44:45.914Z</time>
      </trkpt>
      <trkpt lat="51.695331" lon="4.831435">
        <ele>1.709554</ele>
        <time>2026-10-07T01:46:33.146Z</time>
      </trkpt>
      <trkpt lat="51.695220" lon="4.830319">
        <ele>1.595118</ele>
        <time>2026-10-07T01:46:42.941Z</time>
      </trkpt>
      <trkpt lat="51.695196" lon="4.830068">
        <ele>1.561747</ele>
        <time>2026-10-07T01:46:45.139Z</time>
      </trkpt>
      <trkpt lat="51.695073" lon="4.828831">
        <ele>1.397129</ele>
        <time>2026-10-07T01:46:55.919Z</time>
      </trkpt>
      <trkpt lat="51.695065" lon="4.828749">
        <ele>1.386222</ele>
        <time>2026-10-07T01:46:56.661Z</time>
      </trkpt>
      <trkpt lat="51.694797" lon="4.826199">
        <ele>1.018135</ele>
        <time>2026-10-07T01:47:19.163Z</time>
      </trkpt>
      <trkpt lat="51.694542" lon="4.824661">
        <ele>0.801275</ele>
        <time>2026-10-07T01:47:32.947Z</time>
      </trkpt>
      <trkpt lat="51.694361" lon="4.823743">
        <ele>0.677308</ele>
        <time>2026-10-07T01:47:41.334Z</time>
      </trkpt>
      <trkpt lat="51.694094" lon="4.822633">
        <ele>0.524919</ele>
        <time>2026-10-07T01:47:51.733Z</time>
      </trkpt>
      <trkpt lat="51.693843" lon="4.821676">
        <ele>0.400885</ele>
        <time>2026-10-07T01:48:00.766Z</time>
      </trkpt>
      <trkpt lat="51.693477" lon="4.820494">
        <ele>0.243176</ele>
        <time>2026-10-07T01:48:12.319Z</time>
      </trkpt>
      <trkpt lat="51.691517" lon="4.814495">
        <ele>-0.192479</ele>
        <time>2026-10-07T01:49:13.106Z</time>
      </trkpt>
      <trkpt lat="51.691342" lon="4.813972">
        <ele>-0.228860</ele>
        <time>2026-10-07T01:49:18.446Z</time>
      </trkpt>
      <trkpt lat="51.691328" lon="4.813862">
        <ele>-0.235734</ele>
        <time>2026-10-07T01:49:19.459Z</time>
      </trkpt>
      <trkpt lat="51.691370" lon="4.813762">
        <ele>-0.243128</ele>
        <time>2026-10-07T01:49:20.563Z</time>
      </trkpt>
      <trkpt lat="51.691305" lon="4.813677">
        <ele>-0.251391</ele>
        <time>2026-10-07T01:49:21.794Z</time>
      </trkpt>
      <trkpt lat="51.691232" lon="4.813570">
        <ele>-0.261131</ele>
        <time>2026-10-07T01:49:23.235Z</time>
      </trkpt>
      <trkpt lat="51.691051" lon="4.813029">
        <ele>-0.298764</ele>
        <time>2026-10-07T01:49:28.688Z</time>
      </trkpt>
      <trkpt lat="51.690767" lon="4.812171">
        <ele>-0.363472</ele>
        <time>2026-10-07T01:49:37.140Z</time>
      </trkpt>
      <trkpt lat="51.690544" lon="4.811510">
        <ele>-0.421202</ele>
        <time>2026-10-07T01:49:44.163Z</time>
      </trkpt>
      <trkpt lat="51.690386" lon="4.811060">
        <ele>-0.460876</ele>
        <time>2026-10-07T01:49:48.785Z</time>
      </trkpt>
      <trkpt lat="51.690316" lon="4.810898">
        <ele>-0.476024</ele>
        <time>2026-10-07T01:49:50.535Z</time>
      </trkpt>
      <trkpt lat="51.690209" lon="4.810519">
        <ele>-0.507972</ele>
        <time>2026-10-07T01:49:54.116Z</time>
      </trkpt>
      <trkpt lat="51.690264" lon="4.810276">
        <ele>-0.527817</ele>
        <time>2026-10-07T01:49:56.342Z</time>
      </trkpt>
      <trkpt lat="51.690544" lon="4.809987">
        <ele>-0.552441</ele>
        <time>2026-10-07T01:50:01.010Z</time>
      </trkpt>
      <trkpt lat="51.691062" lon="4.809593">
        <ele>-0.485264</ele>
        <time>2026-10-07T01:50:09.638Z</time>
      </trkpt>
      <trkpt lat="51.691455" lon="4.809375">
        <ele>-0.436516</ele>
        <time>2026-10-07T01:50:15.845Z</time>
      </trkpt>
      <trkpt lat="51.692279" lon="4.809104">
        <ele>-0.358650</ele>
        <time>2026-10-07T01:50:29.375Z</time>
      </trkpt>
      <trkpt lat="51.692653" lon="4.809030">
        <ele>-0.393464</ele>
        <time>2026-10-07T01:50:35.499Z</time>
      </trkpt>
      <trkpt lat="51.692725" lon="4.809018">
        <ele>-0.400151</ele>
        <time>2026-10-07T01:50:36.649Z</time>
      </trkpt>
      <trkpt lat="51.692902" lon="4.808988">
        <ele>-0.416595</ele>
        <time>2026-10-07T01:50:39.495Z</time>
      </trkpt>
      <trkpt lat="51.696825" lon="4.808281">
        <ele>-0.888903</ele>
        <time>2026-10-07T01:51:35.191Z</time>
      </trkpt>
      <trkpt lat="51.697713" lon="4.808130">
        <ele>-1.006637</ele>
        <time>2026-10-07T01:51:47.844Z</time>
      </trkpt>
      <trkpt lat="51.698315" lon="4.807918">
        <ele>-0.930075</ele>
        <time>2026-10-07T01:51:57.017Z</time>
      </trkpt>
      <trkpt lat="51.698631" lon="4.807763">
        <ele>-0.889037</ele>
        <time>2026-10-07T01:52:02.095Z</time>
      </trkpt>
      <trkpt lat="51.699984" lon="4.807220">
        <ele>-0.589337</ele>
        <time>2026-10-07T01:52:24.471Z</time>
      </trkpt>
      <trkpt lat="51.700603" lon="4.807085">
        <ele>-0.400885</ele>
        <time>2026-10-07T01:52:34.546Z</time>
      </trkpt>
      <trkpt lat="51.701526" lon="4.806686">
        <ele>-0.171363</ele>
        <time>2026-10-07T01:52:49.760Z</time>
      </trkpt>
      <trkpt lat="51.702552" lon="4.805945">
        <ele>0.034107</ele>
        <time>2026-10-07T01:53:07.406Z</time>
      </trkpt>
      <trkpt lat="51.702767" lon="4.805877">
        <ele>0.063046</ele>
        <time>2026-10-07T01:53:10.684Z</time>
      </trkpt>
      <trkpt lat="51.702961" lon="4.805881">
        <ele>0.042885</ele>
        <time>2026-10-07T01:53:13.539Z</time>
      </trkpt>
      <trkpt lat="51.703244" lon="4.805958">
        <ele>0.013063</ele>
        <time>2026-10-07T01:53:17.688Z</time>
      </trkpt>
      <trkpt lat="51.704755" lon="4.806954">
        <ele>-0.112532</ele>
        <time>2026-10-07T01:53:40.786Z</time>
      </trkpt>
      <trkpt lat="51.704797" lon="4.807018">
        <ele>-0.111339</ele>
        <time>2026-10-07T01:53:41.919Z</time>
      </trkpt>
      <trkpt lat="51.704907" lon="4.807330">
        <ele>-0.106745</ele>
        <time>2026-10-07T01:53:46.388Z</time>
      </trkpt>
      <trkpt lat="51.705339" lon="4.808575">
        <ele>-0.088486</ele>
        <time>2026-10-07T01:53:59.612Z</time>
      </trkpt>
      <trkpt lat="51.706019" lon="4.810401">
        <ele>0.352549</ele>
        <time>2026-10-07T01:54:20.747Z</time>
      </trkpt>
      <trkpt lat="51.706052" lon="4.810514">
        <ele>0.384966</ele>
        <time>2026-10-07T01:54:22.544Z</time>
      </trkpt>
      <trkpt lat="51.706031" lon="4.810912">
        <ele>0.488625</ele>
        <time>2026-10-07T01:54:27.969Z</time>
      </trkpt>
      <trkpt lat="51.706110" lon="4.810952">
        <ele>0.523298</ele>
        <time>2026-10-07T01:54:29.948Z</time>
      </trkpt>
      <trkpt lat="51.706145" lon="4.810844">
        <ele>0.554926</ele>
        <time>2026-10-07T01:54:31.543Z</time>
      </trkpt>
      <trkpt lat="51.706233" lon="4.810880">
        <ele>0.592944</ele>
        <time>2026-10-07T01:54:33.222Z</time>
      </trkpt>
      <trkpt lat="51.706313" lon="4.810811">
        <ele>0.630930</ele>
        <time>2026-10-07T01:54:34.764Z</time>
      </trkpt>
      <trkpt lat="51.706339" lon="4.810725">
        <ele>0.655762</ele>
        <time>2026-10-07T01:54:35.863Z</time>
      </trkpt>
      <trkpt lat="51.706337" lon="4.810629">
        <ele>0.685157</ele>
        <time>2026-10-07T01:54:36.809Z</time>
      </trkpt>
      <trkpt lat="51.706308" lon="4.810545">
        <ele>0.721085</ele>
        <time>2026-10-07T01:54:37.968Z</time>
      </trkpt>
      <trkpt lat="51.706368" lon="4.810473">
        <ele>0.766167</ele>
        <time>2026-10-07T01:54:39.221Z</time>
      </trkpt>
      <trkpt lat="51.706496" lon="4.810363">
        <ele>0.853605</ele>
        <time>2026-10-07T01:54:41.828Z</time>
      </trkpt>
      <trkpt lat="51.706668" lon="4.810298">
        <ele>0.960116</ele>
        <time>2026-10-07T01:54:44.953Z</time>
      </trkpt>
      <trkpt lat="51.707305" lon="4.810362">
        <ele>1.344931</ele>
        <time>2026-10-07T01:54:56.089Z</time>
      </trkpt>
      <trkpt lat="51.707399" lon="4.810341">
        <ele>1.402148</ele>
        <time>2026-10-07T01:54:57.684Z</time>
      </trkpt>
      <trkpt lat="51.707496" lon="4.810259">
        <ele>1.468171</ele>
        <time>2026-10-07T01:54:59.541Z</time>
      </trkpt>
      <trkpt lat="51.708049" lon="4.809736">
        <ele>1.795005</ele>
        <time>2026-10-07T01:55:10.375Z</time>
      </trkpt>
      <trkpt lat="51.708337" lon="4.809463">
        <ele>1.875864</ele>
        <time>2026-10-07T01:55:15.712Z</time>
      </trkpt>
      <trkpt lat="51.708653" lon="4.809165">
        <ele>1.964468</ele>
        <time>2026-10-07T01:55:21.589Z</time>
      </trkpt>
      <trkpt lat="51.708548" lon="4.808526">
        <ele>2.063638</ele>
        <time>2026-10-07T01:55:30.379Z</time>
      </trkpt>
      <trkpt lat="51.708252" lon="4.806752">
        <ele>2.259124</ele>
        <time>2026-10-07T01:55:53.536Z</time>
      </trkpt>
      <trkpt lat="51.708187" lon="4.806286">
        <ele>2.292202</ele>
        <time>2026-10-07T01:55:59.480Z</time>
      </trkpt>
      <trkpt lat="51.708088" lon="4.806292">
        <ele>2.303274</ele>
        <time>2026-10-07T01:56:01.517Z</time>
      </trkpt>
      <trkpt lat="51.707836" lon="4.806311">
        <ele>2.331467</ele>
        <time>2026-10-07T01:56:06.831Z</time>
      </trkpt>
      <trkpt lat="51.707664" lon="4.806318">
        <ele>2.350695</ele>
        <time>2026-10-07T01:56:10.452Z</time>
      </trkpt>
      <trkpt lat="51.707656" lon="4.806184">
        <ele>2.360017</ele>
        <time>2026-10-07T01:56:11.763Z</time>
      </trkpt>
      <trkpt lat="51.707634" lon="4.805773">
        <ele>2.388586</ele>
        <time>2026-10-07T01:56:15.714Z</time>
      </trkpt>
      <trkpt lat="51.707632" lon="4.805485">
        <ele>2.393045</ele>
        <time>2026-10-07T01:56:18.497Z</time>
      </trkpt>
      <trkpt lat="51.707676" lon="4.805301">
        <ele>2.394331</ele>
        <time>2026-10-07T01:56:20.401Z</time>
      </trkpt>
      <trkpt lat="51.707811" lon="4.805066">
        <ele>2.396420</ele>
        <time>2026-10-07T01:56:23.529Z</time>
      </trkpt>
      <trkpt lat="51.708041" lon="4.804760">
        <ele>2.399557</ele>
        <time>2026-10-07T01:56:32.254Z</time>
      </trkpt>
      <trkpt lat="51.708064" lon="4.804727">
        <ele>2.399881</ele>
        <time>2026-10-07T01:56:33.194Z</time>
      </trkpt>
      <trkpt lat="51.708098" lon="4.804680">
        <ele>2.400352</ele>
        <time>2026-10-07T01:56:33.960Z</time>
      </trkpt>
      <trkpt lat="51.708135" lon="4.804627">
        <ele>2.400872</ele>
        <time>2026-10-07T01:56:34.820Z</time>
      </trkpt>
      <trkpt lat="51.708508" lon="4.804119">
        <ele>2.406008</ele>
        <time>2026-10-07T01:56:42.524Z</time>
      </trkpt>
      <trkpt lat="51.709068" lon="4.803480">
        <ele>2.226944</ele>
        <time>2026-10-07T01:56:51.357Z</time>
      </trkpt>
      <trkpt lat="51.709150" lon="4.803378">
        <ele>2.157171</ele>
        <time>2026-10-07T01:56:52.626Z</time>
      </trkpt>
      <trkpt lat="51.709227" lon="4.803284">
        <ele>2.092103</ele>
        <time>2026-10-07T01:56:53.815Z</time>
      </trkpt>
      <trkpt lat="51.709663" lon="4.802545">
        <ele>1.665983</ele>
        <time>2026-10-07T01:57:01.552Z</time>
      </trkpt>
      <trkpt lat="51.709883" lon="4.802113">
        <ele>1.432470</ele>
        <time>2026-10-07T01:57:05.923Z</time>
      </trkpt>
      <trkpt lat="51.710070" lon="4.801570">
        <ele>1.200388</ele>
        <time>2026-10-07T01:57:11.013Z</time>
      </trkpt>
      <trkpt lat="51.710470" lon="4.799231">
        <ele>1.288793</ele>
        <time>2026-10-07T01:57:34.334Z</time>
      </trkpt>
      <trkpt lat="51.710917" lon="4.797107">
        <ele>1.355261</ele>
        <time>2026-10-07T01:57:55.409Z</time>
      </trkpt>
      <trkpt lat="51.712070" lon="4.789142">
        <ele>1.284924</ele>
        <time>2026-10-07T01:59:10.036Z</time>
      </trkpt>
      <trkpt lat="51.712095" lon="4.788743">
        <ele>1.275348</ele>
        <time>2026-10-07T01:59:13.805Z</time>
      </trkpt>
      <trkpt lat="51.712090" lon="4.788239">
        <ele>1.263313</ele>
        <time>2026-10-07T01:59:18.543Z</time>
      </trkpt>
      <trkpt lat="51.712195" lon="4.788190">
        <ele>1.259101</ele>
        <time>2026-10-07T01:59:20.213Z</time>
      </trkpt>
      <trkpt lat="51.712231" lon="4.788126">
        <ele>1.257037</ele>
        <time>2026-10-07T01:59:21.020Z</time>
      </trkpt>
      <trkpt lat="51.712395" lon="4.787358">
        <ele>1.152328</ele>
        <time>2026-10-07T01:59:28.388Z</time>
      </trkpt>
      <trkpt lat="51.712826" lon="4.786480">
        <ele>0.871166</ele>
        <time>2026-10-07T01:59:37.759Z</time>
      </trkpt>
      <trkpt lat="51.713071" lon="4.785707">
        <ele>0.653230</ele>
        <time>2026-10-07T01:59:44.637Z</time>
      </trkpt>
      <trkpt lat="51.713464" lon="4.784639">
        <ele>0.506890</ele>
        <time>2026-10-07T01:59:54.662Z</time>
      </trkpt>
      <trkpt lat="51.715634" lon="4.778857">
        <ele>0.506869</ele>
        <time>2026-10-07T02:00:57.897Z</time>
      </trkpt>
      <trkpt lat="51.719303" lon="4.767320">
        <ele>1.119068</ele>
        <time>2026-10-07T02:02:59.733Z</time>
      </trkpt>
      <trkpt lat="51.720689" lon="4.762333">
        <ele>0.466899</ele>
        <time>2026-10-07T02:03:47.110Z</time>
      </trkpt>
      <trkpt lat="51.720979" lon="4.760983">
        <ele>0.442096</ele>
        <time>2026-10-07T02:04:00.434Z</time>
      </trkpt>
      <trkpt lat="51.721109" lon="4.760157">
        <ele>0.444404</ele>
        <time>2026-10-07T02:04:08.490Z</time>
      </trkpt>
      <trkpt lat="51.722218" lon="4.750384">
        <ele>0.144111</ele>
        <time>2026-10-07T02:05:38.025Z</time>
      </trkpt>
      <trkpt lat="51.722354" lon="4.749135">
        <ele>0.375332</ele>
        <time>2026-10-07T02:05:50.667Z</time>
      </trkpt>
      <trkpt lat="51.722387" lon="4.748634">
        <ele>0.467193</ele>
        <time>2026-10-07T02:05:55.930Z</time>
      </trkpt>
      <trkpt lat="51.722428" lon="4.747250">
        <ele>0.659355</ele>
        <time>2026-10-07T02:06:10.131Z</time>
      </trkpt>
      <trkpt lat="51.722413" lon="4.746353">
        <ele>0.736252</ele>
        <time>2026-10-07T02:06:18.860Z</time>
      </trkpt>
      <trkpt lat="51.722355" lon="4.745398">
        <ele>0.818485</ele>
        <time>2026-10-07T02:06:27.632Z</time>
      </trkpt>
      <trkpt lat="51.722245" lon="4.744366">
        <ele>0.856111</ele>
        <time>2026-10-07T02:06:36.927Z</time>
      </trkpt>
      <trkpt lat="51.720879" lon="4.734000">
        <ele>0.843426</ele>
        <time>2026-10-07T02:08:14.565Z</time>
      </trkpt>
      <trkpt lat="51.720699" lon="4.733379">
        <ele>0.830621</ele>
        <time>2026-10-07T02:08:20.630Z</time>
      </trkpt>
      <trkpt lat="51.720596" lon="4.733222">
        <ele>0.824664</ele>
        <time>2026-10-07T02:08:22.676Z</time>
      </trkpt>
      <trkpt lat="51.720589" lon="4.733170">
        <ele>0.823277</ele>
        <time>2026-10-07T02:08:23.318Z</time>
      </trkpt>
      <trkpt lat="51.720562" lon="4.732954">
        <ele>0.817536</ele>
        <time>2026-10-07T02:08:26.002Z</time>
      </trkpt>
      <trkpt lat="51.720525" lon="4.732662">
        <ele>0.809771</ele>
        <time>2026-10-07T02:08:29.619Z</time>
      </trkpt>
      <trkpt lat="51.720578" lon="4.732445">
        <ele>0.803694</ele>
        <time>2026-10-07T02:08:31.658Z</time>
      </trkpt>
      <trkpt lat="51.720590" lon="4.731766">
        <ele>0.785997</ele>
        <time>2026-10-07T02:08:37.722Z</time>
      </trkpt>
      <trkpt lat="51.720209" lon="4.728805">
        <ele>0.918988</ele>
        <time>2026-10-07T02:09:06.196Z</time>
      </trkpt>
      <trkpt lat="51.719897" lon="4.726787">
        <ele>0.821699</ele>
        <time>2026-10-07T02:09:26.071Z</time>
      </trkpt>
      <trkpt lat="51.718820" lon="4.720921">
        <ele>0.082666</ele>
        <time>2026-10-07T02:10:18.501Z</time>
      </trkpt>
      <trkpt lat="51.718060" lon="4.716458">
        <ele>-0.220827</ele>
        <time>2026-10-07T02:11:00.102Z</time>
      </trkpt>
      <trkpt lat="51.717832" lon="4.714737">
        <ele>-0.184074</ele>
        <time>2026-10-07T02:11:17.105Z</time>
      </trkpt>
      <trkpt lat="51.717647" lon="4.713054">
        <ele>-0.539082</ele>
        <time>2026-10-07T02:11:31.896Z</time>
      </trkpt>
      <trkpt lat="51.717214" lon="4.711347">
        <ele>-1.217147</ele>
        <time>2026-10-07T02:11:46.114Z</time>
      </trkpt>
      <trkpt lat="51.717131" lon="4.711111">
        <ele>-1.240251</ele>
        <time>2026-10-07T02:11:48.250Z</time>
      </trkpt>
      <trkpt lat="51.717038" lon="4.710083">
        <ele>-1.257549</ele>
        <time>2026-10-07T02:11:57.005Z</time>
      </trkpt>
      <trkpt lat="51.715946" lon="4.705663">
        <ele>-0.488238</ele>
        <time>2026-10-07T02:12:45.235Z</time>
      </trkpt>
      <trkpt lat="51.715657" lon="4.704521">
        <ele>-0.220633</ele>
        <time>2026-10-07T02:12:58.242Z</time>
      </trkpt>
      <trkpt lat="51.715555" lon="4.704214">
        <ele>-0.145063</ele>
        <time>2026-10-07T02:13:01.834Z</time>
      </trkpt>
      <trkpt lat="51.715367" lon="4.703885">
        <ele>-0.047971</ele>
        <time>2026-10-07T02:13:06.381Z</time>
      </trkpt>
      <trkpt lat="51.713518" lon="4.701812">
        <ele>0.433334</ele>
        <time>2026-10-07T02:13:40.171Z</time>
      </trkpt>
      <trkpt lat="51.713144" lon="4.701327">
        <ele>0.825742</ele>
        <time>2026-10-07T02:13:51.905Z</time>
      </trkpt>
      <trkpt lat="51.712920" lon="4.700980">
        <ele>1.079692</ele>
        <time>2026-10-07T02:13:59.530Z</time>
      </trkpt>
      <trkpt lat="51.712610" lon="4.700484">
        <ele>1.436725</ele>
        <time>2026-10-07T02:14:10.111Z</time>
      </trkpt>
      <trkpt lat="51.712541" lon="4.700261">
        <ele>1.563045</ele>
        <time>2026-10-07T02:14:13.861Z</time>
      </trkpt>
      <trkpt lat="51.712391" lon="4.700096">
        <ele>1.711518</ele>
        <time>2026-10-07T02:14:18.291Z</time>
      </trkpt>
      <trkpt lat="51.712213" lon="4.699914">
        <ele>1.873239</ele>
        <time>2026-10-07T02:14:23.447Z</time>
      </trkpt>
      <trkpt lat="51.712495" lon="4.699160">
        <ele>1.958797</ele>
        <time>2026-10-07T02:14:35.562Z</time>
      </trkpt>
      <trkpt lat="51.712897" lon="4.698280">
        <ele>2.065008</ele>
        <time>2026-10-07T02:14:48.657Z</time>
      </trkpt>
      <trkpt lat="51.713203" lon="4.697393">
        <ele>2.149491</ele>
        <time>2026-10-07T02:15:01.211Z</time>
      </trkpt>
      <trkpt lat="51.713354" lon="4.697147">
        <ele>2.139528</ele>
        <time>2026-10-07T02:15:05.588Z</time>
      </trkpt>
      <trkpt lat="51.713555" lon="4.696852">
        <ele>2.126912</ele>
        <time>2026-10-07T02:15:11.163Z</time>
      </trkpt>
      <trkpt lat="51.713692" lon="4.696477">
        <ele>2.114386</ele>
        <time>2026-10-07T02:15:16.705Z</time>
      </trkpt>
      <trkpt lat="51.714043" lon="4.695767">
        <ele>2.088252</ele>
        <time>2026-10-07T02:15:28.084Z</time>
      </trkpt>
      <trkpt lat="51.714087" lon="4.695638">
        <ele>2.084015</ele>
        <time>2026-10-07T02:15:29.869Z</time>
      </trkpt>
      <trkpt lat="51.714151" lon="4.695293">
        <ele>2.073653</ele>
        <time>2026-10-07T02:15:34.177Z</time>
      </trkpt>
      <trkpt lat="51.714333" lon="4.694592">
        <ele>1.979861</ele>
        <time>2026-10-07T02:15:43.257Z</time>
      </trkpt>
      <trkpt lat="51.714516" lon="4.693983">
        <ele>1.879948</ele>
        <time>2026-10-07T02:15:51.351Z</time>
      </trkpt>
      <trkpt lat="51.714812" lon="4.692821">
        <ele>1.694489</ele>
        <time>2026-10-07T02:16:06.556Z</time>
      </trkpt>
      <trkpt lat="51.715024" lon="4.692128">
        <ele>1.488988</ele>
        <time>2026-10-07T02:16:15.731Z</time>
      </trkpt>
      <trkpt lat="51.715288" lon="4.691292">
        <ele>1.140389</ele>
        <time>2026-10-07T02:16:26.699Z</time>
      </trkpt>
      <trkpt lat="51.715299" lon="4.691243">
        <ele>1.121026</ele>
        <time>2026-10-07T02:16:27.275Z</time>
      </trkpt>
      <trkpt lat="51.715153" lon="4.690845">
        <ele>0.949192</ele>
        <time>2026-10-07T02:16:30.976Z</time>
      </trkpt>
      <trkpt lat="51.715229" lon="4.690434">
        <ele>0.789845</ele>
        <time>2026-10-07T02:16:35.702Z</time>
      </trkpt>
      <trkpt lat="51.715273" lon="4.690206">
        <ele>0.701127</ele>
        <time>2026-10-07T02:16:37.535Z</time>
      </trkpt>
      <trkpt lat="51.715405" lon="4.689629">
        <ele>0.445915</ele>
        <time>2026-10-07T02:16:42.196Z</time>
      </trkpt>
      <trkpt lat="51.716118" lon="4.686842">
        <ele>-0.942694</ele>
        <time>2026-10-07T02:17:05.847Z</time>
      </trkpt>
      <trkpt lat="51.716171" lon="4.686528">
        <ele>-1.039137</ele>
        <time>2026-10-07T02:17:08.445Z</time>
      </trkpt>
      <trkpt lat="51.716154" lon="4.686269">
        <ele>-1.116319</ele>
        <time>2026-10-07T02:17:10.531Z</time>
      </trkpt>
      <trkpt lat="51.716015" lon="4.685542">
        <ele>-1.341785</ele>
        <time>2026-10-07T02:17:16.700Z</time>
      </trkpt>
      <trkpt lat="51.715844" lon="4.684393">
        <ele>-1.691970</ele>
        <time>2026-10-07T02:17:26.607Z</time>
      </trkpt>
      <trkpt lat="51.714633" lon="4.675369">
        <ele>-1.437646</ele>
        <time>2026-10-07T02:18:52.730Z</time>
      </trkpt>
      <trkpt lat="51.714563" lon="4.674696">
        <ele>-1.380813</ele>
        <time>2026-10-07T02:18:59.537Z</time>
      </trkpt>
      <trkpt lat="51.714533" lon="4.674429">
        <ele>-1.358214</ele>
        <time>2026-10-07T02:19:02.267Z</time>
      </trkpt>
      <trkpt lat="51.713621" lon="4.667616">
        <ele>-1.011196</ele>
        <time>2026-10-07T02:20:07.568Z</time>
      </trkpt>
      <trkpt lat="51.711531" lon="4.652266">
        <ele>-0.421363</ele>
        <time>2026-10-07T02:22:33.122Z</time>
      </trkpt>
      <trkpt lat="51.711526" lon="4.652069">
        <ele>-0.363126</ele>
        <time>2026-10-07T02:22:35.091Z</time>
      </trkpt>
      <trkpt lat="51.711514" lon="4.651159">
        <ele>-0.094273</ele>
        <time>2026-10-07T02:22:45.461Z</time>
      </trkpt>
      <trkpt lat="51.711493" lon="4.650918">
        <ele>-0.022386</ele>
        <time>2026-10-07T02:22:48.396Z</time>
      </trkpt>
      <trkpt lat="51.711431" lon="4.650580">
        <ele>0.081734</ele>
        <time>2026-10-07T02:22:52.349Z</time>
      </trkpt>
      <trkpt lat="51.711296" lon="4.650065">
        <ele>0.150278</ele>
        <time>2026-10-07T02:22:57.947Z</time>
      </trkpt>
      <trkpt lat="51.711271" lon="4.649966">
        <ele>0.144840</ele>
        <time>2026-10-07T02:22:58.957Z</time>
      </trkpt>
      <trkpt lat="51.711230" lon="4.649810">
        <ele>0.136221</ele>
        <time>2026-10-07T02:23:00.619Z</time>
      </trkpt>
      <trkpt lat="51.711175" lon="4.649595">
        <ele>0.124389</ele>
        <time>2026-10-07T02:23:02.848Z</time>
      </trkpt>
      <trkpt lat="51.711137" lon="4.649446">
        <ele>0.116193</ele>
        <time>2026-10-07T02:23:04.377Z</time>
      </trkpt>
      <trkpt lat="51.711119" lon="4.649373">
        <ele>0.112197</ele>
        <time>2026-10-07T02:23:05.147Z</time>
      </trkpt>
      <trkpt lat="51.710962" lon="4.648746">
        <ele>0.077798</ele>
        <time>2026-10-07T02:23:11.522Z</time>
      </trkpt>
      <trkpt lat="51.710876" lon="4.648358">
        <ele>0.056837</ele>
        <time>2026-10-07T02:23:15.129Z</time>
      </trkpt>
      <trkpt lat="51.710836" lon="4.648007">
        <ele>0.038684</ele>
        <time>2026-10-07T02:23:18.004Z</time>
      </trkpt>
      <trkpt lat="51.710841" lon="4.647580">
        <ele>0.016960</ele>
        <time>2026-10-07T02:23:21.167Z</time>
      </trkpt>
      <trkpt lat="51.710901" lon="4.647282">
        <ele>-0.036908</ele>
        <time>2026-10-07T02:23:23.560Z</time>
      </trkpt>
      <trkpt lat="51.711030" lon="4.646879">
        <ele>-0.115375</ele>
        <time>2026-10-07T02:23:27.252Z</time>
      </trkpt>
      <trkpt lat="51.711151" lon="4.646649">
        <ele>-0.167569</ele>
        <time>2026-10-07T02:23:29.848Z</time>
      </trkpt>
      <trkpt lat="51.711829" lon="4.645586">
        <ele>-0.431466</ele>
        <time>2026-10-07T02:23:43.475Z</time>
      </trkpt>
      <trkpt lat="51.712149" lon="4.645023">
        <ele>-0.426716</ele>
        <time>2026-10-07T02:23:50.477Z</time>
      </trkpt>
      <trkpt lat="51.712379" lon="4.644455">
        <ele>-0.338858</ele>
        <time>2026-10-07T02:23:56.740Z</time>
      </trkpt>
      <trkpt lat="51.712520" lon="4.643878">
        <ele>-0.258548</ele>
        <time>2026-10-07T02:24:02.532Z</time>
      </trkpt>
      <trkpt lat="51.712640" lon="4.643230">
        <ele>-0.170978</ele>
        <time>2026-10-07T02:24:09.033Z</time>
      </trkpt>
      <trkpt lat="51.712671" lon="4.642623">
        <ele>-0.052712</ele>
        <time>2026-10-07T02:24:15.287Z</time>
      </trkpt>
      <trkpt lat="51.712660" lon="4.642130">
        <ele>0.156289</ele>
        <time>2026-10-07T02:24:21.255Z</time>
      </trkpt>
      <trkpt lat="51.712629" lon="4.641614">
        <ele>0.375924</ele>
        <time>2026-10-07T02:24:27.921Z</time>
      </trkpt>
      <trkpt lat="51.712546" lon="4.641084">
        <ele>0.607526</ele>
        <time>2026-10-07T02:24:34.540Z</time>
      </trkpt>
      <trkpt lat="51.712434" lon="4.640580">
        <ele>0.834371</ele>
        <time>2026-10-07T02:24:40.557Z</time>
      </trkpt>
      <trkpt lat="51.712376" lon="4.640321">
        <ele>0.951046</ele>
        <time>2026-10-07T02:24:43.430Z</time>
      </trkpt>
      <trkpt lat="51.712066" lon="4.639044">
        <ele>0.785283</ele>
        <time>2026-10-07T02:24:55.361Z</time>
      </trkpt>
      <trkpt lat="51.712050" lon="4.638979">
        <ele>0.761166</ele>
        <time>2026-10-07T02:24:55.892Z</time>
      </trkpt>
      <trkpt lat="51.711843" lon="4.638386">
        <ele>0.526473</ele>
        <time>2026-10-07T02:25:00.818Z</time>
      </trkpt>
      <trkpt lat="51.711660" lon="4.637980">
        <ele>0.353353</ele>
        <time>2026-10-07T02:25:04.536Z</time>
      </trkpt>
      <trkpt lat="51.711520" lon="4.637518">
        <ele>0.176016</ele>
        <time>2026-10-07T02:25:08.569Z</time>
      </trkpt>
      <trkpt lat="51.710926" lon="4.634869">
        <ele>0.083256</ele>
        <time>2026-10-07T02:25:35.610Z</time>
      </trkpt>
      <trkpt lat="51.709924" lon="4.631513">
        <ele>-0.422987</ele>
        <time>2026-10-07T02:26:07.395Z</time>
      </trkpt>
      <trkpt lat="51.708875" lon="4.628056">
        <ele>-0.595163</ele>
        <time>2026-10-07T02:26:42.028Z</time>
      </trkpt>
      <trkpt lat="51.708611" lon="4.627320">
        <ele>-0.580669</ele>
        <time>2026-10-07T02:26:50.576Z</time>
      </trkpt>
      <trkpt lat="51.708580" lon="4.627237">
        <ele>-0.579017</ele>
        <time>2026-10-07T02:26:51.553Z</time>
      </trkpt>
      <trkpt lat="51.708031" lon="4.625817">
        <ele>-0.559415</ele>
        <time>2026-10-07T02:27:06.458Z</time>
      </trkpt>
      <trkpt lat="51.707838" lon="4.625376">
        <ele>-0.554105</ele>
        <time>2026-10-07T02:27:11.145Z</time>
      </trkpt>
      <trkpt lat="51.707468" lon="4.624869">
        <ele>-0.546402</ele>
        <time>2026-10-07T02:27:18.140Z</time>
      </trkpt>
      <trkpt lat="51.707225" lon="4.624670">
        <ele>-0.478212</ele>
        <time>2026-10-07T02:27:22.249Z</time>
      </trkpt>
      <trkpt lat="51.706923" lon="4.624550">
        <ele>-0.146510</ele>
        <time>2026-10-07T02:27:27.206Z</time>
      </trkpt>
      <trkpt lat="51.705669" lon="4.624210">
        <ele>1.209623</ele>
        <time>2026-10-07T02:27:53.687Z</time>
      </trkpt>
      <trkpt lat="51.705571" lon="4.624104">
        <ele>1.335447</ele>
        <time>2026-10-07T02:27:56.085Z</time>
      </trkpt>
      <trkpt lat="51.705440" lon="4.624090">
        <ele>1.403216</ele>
        <time>2026-10-07T02:27:59.361Z</time>
      </trkpt>
      <trkpt lat="51.705115" lon="4.624060">
        <ele>1.500214</ele>
        <time>2026-10-07T02:28:07.070Z</time>
      </trkpt>
      <trkpt lat="51.704859" lon="4.624114">
        <ele>1.577143</ele>
        <time>2026-10-07T02:28:13.058Z</time>
      </trkpt>
      <trkpt lat="51.704669" lon="4.624207">
        <ele>1.636304</ele>
        <time>2026-10-07T02:28:17.443Z</time>
      </trkpt>
      <trkpt lat="51.704377" lon="4.624454">
        <ele>1.734541</ele>
        <time>2026-10-07T02:28:24.258Z</time>
      </trkpt>
      <trkpt lat="51.704237" lon="4.624515">
        <ele>1.777750</ele>
        <time>2026-10-07T02:28:26.209Z</time>
      </trkpt>
      <trkpt lat="51.704237" lon="4.624676">
        <ele>1.807480</ele>
        <time>2026-10-07T02:28:27.560Z</time>
      </trkpt>
      <trkpt lat="51.704217" lon="4.624774">
        <ele>1.826533</ele>
        <time>2026-10-07T02:28:28.389Z</time>
      </trkpt>
      <trkpt lat="51.704089" lon="4.625019">
        <ele>1.885705</ele>
        <time>2026-10-07T02:28:31.019Z</time>
      </trkpt>
      <trkpt lat="51.703376" lon="4.625911">
        <ele>1.680258</ele>
        <time>2026-10-07T02:28:43.190Z</time>
      </trkpt>
      <trkpt lat="51.702250" lon="4.627281">
        <ele>1.295207</ele>
        <time>2026-10-07T02:29:03.146Z</time>
      </trkpt>
      <trkpt lat="51.702180" lon="4.627377">
        <ele>1.272149</ele>
        <time>2026-10-07T02:29:04.468Z</time>
      </trkpt>
      <trkpt lat="51.702062" lon="4.627419">
        <ele>1.241820</ele>
        <time>2026-10-07T02:29:06.197Z</time>
      </trkpt>
      <trkpt lat="51.701997" lon="4.627467">
        <ele>1.223878</ele>
        <time>2026-10-07T02:29:07.196Z</time>
      </trkpt>
      <trkpt lat="51.701937" lon="4.627602">
        <ele>1.198036</ele>
        <time>2026-10-07T02:29:08.644Z</time>
      </trkpt>
      <trkpt lat="51.701858" lon="4.627766">
        <ele>1.165726</ele>
        <time>2026-10-07T02:29:10.406Z</time>
      </trkpt>
      <trkpt lat="51.701732" lon="4.627851">
        <ele>1.131448</ele>
        <time>2026-10-07T02:29:12.255Z</time>
      </trkpt>
      <trkpt lat="51.701667" lon="4.627920">
        <ele>1.111919</ele>
        <time>2026-10-07T02:29:13.311Z</time>
      </trkpt>
      <trkpt lat="51.701603" lon="4.628079">
        <ele>1.082427</ele>
        <time>2026-10-07T02:29:14.913Z</time>
      </trkpt>
      <trkpt lat="51.701434" lon="4.628264">
        <ele>1.031169</ele>
        <time>2026-10-07T02:29:17.704Z</time>
      </trkpt>
      <trkpt lat="51.701201" lon="4.628553">
        <ele>0.957406</ele>
        <time>2026-10-07T02:29:21.714Z</time>
      </trkpt>
      <trkpt lat="51.700949" lon="4.628864">
        <ele>0.961578</ele>
        <time>2026-10-07T02:29:26.111Z</time>
      </trkpt>
      <trkpt lat="51.700369" lon="4.629576">
        <ele>0.987180</ele>
        <time>2026-10-07T02:29:37.374Z</time>
      </trkpt>
      <trkpt lat="51.700164" lon="4.629633">
        <ele>0.994488</ele>
        <time>2026-10-07T02:29:40.626Z</time>
      </trkpt>
      <trkpt lat="51.700170" lon="4.629719">
        <ele>0.996373</ele>
        <time>2026-10-07T02:29:41.483Z</time>
      </trkpt>
      <trkpt lat="51.700142" lon="4.629833">
        <ele>0.999043</ele>
        <time>2026-10-07T02:29:42.680Z</time>
      </trkpt>
      <trkpt lat="51.699965" lon="4.630076">
        <ele>1.007207</ele>
        <time>2026-10-07T02:29:46.395Z</time>
      </trkpt>
      <trkpt lat="51.699578" lon="4.630618">
        <ele>0.850597</ele>
        <time>2026-10-07T02:29:54.032Z</time>
      </trkpt>
      <trkpt lat="51.699493" lon="4.630802">
        <ele>0.774312</ele>
        <time>2026-10-07T02:29:56.029Z</time>
      </trkpt>
      <trkpt lat="51.699278" lon="4.631121">
        <ele>0.617654</ele>
        <time>2026-10-07T02:29:59.908Z</time>
      </trkpt>
      <trkpt lat="51.698855" lon="4.631952">
        <ele>0.260192</ele>
        <time>2026-10-07T02:30:08.211Z</time>
      </trkpt>
      <trkpt lat="51.698795" lon="4.632066">
        <ele>0.210476</ele>
        <time>2026-10-07T02:30:09.351Z</time>
      </trkpt>
      <trkpt lat="51.698755" lon="4.632137">
        <ele>0.178581</ele>
        <time>2026-10-07T02:30:10.098Z</time>
      </trkpt>
      <trkpt lat="51.698546" lon="4.632534">
        <ele>0.031572</ele>
        <time>2026-10-07T02:30:14.152Z</time>
      </trkpt>
      <trkpt lat="51.698444" lon="4.632597">
        <ele>0.007513</ele>
        <time>2026-10-07T02:30:15.543Z</time>
      </trkpt>
      <trkpt lat="51.698348" lon="4.632765">
        <ele>-0.023685</ele>
        <time>2026-10-07T02:30:17.380Z</time>
      </trkpt>
      <trkpt lat="51.698330" lon="4.632826">
        <ele>-0.032909</ele>
        <time>2026-10-07T02:30:17.933Z</time>
      </trkpt>
      <trkpt lat="51.698366" lon="4.632872">
        <ele>-0.043025</ele>
        <time>2026-10-07T02:30:18.538Z</time>
      </trkpt>
      <trkpt lat="51.698405" lon="4.632941">
        <ele>-0.055774</ele>
        <time>2026-10-07T02:30:19.304Z</time>
      </trkpt>
      <trkpt lat="51.698228" lon="4.633218">
        <ele>-0.110093</ele>
        <time>2026-10-07T02:30:22.674Z</time>
      </trkpt>
      <trkpt lat="51.697867" lon="4.633913">
        <ele>-0.233899</ele>
        <time>2026-10-07T02:30:30.946Z</time>
      </trkpt>
      <trkpt lat="51.697294" lon="4.635017">
        <ele>-0.378175</ele>
        <time>2026-10-07T02:30:44.551Z</time>
      </trkpt>
      <trkpt lat="51.697138" lon="4.635398">
        <ele>-0.401724</ele>
        <time>2026-10-07T02:30:48.784Z</time>
      </trkpt>
      <trkpt lat="51.697054" lon="4.635735">
        <ele>-0.420456</ele>
        <time>2026-10-07T02:30:52.124Z</time>
      </trkpt>
      <trkpt lat="51.696692" lon="4.636615">
        <ele>-0.474923</ele>
        <time>2026-10-07T02:31:01.543Z</time>
      </trkpt>
      <trkpt lat="51.696559" lon="4.636877">
        <ele>-0.492388</ele>
        <time>2026-10-07T02:31:04.427Z</time>
      </trkpt>
      <trkpt lat="51.696435" lon="4.637047">
        <ele>-0.538939</ele>
        <time>2026-10-07T02:31:06.628Z</time>
      </trkpt>
      <trkpt lat="51.696193" lon="4.637284">
        <ele>-0.641357</ele>
        <time>2026-10-07T02:31:10.434Z</time>
      </trkpt>
      <trkpt lat="51.695551" lon="4.637658">
        <ele>-0.888297</ele>
        <time>2026-10-07T02:31:19.622Z</time>
      </trkpt>
      <trkpt lat="51.695261" lon="4.637869">
        <ele>-1.003388</ele>
        <time>2026-10-07T02:31:23.960Z</time>
      </trkpt>
      <trkpt lat="51.694968" lon="4.638198">
        <ele>-1.132537</ele>
        <time>2026-10-07T02:31:28.802Z</time>
      </trkpt>
      <trkpt lat="51.694730" lon="4.638558">
        <ele>-1.199673</ele>
        <time>2026-10-07T02:31:33.332Z</time>
      </trkpt>
      <trkpt lat="51.694615" lon="4.638505">
        <ele>-1.221725</ele>
        <time>2026-10-07T02:31:35.658Z</time>
      </trkpt>
      <trkpt lat="51.694551" lon="4.638464">
        <ele>-1.234421</ele>
        <time>2026-10-07T02:31:37.017Z</time>
      </trkpt>
      <trkpt lat="51.694524" lon="4.638264">
        <ele>-1.257815</ele>
        <time>2026-10-07T02:31:39.504Z</time>
      </trkpt>
      <trkpt lat="51.694466" lon="4.638144">
        <ele>-1.275206</ele>
        <time>2026-10-07T02:31:41.342Z</time>
      </trkpt>
      <trkpt lat="51.694400" lon="4.638094">
        <ele>-1.288649</ele>
        <time>2026-10-07T02:31:42.797Z</time>
      </trkpt>
      <trkpt lat="51.694229" lon="4.638068">
        <ele>-1.320318</ele>
        <time>2026-10-07T02:31:46.156Z</time>
      </trkpt>
      <trkpt lat="51.694151" lon="4.637985">
        <ele>-1.337546</ele>
        <time>2026-10-07T02:31:47.994Z</time>
      </trkpt>
      <trkpt lat="51.693656" lon="4.638031">
        <ele>-1.428965</ele>
        <time>2026-10-07T02:31:57.672Z</time>
      </trkpt>
      <trkpt lat="51.693504" lon="4.638001">
        <ele>-1.457199</ele>
        <time>2026-10-07T02:32:00.660Z</time>
      </trkpt>
      <trkpt lat="51.693358" lon="4.637881">
        <ele>-1.473523</ele>
        <time>2026-10-07T02:32:03.906Z</time>
      </trkpt>
      <trkpt lat="51.693108" lon="4.637543">
        <ele>-1.440885</ele>
        <time>2026-10-07T02:32:10.438Z</time>
      </trkpt>
      <trkpt lat="51.692983" lon="4.637431">
        <ele>-1.426577</ele>
        <time>2026-10-07T02:32:13.335Z</time>
      </trkpt>
      <trkpt lat="51.692827" lon="4.637309">
        <ele>-1.409231</ele>
        <time>2026-10-07T02:32:16.861Z</time>
      </trkpt>
      <trkpt lat="51.692552" lon="4.637166">
        <ele>-1.380320</ele>
        <time>2026-10-07T02:32:22.759Z</time>
      </trkpt>
      <trkpt lat="51.692251" lon="4.637123">
        <ele>-1.350084</ele>
        <time>2026-10-07T02:32:29.043Z</time>
      </trkpt>
      <trkpt lat="51.691422" lon="4.637214">
        <ele>-1.158669</ele>
        <time>2026-10-07T02:32:46.853Z</time>
      </trkpt>
      <trkpt lat="51.691115" lon="4.637183">
        <ele>-1.022075</ele>
        <time>2026-10-07T02:32:53.649Z</time>
      </trkpt>
      <trkpt lat="51.690729" lon="4.637053">
        <ele>-0.846972</ele>
        <time>2026-10-07T02:33:02.475Z</time>
      </trkpt>
      <trkpt lat="51.690261" lon="4.636762">
        <ele>-0.624247</ele>
        <time>2026-10-07T02:33:13.660Z</time>
      </trkpt>
      <trkpt lat="51.689900" lon="4.636402">
        <ele>-0.474254</ele>
        <time>2026-10-07T02:33:23.087Z</time>
      </trkpt>
      <trkpt lat="51.689254" lon="4.635513">
        <ele>-0.324045</ele>
        <time>2026-10-07T02:33:41.270Z</time>
      </trkpt>
      <trkpt lat="51.687770" lon="4.633344">
        <ele>-0.198498</ele>
        <time>2026-10-07T02:34:20.917Z</time>
      </trkpt>
      <trkpt lat="51.686679" lon="4.631931">
        <ele>0.060218</ele>
        <time>2026-10-07T02:34:50.109Z</time>
      </trkpt>
      <trkpt lat="51.685173" lon="4.629760">
        <ele>0.720076</ele>
        <time>2026-10-07T02:35:35.147Z</time>
      </trkpt>
      <trkpt lat="51.684976" lon="4.629433">
        <ele>0.810107</ele>
        <time>2026-10-07T02:35:41.095Z</time>
      </trkpt>
      <trkpt lat="51.684771" lon="4.629129">
        <ele>0.898797</ele>
        <time>2026-10-07T02:35:46.821Z</time>
      </trkpt>
      <trkpt lat="51.684428" lon="4.628727">
        <ele>0.951577</ele>
        <time>2026-10-07T02:35:55.342Z</time>
      </trkpt>
      <trkpt lat="51.681826" lon="4.624828">
        <ele>0.715272</ele>
        <time>2026-10-07T02:37:05.618Z</time>
      </trkpt>
      <trkpt lat="51.681212" lon="4.623748">
        <ele>0.980927</ele>
        <time>2026-10-07T02:37:24.757Z</time>
      </trkpt>
      <trkpt lat="51.680703" lon="4.622706">
        <ele>1.239020</ele>
        <time>2026-10-07T02:37:43.210Z</time>
      </trkpt>
      <trkpt lat="51.680161" lon="4.621327">
        <ele>1.728557</ele>
        <time>2026-10-07T02:38:06.355Z</time>
      </trkpt>
      <trkpt lat="51.679986" lon="4.620817">
        <ele>1.903326</ele>
        <time>2026-10-07T02:38:14.146Z</time>
      </trkpt>
      <trkpt lat="51.679839" lon="4.620279">
        <ele>2.067416</ele>
        <time>2026-10-07T02:38:21.914Z</time>
      </trkpt>
      <trkpt lat="51.679755" lon="4.619493">
        <ele>2.116366</ele>
        <time>2026-10-07T02:38:32.203Z</time>
      </trkpt>
      <trkpt lat="51.679721" lon="4.619366">
        <ele>2.124856</ele>
        <time>2026-10-07T02:38:33.967Z</time>
      </trkpt>
      <trkpt lat="51.679649" lon="4.619318">
        <ele>2.132567</ele>
        <time>2026-10-07T02:38:35.572Z</time>
      </trkpt>
      <trkpt lat="51.678362" lon="4.619359">
        <ele>2.264572</ele>
        <time>2026-10-07T02:39:01.782Z</time>
      </trkpt>
      <trkpt lat="51.678107" lon="4.619307">
        <ele>2.296625</ele>
        <time>2026-10-07T02:39:06.809Z</time>
      </trkpt>
      <trkpt lat="51.677882" lon="4.619167">
        <ele>2.326700</ele>
        <time>2026-10-07T02:39:11.583Z</time>
      </trkpt>
      <trkpt lat="51.677769" lon="4.619044">
        <ele>2.343702</ele>
        <time>2026-10-07T02:39:14.332Z</time>
      </trkpt>
      <trkpt lat="51.677300" lon="4.618352">
        <ele>2.422975</ele>
        <time>2026-10-07T02:39:27.440Z</time>
      </trkpt>
      <trkpt lat="51.676731" lon="4.617553">
        <ele>2.568375</ele>
        <time>2026-10-07T02:39:43.948Z</time>
      </trkpt>
      <trkpt lat="51.676040" lon="4.616410">
        <ele>2.817364</ele>
        <time>2026-10-07T02:40:06.202Z</time>
      </trkpt>
      <trkpt lat="51.674180" lon="4.613530">
        <ele>2.345834</ele>
        <time>2026-10-07T02:40:55.329Z</time>
      </trkpt>
      <trkpt lat="51.674028" lon="4.613247">
        <ele>2.307105</ele>
        <time>2026-10-07T02:40:59.649Z</time>
      </trkpt>
      <trkpt lat="51.673882" lon="4.612900">
        <ele>2.263726</ele>
        <time>2026-10-07T02:41:04.570Z</time>
      </trkpt>
      <trkpt lat="51.673739" lon="4.612379">
        <ele>2.204787</ele>
        <time>2026-10-07T02:41:11.437Z</time>
      </trkpt>
      <trkpt lat="51.673673" lon="4.611944">
        <ele>2.158460</ele>
        <time>2026-10-07T02:41:16.986Z</time>
      </trkpt>
      <trkpt lat="51.673654" lon="4.611643">
        <ele>2.127162</ele>
        <time>2026-10-07T02:41:20.829Z</time>
      </trkpt>
      <trkpt lat="51.673707" lon="4.609817">
        <ele>2.412056</ele>
        <time>2026-10-07T02:41:45.417Z</time>
      </trkpt>
      <trkpt lat="51.673685" lon="4.609228">
        <ele>2.520792</ele>
        <time>2026-10-07T02:41:53.602Z</time>
      </trkpt>
      <trkpt lat="51.673573" lon="4.608691">
        <ele>2.625196</ele>
        <time>2026-10-07T02:42:01.480Z</time>
      </trkpt>
      <trkpt lat="51.673198" lon="4.607733">
        <ele>2.404282</ele>
        <time>2026-10-07T02:42:15.263Z</time>
      </trkpt>
      <trkpt lat="51.673057" lon="4.607379">
        <ele>2.307404</ele>
        <time>2026-10-07T02:42:20.052Z</time>
      </trkpt>
      <trkpt lat="51.672947" lon="4.607113">
        <ele>2.233785</ele>
        <time>2026-10-07T02:42:23.665Z</time>
      </trkpt>
      <trkpt lat="51.672744" lon="4.606611">
        <ele>2.095788</ele>
        <time>2026-10-07T02:42:30.367Z</time>
      </trkpt>
      <trkpt lat="51.672663" lon="4.606496">
        <ele>2.055716</ele>
        <time>2026-10-07T02:42:32.315Z</time>
      </trkpt>
      <trkpt lat="51.672570" lon="4.606534">
        <ele>2.020093</ele>
        <time>2026-10-07T02:42:34.038Z</time>
      </trkpt>
      <trkpt lat="51.671276" lon="4.607911">
        <ele>1.274116</ele>
        <time>2026-10-07T02:43:02.610Z</time>
      </trkpt>
      <trkpt lat="51.671200" lon="4.607959">
        <ele>1.234084</ele>
        <time>2026-10-07T02:43:04.198Z</time>
      </trkpt>
      <trkpt lat="51.671126" lon="4.607952">
        <ele>1.197727</ele>
        <time>2026-10-07T02:43:05.625Z</time>
      </trkpt>
      <trkpt lat="51.671030" lon="4.607849">
        <ele>1.141171</ele>
        <time>2026-10-07T02:43:07.849Z</time>
      </trkpt>
      <trkpt lat="51.670304" lon="4.606058">
        <ele>0.791959</ele>
        <time>2026-10-07T02:43:33.199Z</time>
      </trkpt>
      <trkpt lat="51.669993" lon="4.605224">
        <ele>0.659143</ele>
        <time>2026-10-07T02:43:44.907Z</time>
      </trkpt>
      <trkpt lat="51.669750" lon="4.604470">
        <ele>0.766518</ele>
        <time>2026-10-07T02:43:55.619Z</time>
      </trkpt>
      <trkpt lat="51.669610" lon="4.603880">
        <ele>0.846344</ele>
        <time>2026-10-07T02:44:03.999Z</time>
      </trkpt>
      <trkpt lat="51.669540" lon="4.603430">
        <ele>0.904969</ele>
        <time>2026-10-07T02:44:10.325Z</time>
      </trkpt>
      <trkpt lat="51.669390" lon="4.601930">
        <ele>1.038957</ele>
        <time>2026-10-07T02:44:30.998Z</time>
      </trkpt>
      <trkpt lat="51.669310" lon="4.600800">
        <ele>1.076032</ele>
        <time>2026-10-07T02:44:45.553Z</time>
      </trkpt>
      <trkpt lat="51.669250" lon="4.600340">
        <ele>1.091355</ele>
        <time>2026-10-07T02:44:51.275Z</time>
      </trkpt>
      <trkpt lat="51.669120" lon="4.599740">
        <ele>1.112073</ele>
        <time>2026-10-07T02:44:58.825Z</time>
      </trkpt>
      <trkpt lat="51.668457" lon="4.597460">
        <ele>0.772564</ele>
        <time>2026-10-07T02:45:28.971Z</time>
      </trkpt>
      <trkpt lat="51.668343" lon="4.597157">
        <ele>0.723861</ele>
        <time>2026-10-07T02:45:33.267Z</time>
      </trkpt>
      <trkpt lat="51.667198" lon="4.595076">
        <ele>0.615598</ele>
        <time>2026-10-07T02:46:07.569Z</time>
      </trkpt>
      <trkpt lat="51.667124" lon="4.594881">
        <ele>0.607157</ele>
        <time>2026-10-07T02:46:10.442Z</time>
      </trkpt>
      <trkpt lat="51.666858" lon="4.593904">
        <ele>0.565987</ele>
        <time>2026-10-07T02:46:23.860Z</time>
      </trkpt>
      <trkpt lat="51.666355" lon="4.592224">
        <ele>0.492910</ele>
        <time>2026-10-07T02:46:46.921Z</time>
      </trkpt>
      <trkpt lat="51.665966" lon="4.591060">
        <ele>0.423064</ele>
        <time>2026-10-07T02:47:03.090Z</time>
      </trkpt>
      <trkpt lat="51.665395" lon="4.589513">
        <ele>0.372160</ele>
        <time>2026-10-07T02:47:25.349Z</time>
      </trkpt>
      <trkpt lat="51.664852" lon="4.588202">
        <ele>0.521488</ele>
        <time>2026-10-07T02:47:45.625Z</time>
      </trkpt>
      <trkpt lat="51.664447" lon="4.587272">
        <ele>0.626985</ele>
        <time>2026-10-07T02:48:00.864Z</time>
      </trkpt>
      <trkpt lat="51.663948" lon="4.586222">
        <ele>0.727076</ele>
        <time>2026-10-07T02:48:18.090Z</time>
      </trkpt>
      <trkpt lat="51.663856" lon="4.586043">
        <ele>0.744666</ele>
        <time>2026-10-07T02:48:21.043Z</time>
      </trkpt>
      <trkpt lat="51.663390" lon="4.585137">
        <ele>0.833726</ele>
        <time>2026-10-07T02:48:35.759Z</time>
      </trkpt>
      <trkpt lat="51.662532" lon="4.583609">
        <ele>1.134447</ele>
        <time>2026-10-07T02:49:02.333Z</time>
      </trkpt>
      <trkpt lat="51.661626" lon="4.582183">
        <ele>1.168804</ele>
        <time>2026-10-07T02:49:30.428Z</time>
      </trkpt>
      <trkpt lat="51.655715" lon="4.573860">
        <ele>0.228488</ele>
        <time>2026-10-07T02:52:03.146Z</time>
      </trkpt>
      <trkpt lat="51.655484" lon="4.573462">
        <ele>0.216127</ele>
        <time>2026-10-07T02:52:10.338Z</time>
      </trkpt>
      <trkpt lat="51.655190" lon="4.572840">
        <ele>0.440856</ele>
        <time>2026-10-07T02:52:21.108Z</time>
      </trkpt>
      <trkpt lat="51.655030" lon="4.572440">
        <ele>0.613496</ele>
        <time>2026-10-07T02:52:27.869Z</time>
      </trkpt>
      <trkpt lat="51.654880" lon="4.571984">
        <ele>0.800719</ele>
        <time>2026-10-07T02:52:35.340Z</time>
      </trkpt>
      <trkpt lat="51.654752" lon="4.571495">
        <ele>0.993242</ele>
        <time>2026-10-07T02:52:43.049Z</time>
      </trkpt>
      <trkpt lat="51.654512" lon="4.570366">
        <ele>1.174033</ele>
        <time>2026-10-07T02:52:59.626Z</time>
      </trkpt>
      <trkpt lat="51.654325" lon="4.569746">
        <ele>1.034530</ele>
        <time>2026-10-07T02:53:08.241Z</time>
      </trkpt>
      <trkpt lat="51.654174" lon="4.569416">
        <ele>0.951553</ele>
        <time>2026-10-07T02:53:13.035Z</time>
      </trkpt>
      <trkpt lat="51.653935" lon="4.569028">
        <ele>0.840911</ele>
        <time>2026-10-07T02:53:19.084Z</time>
      </trkpt>
      <trkpt lat="51.653709" lon="4.568796">
        <ele>0.753515</ele>
        <time>2026-10-07T02:53:23.780Z</time>
      </trkpt>
      <trkpt lat="51.653321" lon="4.568586">
        <ele>0.654310</ele>
        <time>2026-10-07T02:53:31.016Z</time>
      </trkpt>
      <trkpt lat="51.653225" lon="4.568493">
        <ele>0.639517</ele>
        <time>2026-10-07T02:53:33.022Z</time>
      </trkpt>
      <trkpt lat="51.653214" lon="4.568289">
        <ele>0.622738</ele>
        <time>2026-10-07T02:53:35.340Z</time>
      </trkpt>
      <trkpt lat="51.653103" lon="4.568251">
        <ele>0.607750</ele>
        <time>2026-10-07T02:53:37.458Z</time>
      </trkpt>
      <trkpt lat="51.653066" lon="4.568240">
        <ele>0.602781</ele>
        <time>2026-10-07T02:53:38.171Z</time>
      </trkpt>
      <trkpt lat="51.652954" lon="4.568209">
        <ele>0.587772</ele>
        <time>2026-10-07T02:53:40.332Z</time>
      </trkpt>
      <trkpt lat="51.652919" lon="4.568198">
        <ele>0.583062</ele>
        <time>2026-10-07T02:53:41.022Z</time>
      </trkpt>
      <trkpt lat="51.652829" lon="4.568191">
        <ele>0.571162</ele>
        <time>2026-10-07T02:53:42.779Z</time>
      </trkpt>
      <trkpt lat="51.652697" lon="4.568493">
        <ele>0.540890</ele>
        <time>2026-10-07T02:53:47.346Z</time>
      </trkpt>
      <trkpt lat="51.652582" lon="4.568392">
        <ele>0.523593</ele>
        <time>2026-10-07T02:53:49.329Z</time>
      </trkpt>
      <trkpt lat="51.652201" lon="4.568234">
        <ele>0.471633</ele>
        <time>2026-10-07T02:53:55.698Z</time>
      </trkpt>
      <trkpt lat="51.651910" lon="4.568041">
        <ele>0.440584</ele>
        <time>2026-10-07T02:54:01.002Z</time>
      </trkpt>
      <trkpt lat="51.651440" lon="4.567607">
        <ele>0.444118</ele>
        <time>2026-10-07T02:54:09.957Z</time>
      </trkpt>
      <trkpt lat="51.649637" lon="4.565104">
        <ele>0.287509</ele>
        <time>2026-10-07T02:54:43.345Z</time>
      </trkpt>
      <trkpt lat="51.649174" lon="4.564458">
        <ele>0.204736</ele>
        <time>2026-10-07T02:54:52.396Z</time>
      </trkpt>
      <trkpt lat="51.648814" lon="4.564023">
        <ele>0.186671</ele>
        <time>2026-10-07T02:54:59.134Z</time>
      </trkpt>
      <trkpt lat="51.648426" lon="4.563668">
        <ele>0.168757</ele>
        <time>2026-10-07T02:55:05.843Z</time>
      </trkpt>
      <trkpt lat="51.647993" lon="4.563091">
        <ele>0.146198</ele>
        <time>2026-10-07T02:55:14.163Z</time>
      </trkpt>
      <trkpt lat="51.646082" lon="4.560488">
        <ele>-0.171059</ele>
        <time>2026-10-07T02:55:49.564Z</time>
      </trkpt>
      <trkpt lat="51.641824" lon="4.554472">
        <ele>-0.648034</ele>
        <time>2026-10-07T02:57:11.768Z</time>
      </trkpt>
      <trkpt lat="51.641056" lon="4.553329">
        <ele>-0.658360</ele>
        <time>2026-10-07T02:57:33.095Z</time>
      </trkpt>
      <trkpt lat="51.640150" lon="4.551608">
        <ele>-0.607622</ele>
        <time>2026-10-07T02:58:01.939Z</time>
      </trkpt>
      <trkpt lat="51.639320" lon="4.549870">
        <ele>-0.660951</ele>
        <time>2026-10-07T02:58:28.743Z</time>
      </trkpt>
      <trkpt lat="51.639020" lon="4.549300">
        <ele>-0.701149</ele>
        <time>2026-10-07T02:58:37.924Z</time>
      </trkpt>
      <trkpt lat="51.638392" lon="4.547867">
        <ele>-0.672186</ele>
        <time>2026-10-07T02:59:00.042Z</time>
      </trkpt>
      <trkpt lat="51.638113" lon="4.547126">
        <ele>-0.609264</ele>
        <time>2026-10-07T02:59:11.201Z</time>
      </trkpt>
      <trkpt lat="51.637677" lon="4.545818">
        <ele>-0.429962</ele>
        <time>2026-10-07T02:59:30.659Z</time>
      </trkpt>
      <trkpt lat="51.637481" lon="4.545092">
        <ele>-0.240517</ele>
        <time>2026-10-07T02:59:41.308Z</time>
      </trkpt>
      <trkpt lat="51.637189" lon="4.543836">
        <ele>0.080420</ele>
        <time>2026-10-07T02:59:59.564Z</time>
      </trkpt>
      <trkpt lat="51.636845" lon="4.542160">
        <ele>0.424709</ele>
        <time>2026-10-07T03:00:23.392Z</time>
      </trkpt>
      <trkpt lat="51.636633" lon="4.541012">
        <ele>0.645846</ele>
        <time>2026-10-07T03:00:39.289Z</time>
      </trkpt>
      <trkpt lat="51.636444" lon="4.539818">
        <ele>0.675129</ele>
        <time>2026-10-07T03:00:55.177Z</time>
      </trkpt>
      <trkpt lat="51.636221" lon="4.538005">
        <ele>0.635181</ele>
        <time>2026-10-07T03:01:17.908Z</time>
      </trkpt>
      <trkpt lat="51.636104" lon="4.536560">
        <ele>0.362066</ele>
        <time>2026-10-07T03:01:35.047Z</time>
      </trkpt>
      <trkpt lat="51.636052" lon="4.534851">
        <ele>0.032383</ele>
        <time>2026-10-07T03:01:55.110Z</time>
      </trkpt>
      <trkpt lat="51.636106" lon="4.533130">
        <ele>-0.220162</ele>
        <time>2026-10-07T03:02:15.762Z</time>
      </trkpt>
      <trkpt lat="51.636420" lon="4.527432">
        <ele>-0.538359</ele>
        <time>2026-10-07T03:03:26.141Z</time>
      </trkpt>
      <trkpt lat="51.636522" lon="4.527014">
        <ele>-0.530078</ele>
        <time>2026-10-07T03:03:31.889Z</time>
      </trkpt>
      <trkpt lat="51.637496" lon="4.525466">
        <ele>-0.141109</ele>
        <time>2026-10-07T03:04:00.973Z</time>
      </trkpt>
      <trkpt lat="51.637621" lon="4.525219">
        <ele>-0.065185</ele>
        <time>2026-10-07T03:04:05.456Z</time>
      </trkpt>
      <trkpt lat="51.637691" lon="4.525067">
        <ele>-0.020095</ele>
        <time>2026-10-07T03:04:08.167Z</time>
      </trkpt>
      <trkpt lat="51.638264" lon="4.523877">
        <ele>0.328580</ele>
        <time>2026-10-07T03:04:29.142Z</time>
      </trkpt>
      <trkpt lat="51.638361" lon="4.523727">
        <ele>0.377055</ele>
        <time>2026-10-07T03:04:32.134Z</time>
      </trkpt>
      <trkpt lat="51.638114" lon="4.523464">
        <ele>0.483803</ele>
        <time>2026-10-07T03:04:37.167Z</time>
      </trkpt>
      <trkpt lat="51.637971" lon="4.523379">
        <ele>0.538760</ele>
        <time>2026-10-07T03:04:39.718Z</time>
      </trkpt>
      <trkpt lat="51.637795" lon="4.523332">
        <ele>0.603084</ele>
        <time>2026-10-07T03:04:42.681Z</time>
      </trkpt>
      <trkpt lat="51.637649" lon="4.523317">
        <ele>0.655833</ele>
        <time>2026-10-07T03:04:45.090Z</time>
      </trkpt>
      <trkpt lat="51.636533" lon="4.523199">
        <ele>0.653556</ele>
        <time>2026-10-07T03:05:01.397Z</time>
      </trkpt>
      <trkpt lat="51.636067" lon="4.523153">
        <ele>0.536052</ele>
        <time>2026-10-07T03:05:08.005Z</time>
      </trkpt>
      <trkpt lat="51.635923" lon="4.523114">
        <ele>0.499302</ele>
        <time>2026-10-07T03:05:09.992Z</time>
      </trkpt>
      <trkpt lat="51.635884" lon="4.523033">
        <ele>0.483288</ele>
        <time>2026-10-07T03:05:10.840Z</time>
      </trkpt>
      <trkpt lat="51.635857" lon="4.522829">
        <ele>0.450705</ele>
        <time>2026-10-07T03:05:12.571Z</time>
      </trkpt>
      <trkpt lat="51.635970" lon="4.520213">
        <ele>-0.247626</ele>
        <time>2026-10-07T03:05:33.673Z</time>
      </trkpt>
      <trkpt lat="51.636003" lon="4.518959">
        <ele>-0.513870</ele>
        <time>2026-10-07T03:05:44.642Z</time>
      </trkpt>
      <trkpt lat="51.635982" lon="4.518562">
        <ele>-0.539237</ele>
        <time>2026-10-07T03:05:48.273Z</time>
      </trkpt>
      <trkpt lat="51.635891" lon="4.517946">
        <ele>-0.579551</ele>
        <time>2026-10-07T03:05:54.080Z</time>
      </trkpt>
      <trkpt lat="51.635756" lon="4.517490">
        <ele>-0.611716</ele>
        <time>2026-10-07T03:05:58.718Z</time>
      </trkpt>
      <trkpt lat="51.635611" lon="4.517103">
        <ele>-0.640496</ele>
        <time>2026-10-07T03:06:02.887Z</time>
      </trkpt>
      <trkpt lat="51.635475" lon="4.516839">
        <ele>-0.662339</ele>
        <time>2026-10-07T03:06:06.069Z</time>
      </trkpt>
      <trkpt lat="51.634854" lon="4.515969">
        <ele>-0.848380</ele>
        <time>2026-10-07T03:06:17.406Z</time>
      </trkpt>
      <trkpt lat="51.634817" lon="4.515912">
        <ele>-0.860574</ele>
        <time>2026-10-07T03:06:18.099Z</time>
      </trkpt>
      <trkpt lat="51.636227" lon="4.511610">
        <ele>-1.368559</ele>
        <time>2026-10-07T03:07:16.837Z</time>
      </trkpt>
      <trkpt lat="51.636275" lon="4.511220">
        <ele>-1.321299</ele>
        <time>2026-10-07T03:07:21.894Z</time>
      </trkpt>
      <trkpt lat="51.636312" lon="4.509501">
        <ele>-1.116849</ele>
        <time>2026-10-07T03:07:44.826Z</time>
      </trkpt>
      <trkpt lat="51.636304" lon="4.507987">
        <ele>-1.017321</ele>
        <time>2026-10-07T03:08:04.812Z</time>
      </trkpt>
      <trkpt lat="51.636268" lon="4.506209">
        <ele>-0.936846</ele>
        <time>2026-10-07T03:08:26.748Z</time>
      </trkpt>
      <trkpt lat="51.636183" lon="4.504535">
        <ele>-0.457126</ele>
        <time>2026-10-07T03:08:48.568Z</time>
      </trkpt>
      <trkpt lat="51.636017" lon="4.502274">
        <ele>0.099612</ele>
        <time>2026-10-07T03:09:22.210Z</time>
      </trkpt>
      <trkpt lat="51.636002" lon="4.501799">
        <ele>0.190124</ele>
        <time>2026-10-07T03:09:28.771Z</time>
      </trkpt>
      <trkpt lat="51.636049" lon="4.501585">
        <ele>0.233324</ele>
        <time>2026-10-07T03:09:31.772Z</time>
      </trkpt>
      <trkpt lat="51.636111" lon="4.501471">
        <ele>0.262170</ele>
        <time>2026-10-07T03:09:33.723Z</time>
      </trkpt>
      <trkpt lat="51.636156" lon="4.501425">
        <ele>0.278510</ele>
        <time>2026-10-07T03:09:34.812Z</time>
      </trkpt>
      <trkpt lat="51.636199" lon="4.499749">
        <ele>0.296376</ele>
        <time>2026-10-07T03:09:49.079Z</time>
      </trkpt>
      <trkpt lat="51.636150" lon="4.499457">
        <ele>0.232619</ele>
        <time>2026-10-07T03:09:51.480Z</time>
      </trkpt>
      <trkpt lat="51.636035" lon="4.499188">
        <ele>0.163770</ele>
        <time>2026-10-07T03:09:54.107Z</time>
      </trkpt>
      <trkpt lat="51.635906" lon="4.498992">
        <ele>0.103554</ele>
        <time>2026-10-07T03:09:56.416Z</time>
      </trkpt>
      <trkpt lat="51.634283" lon="4.497289">
        <ele>-0.219751</ele>
        <time>2026-10-07T03:10:23.944Z</time>
      </trkpt>
      <trkpt lat="51.633924" lon="4.496912">
        <ele>-0.243023</ele>
        <time>2026-10-07T03:10:30.574Z</time>
      </trkpt>
      <trkpt lat="51.633470" lon="4.496450">
        <ele>-0.264190</ele>
        <time>2026-10-07T03:10:39.025Z</time>
      </trkpt>
      <trkpt lat="51.633283" lon="4.496085">
        <ele>-0.273218</ele>
        <time>2026-10-07T03:10:43.680Z</time>
      </trkpt>
      <trkpt lat="51.633167" lon="4.495701">
        <ele>-0.281365</ele>
        <time>2026-10-07T03:10:47.492Z</time>
      </trkpt>
      <trkpt lat="51.633159" lon="4.495671">
        <ele>-0.281988</ele>
        <time>2026-10-07T03:10:47.769Z</time>
      </trkpt>
      <trkpt lat="51.632910" lon="4.494760">
        <ele>-0.300977</ele>
        <time>2026-10-07T03:10:56.328Z</time>
      </trkpt>
      <trkpt lat="51.632805" lon="4.494398">
        <ele>-0.308600</ele>
        <time>2026-10-07T03:10:59.834Z</time>
      </trkpt>
      <trkpt lat="51.632611" lon="4.493734">
        <ele>-0.271404</ele>
        <time>2026-10-07T03:11:06.520Z</time>
      </trkpt>
      <trkpt lat="51.632000" lon="4.491640">
        <ele>-0.154129</ele>
        <time>2026-10-07T03:11:28.749Z</time>
      </trkpt>
      <trkpt lat="51.631117" lon="4.488584">
        <ele>-0.129176</ele>
        <time>2026-10-07T03:11:59.883Z</time>
      </trkpt>
      <trkpt lat="51.631040" lon="4.488270">
        <ele>-0.132385</ele>
        <time>2026-10-07T03:12:02.845Z</time>
      </trkpt>
      <trkpt lat="51.630750" lon="4.487240">
        <ele>-0.143134</ele>
        <time>2026-10-07T03:12:13.254Z</time>
      </trkpt>
      <trkpt lat="51.630328" lon="4.485663">
        <ele>-0.248631</ele>
        <time>2026-10-07T03:12:29.275Z</time>
      </trkpt>
      <trkpt lat="51.630192" lon="4.485751">
        <ele>-0.274584</ele>
        <time>2026-10-07T03:12:31.524Z</time>
      </trkpt>
      <trkpt lat="51.629862" lon="4.485867">
        <ele>-0.334396</ele>
        <time>2026-10-07T03:12:36.404Z</time>
      </trkpt>
      <trkpt lat="51.629491" lon="4.485901">
        <ele>-0.400200</ele>
        <time>2026-10-07T03:12:41.450Z</time>
      </trkpt>
      <trkpt lat="51.628820" lon="4.485886">
        <ele>-0.490803</ele>
        <time>2026-10-07T03:12:50.249Z</time>
      </trkpt>
      <trkpt lat="51.628433" lon="4.485916">
        <ele>-0.520291</ele>
        <time>2026-10-07T03:12:55.439Z</time>
      </trkpt>
      <trkpt lat="51.627345" lon="4.486141">
        <ele>-0.603777</ele>
        <time>2026-10-07T03:13:11.920Z</time>
      </trkpt>
      <trkpt lat="51.624994" lon="4.486630">
        <ele>0.246881</ele>
        <time>2026-10-07T03:13:51.674Z</time>
      </trkpt>
      <trkpt lat="51.624622" lon="4.486675">
        <ele>0.318617</ele>
        <time>2026-10-07T03:13:57.716Z</time>
      </trkpt>
      <trkpt lat="51.624447" lon="4.486612">
        <ele>0.353099</ele>
        <time>2026-10-07T03:14:00.500Z</time>
      </trkpt>
      <trkpt lat="51.624336" lon="4.486516">
        <ele>0.377327</ele>
        <time>2026-10-07T03:14:02.431Z</time>
      </trkpt>
      <trkpt lat="51.624111" lon="4.486320">
        <ele>0.426515</ele>
        <time>2026-10-07T03:14:06.255Z</time>
      </trkpt>
      <trkpt lat="51.623938" lon="4.486224">
        <ele>0.461702</ele>
        <time>2026-10-07T03:14:08.923Z</time>
      </trkpt>
      <trkpt lat="51.623811" lon="4.486042">
        <ele>0.480360</ele>
        <time>2026-10-07T03:14:12.260Z</time>
      </trkpt>
      <trkpt lat="51.622410" lon="4.484740">
        <ele>-0.092738</ele>
        <time>2026-10-07T03:14:42.416Z</time>
      </trkpt>
      <trkpt lat="51.622360" lon="4.484670">
        <ele>-0.116210</ele>
        <time>2026-10-07T03:14:43.693Z</time>
      </trkpt>
      <trkpt lat="51.622315" lon="4.484515">
        <ele>-0.146390</ele>
        <time>2026-10-07T03:14:45.755Z</time>
      </trkpt>
      <trkpt lat="51.622290" lon="4.484353">
        <ele>-0.137542</ele>
        <time>2026-10-07T03:14:47.773Z</time>
      </trkpt>
      <trkpt lat="51.622033" lon="4.477049">
        <ele>0.001948</ele>
        <time>2026-10-07T03:16:21.789Z</time>
      </trkpt>
      <trkpt lat="51.621993" lon="4.476623">
        <ele>-0.037558</ele>
        <time>2026-10-07T03:16:26.879Z</time>
      </trkpt>
      <trkpt lat="51.621034" lon="4.473340">
        <ele>-0.970667</ele>
        <time>2026-10-07T03:17:08.071Z</time>
      </trkpt>
      <trkpt lat="51.620468" lon="4.471421">
        <ele>-0.657793</ele>
        <time>2026-10-07T03:17:36.391Z</time>
      </trkpt>
      <trkpt lat="51.619834" lon="4.469236">
        <ele>-0.310812</ele>
        <time>2026-10-07T03:18:08.767Z</time>
      </trkpt>
      <trkpt lat="51.619368" lon="4.467621">
        <ele>-0.112029</ele>
        <time>2026-10-07T03:18:31.722Z</time>
      </trkpt>
      <trkpt lat="51.618667" lon="4.465279">
        <ele>-0.016894</ele>
        <time>2026-10-07T03:19:04.696Z</time>
      </trkpt>
      <trkpt lat="51.617527" lon="4.459285">
        <ele>0.046221</ele>
        <time>2026-10-07T03:20:23.265Z</time>
      </trkpt>
      <trkpt lat="51.617530" lon="4.459140">
        <ele>0.054834</ele>
        <time>2026-10-07T03:20:25.110Z</time>
      </trkpt>
      <trkpt lat="51.618419" lon="4.455953">
        <ele>0.197565</ele>
        <time>2026-10-07T03:21:10.101Z</time>
      </trkpt>
      <trkpt lat="51.618486" lon="4.455642">
        <ele>0.202159</ele>
        <time>2026-10-07T03:21:14.206Z</time>
      </trkpt>
      <trkpt lat="51.618492" lon="4.455547">
        <ele>0.203492</ele>
        <time>2026-10-07T03:21:15.410Z</time>
      </trkpt>
      <trkpt lat="51.618466" lon="4.455429">
        <ele>0.205240</ele>
        <time>2026-10-07T03:21:16.965Z</time>
      </trkpt>
      <trkpt lat="51.618412" lon="4.455299">
        <ele>0.207423</ele>
        <time>2026-10-07T03:21:18.899Z</time>
      </trkpt>
      <trkpt lat="51.618377" lon="4.455210">
        <ele>0.208894</ele>
        <time>2026-10-07T03:21:20.190Z</time>
      </trkpt>
      <trkpt lat="51.618114" lon="4.455494">
        <ele>0.216012</ele>
        <time>2026-10-07T03:21:26.487Z</time>
      </trkpt>
      <trkpt lat="51.617634" lon="4.455903">
        <ele>0.216406</ele>
        <time>2026-10-07T03:21:37.187Z</time>
      </trkpt>
      <trkpt lat="51.617397" lon="4.456062">
        <ele>0.215429</ele>
        <time>2026-10-07T03:21:42.141Z</time>
      </trkpt>
      <trkpt lat="51.616970" lon="4.456276">
        <ele>0.213726</ele>
        <time>2026-10-07T03:21:51.180Z</time>
      </trkpt>
      <trkpt lat="51.616320" lon="4.456505">
        <ele>0.217196</ele>
        <time>2026-10-07T03:22:05.074Z</time>
      </trkpt>
      <trkpt lat="51.615345" lon="4.456652">
        <ele>0.506150</ele>
        <time>2026-10-07T03:22:25.779Z</time>
      </trkpt>
      <trkpt lat="51.614519" lon="4.456821">
        <ele>0.742917</ele>
        <time>2026-10-07T03:22:44.143Z</time>
      </trkpt>
      <trkpt lat="51.614173" lon="4.456877">
        <ele>0.752476</ele>
        <time>2026-10-07T03:22:51.522Z</time>
      </trkpt>
      <trkpt lat="51.613819" lon="4.456936">
        <ele>0.762258</ele>
        <time>2026-10-07T03:22:58.970Z</time>
      </trkpt>
      <trkpt lat="51.613101" lon="4.457046">
        <ele>0.782083</ele>
        <time>2026-10-07T03:23:13.585Z</time>
      </trkpt>
      <trkpt lat="51.612603" lon="4.457083">
        <ele>0.712132</ele>
        <time>2026-10-07T03:23:22.925Z</time>
      </trkpt>
      <trkpt lat="51.612486" lon="4.457100">
        <ele>0.653204</ele>
        <time>2026-10-07T03:23:25.088Z</time>
      </trkpt>
      <trkpt lat="51.612355" lon="4.457098">
        <ele>0.587488</ele>
        <time>2026-10-07T03:23:27.527Z</time>
      </trkpt>
      <trkpt lat="51.612305" lon="4.457033">
        <ele>0.555255</ele>
        <time>2026-10-07T03:23:28.719Z</time>
      </trkpt>
      <trkpt lat="51.612251" lon="4.456855">
        <ele>0.493546</ele>
        <time>2026-10-07T03:23:31.022Z</time>
      </trkpt>
      <trkpt lat="51.612207" lon="4.456841">
        <ele>0.471048</ele>
        <time>2026-10-07T03:23:31.846Z</time>
      </trkpt>
      <trkpt lat="51.612115" lon="4.455843">
        <ele>0.156767</ele>
        <time>2026-10-07T03:23:40.218Z</time>
      </trkpt>
      <trkpt lat="51.612113" lon="4.455546">
        <ele>0.064247</ele>
        <time>2026-10-07T03:23:42.640Z</time>
      </trkpt>
      <trkpt lat="51.612420" lon="4.454277">
        <ele>-0.249667</ele>
        <time>2026-10-07T03:23:53.649Z</time>
      </trkpt>
      <trkpt lat="51.612572" lon="4.452825">
        <ele>-0.505289</ele>
        <time>2026-10-07T03:24:05.701Z</time>
      </trkpt>
      <trkpt lat="51.612626" lon="4.452358">
        <ele>-0.587753</ele>
        <time>2026-10-07T03:24:10.056Z</time>
      </trkpt>
      <trkpt lat="51.612627" lon="4.452128">
        <ele>-0.574857</ele>
        <time>2026-10-07T03:24:12.294Z</time>
      </trkpt>
      <trkpt lat="51.612925" lon="4.449027">
        <ele>0.778600</ele>
        <time>2026-10-07T03:24:48.726Z</time>
      </trkpt>
      <trkpt lat="51.613013" lon="4.447769">
        <ele>0.803372</ele>
        <time>2026-10-07T03:25:00.550Z</time>
      </trkpt>
      <trkpt lat="51.613031" lon="4.447497">
        <ele>0.808725</ele>
        <time>2026-10-07T03:25:02.773Z</time>
      </trkpt>
      <trkpt lat="51.613143" lon="4.445859">
        <ele>0.868531</ele>
        <time>2026-10-07T03:25:16.802Z</time>
      </trkpt>
      <trkpt lat="51.613168" lon="4.445718">
        <ele>0.877990</ele>
        <time>2026-10-07T03:25:18.106Z</time>
      </trkpt>
      <trkpt lat="51.613301" lon="4.444811">
        <ele>0.938104</ele>
        <time>2026-10-07T03:25:26.655Z</time>
      </trkpt>
      <trkpt lat="51.613435" lon="4.443651">
        <ele>1.014213</ele>
        <time>2026-10-07T03:25:39.033Z</time>
      </trkpt>
      <trkpt lat="51.613445" lon="4.443234">
        <ele>1.068249</ele>
        <time>2026-10-07T03:25:43.470Z</time>
      </trkpt>
      <trkpt lat="51.613435" lon="4.443046">
        <ele>1.093454</ele>
        <time>2026-10-07T03:25:45.408Z</time>
      </trkpt>
      <trkpt lat="51.613433" lon="4.443002">
        <ele>1.099347</ele>
        <time>2026-10-07T03:25:45.861Z</time>
      </trkpt>
      <trkpt lat="51.613417" lon="4.442711">
        <ele>1.138371</ele>
        <time>2026-10-07T03:25:48.877Z</time>
      </trkpt>
      <trkpt lat="51.613361" lon="4.441955">
        <ele>1.240073</ele>
        <time>2026-10-07T03:25:57.035Z</time>
      </trkpt>
      <trkpt lat="51.613340" lon="4.441720">
        <ele>1.271788</ele>
        <time>2026-10-07T03:25:59.468Z</time>
      </trkpt>
      <trkpt lat="51.613326" lon="4.441522">
        <ele>1.298407</ele>
        <time>2026-10-07T03:26:01.420Z</time>
      </trkpt>
      <trkpt lat="51.613295" lon="4.441334">
        <ele>1.324391</ele>
        <time>2026-10-07T03:26:03.230Z</time>
      </trkpt>
      <trkpt lat="51.613125" lon="4.440869">
        <ele>1.396471</ele>
        <time>2026-10-07T03:26:07.914Z</time>
      </trkpt>
      <trkpt lat="51.613114" lon="4.440727">
        <ele>1.360384</ele>
        <time>2026-10-07T03:26:09.060Z</time>
      </trkpt>
      <trkpt lat="51.613108" lon="4.440608">
        <ele>1.307885</ele>
        <time>2026-10-07T03:26:10.005Z</time>
      </trkpt>
      <trkpt lat="51.613039" lon="4.440599">
        <ele>1.258865</ele>
        <time>2026-10-07T03:26:10.848Z</time>
      </trkpt>
      <trkpt lat="51.612977" lon="4.440531">
        <ele>1.205746</ele>
        <time>2026-10-07T03:26:11.759Z</time>
      </trkpt>
      <trkpt lat="51.612353" lon="4.439055">
        <ele>0.420579</ele>
        <time>2026-10-07T03:26:24.915Z</time>
      </trkpt>
      <trkpt lat="51.610578" lon="4.434878">
        <ele>0.561934</ele>
        <time>2026-10-07T03:27:12.742Z</time>
      </trkpt>
      <trkpt lat="51.610529" lon="4.434628">
        <ele>0.623191</ele>
        <time>2026-10-07T03:27:15.600Z</time>
      </trkpt>
      <trkpt lat="51.610534" lon="4.434406">
        <ele>0.675098</ele>
        <time>2026-10-07T03:27:18.035Z</time>
      </trkpt>
      <trkpt lat="51.610591" lon="4.434147">
        <ele>0.739305</ele>
        <time>2026-10-07T03:27:21.063Z</time>
      </trkpt>
      <trkpt lat="51.610664" lon="4.433973">
        <ele>0.788371</ele>
        <time>2026-10-07T03:27:23.391Z</time>
      </trkpt>
      <trkpt lat="51.610262" lon="4.433083">
        <ele>1.091394</ele>
        <time>2026-10-07T03:27:39.257Z</time>
      </trkpt>
      <trkpt lat="51.610371" lon="4.432931">
        <ele>1.161422</ele>
        <time>2026-10-07T03:27:42.535Z</time>
      </trkpt>
      <trkpt lat="51.611012" lon="4.430805">
        <ele>1.789557</ele>
        <time>2026-10-07T03:28:14.496Z</time>
      </trkpt>
      <trkpt lat="51.611876" lon="4.428257">
        <ele>1.951368</ele>
        <time>2026-10-07T03:28:51.422Z</time>
      </trkpt>
      <trkpt lat="51.612139" lon="4.427181">
        <ele>1.864193</ele>
        <time>2026-10-07T03:29:06.009Z</time>
      </trkpt>
      <trkpt lat="51.612410" lon="4.425930">
        <ele>1.764311</ele>
        <time>2026-10-07T03:29:22.034Z</time>
      </trkpt>
      <trkpt lat="51.612521" lon="4.425401">
        <ele>1.460580</ele>
        <time>2026-10-07T03:29:28.468Z</time>
      </trkpt>
      <trkpt lat="51.612355" lon="4.425310">
        <ele>1.298392</ele>
        <time>2026-10-07T03:29:31.644Z</time>
      </trkpt>
      <trkpt lat="51.612690" lon="4.423830">
        <ele>0.393642</ele>
        <time>2026-10-07T03:29:48.231Z</time>
      </trkpt>
      <trkpt lat="51.612867" lon="4.422854">
        <ele>-0.027001</ele>
        <time>2026-10-07T03:29:58.988Z</time>
      </trkpt>
      <trkpt lat="51.612824" lon="4.422828">
        <ele>-0.045431</ele>
        <time>2026-10-07T03:30:03.861Z</time>
      </trkpt>
      <trkpt lat="51.612140" lon="4.422433">
        <ele>-0.337001</ele>
        <time>2026-10-07T03:31:23.538Z</time>
      </trkpt>
      <trkpt lat="51.612824" lon="4.422828">
        <ele>-0.623873</ele>
        <time>2026-10-07T03:32:44.423Z</time>
      </trkpt>
      <trkpt lat="51.612867" lon="4.422854">
        <ele>-0.625037</ele>
        <time>2026-10-07T03:32:49.519Z</time>
      </trkpt>
      <trkpt lat="51.613175" lon="4.421663">
        <ele>-0.645347</ele>
        <time>2026-10-07T03:33:06.199Z</time>
      </trkpt>
      <trkpt lat="51.613322" lon="4.421191">
        <ele>-0.653660</ele>
        <time>2026-10-07T03:33:12.820Z</time>
      </trkpt>
      <trkpt lat="51.613443" lon="4.421049">
        <ele>-0.657455</ele>
        <time>2026-10-07T03:33:15.756Z</time>
      </trkpt>
      <trkpt lat="51.613843" lon="4.419204">
        <ele>-0.868484</ele>
        <time>2026-10-07T03:33:38.921Z</time>
      </trkpt>
      <trkpt lat="51.614431" lon="4.416728">
        <ele>-1.162981</ele>
        <time>2026-10-07T03:34:10.678Z</time>
      </trkpt>
      <trkpt lat="51.614839" lon="4.415156">
        <ele>-1.193145</ele>
        <time>2026-10-07T03:34:32.470Z</time>
      </trkpt>
      <trkpt lat="51.614862" lon="4.414990">
        <ele>-1.196156</ele>
        <time>2026-10-07T03:34:34.685Z</time>
      </trkpt>
      <trkpt lat="51.614872" lon="4.414387">
        <ele>-1.175966</ele>
        <time>2026-10-07T03:34:42.510Z</time>
      </trkpt>
      <trkpt lat="51.614906" lon="4.414213">
        <ele>-1.168881</ele>
        <time>2026-10-07T03:34:44.849Z</time>
      </trkpt>
      <trkpt lat="51.615043" lon="4.413878">
        <ele>-1.153301</ele>
        <time>2026-10-07T03:34:50.032Z</time>
      </trkpt>
      <trkpt lat="51.615150" lon="4.413723">
        <ele>-1.144299</ele>
        <time>2026-10-07T03:34:53.002Z</time>
      </trkpt>
      <trkpt lat="51.615276" lon="4.413506">
        <ele>-1.132759</ele>
        <time>2026-10-07T03:34:56.757Z</time>
      </trkpt>
      <trkpt lat="51.619190" lon="4.398532">
        <ele>-0.973946</ele>
        <time>2026-10-07T03:38:21.446Z</time>
      </trkpt>
      <trkpt lat="51.620385" lon="4.394010">
        <ele>-1.421684</ele>
        <time>2026-10-07T03:39:20.787Z</time>
      </trkpt>
      <trkpt lat="51.620416" lon="4.393691">
        <ele>-1.451156</ele>
        <time>2026-10-07T03:39:24.885Z</time>
      </trkpt>
      <trkpt lat="51.620463" lon="4.393206">
        <ele>-1.411932</ele>
        <time>2026-10-07T03:39:31.205Z</time>
      </trkpt>
      <trkpt lat="51.620491" lon="4.393097">
        <ele>-1.401101</ele>
        <time>2026-10-07T03:39:32.743Z</time>
      </trkpt>
      <trkpt lat="51.620549" lon="4.392914">
        <ele>-1.382237</ele>
        <time>2026-10-07T03:39:35.422Z</time>
      </trkpt>
      <trkpt lat="51.620688" lon="4.392666">
        <ele>-1.351561</ele>
        <time>2026-10-07T03:39:39.816Z</time>
      </trkpt>
      <trkpt lat="51.620865" lon="4.392203">
        <ele>-1.301639</ele>
        <time>2026-10-07T03:39:47.011Z</time>
      </trkpt>
      <trkpt lat="51.622460" lon="4.386136">
        <ele>-0.823555</ele>
        <time>2026-10-07T03:41:11.992Z</time>
      </trkpt>
      <trkpt lat="51.622875" lon="4.385157">
        <ele>-0.792594</ele>
        <time>2026-10-07T03:41:26.440Z</time>
      </trkpt>
      <trkpt lat="51.623350" lon="4.383992">
        <ele>-0.768320</ele>
        <time>2026-10-07T03:41:43.825Z</time>
      </trkpt>
      <trkpt lat="51.623902" lon="4.382480">
        <ele>-0.690821</ele>
        <time>2026-10-07T03:42:07.040Z</time>
      </trkpt>
      <trkpt lat="51.624036" lon="4.382018">
        <ele>-0.657847</ele>
        <time>2026-10-07T03:42:13.730Z</time>
      </trkpt>
      <trkpt lat="51.624276" lon="4.381100">
        <ele>-0.593438</ele>
        <time>2026-10-07T03:42:22.918Z</time>
      </trkpt>
      <trkpt lat="51.624427" lon="4.380503">
        <ele>-0.561023</ele>
        <time>2026-10-07T03:42:28.489Z</time>
      </trkpt>
      <trkpt lat="51.624718" lon="4.378914">
        <ele>-0.516034</ele>
        <time>2026-10-07T03:42:43.265Z</time>
      </trkpt>
      <trkpt lat="51.624916" lon="4.377082">
        <ele>-0.503671</ele>
        <time>2026-10-07T03:43:01.968Z</time>
      </trkpt>
      <trkpt lat="51.625061" lon="4.376252">
        <ele>-0.518219</ele>
        <time>2026-10-07T03:43:10.082Z</time>
      </trkpt>
      <trkpt lat="51.625108" lon="4.376018">
        <ele>-0.522368</ele>
        <time>2026-10-07T03:43:12.256Z</time>
      </trkpt>
      <trkpt lat="51.625237" lon="4.376118">
        <ele>-0.526259</ele>
        <time>2026-10-07T03:43:14.258Z</time>
      </trkpt>
      <trkpt lat="51.625402" lon="4.376212">
        <ele>-0.531016</ele>
        <time>2026-10-07T03:43:33.533Z</time>
      </trkpt>
      <trkpt lat="51.625538" lon="4.375291">
        <ele>-0.609105</ele>
        <time>2026-10-07T03:43:44.509Z</time>
      </trkpt>
      <trkpt lat="51.627418" lon="4.368105">
        <ele>-1.536687</ele>
        <time>2026-10-07T03:45:18.990Z</time>
      </trkpt>
      <trkpt lat="51.627746" lon="4.366848">
        <ele>-1.524952</ele>
        <time>2026-10-07T03:45:36.246Z</time>
      </trkpt>
      <trkpt lat="51.627863" lon="4.366420">
        <ele>-1.504444</ele>
        <time>2026-10-07T03:45:42.252Z</time>
      </trkpt>
      <trkpt lat="51.628445" lon="4.364229">
        <ele>-1.437629</ele>
        <time>2026-10-07T03:46:04.682Z</time>
      </trkpt>
      <trkpt lat="51.628467" lon="4.364043">
        <ele>-1.436766</ele>
        <time>2026-10-07T03:46:06.416Z</time>
      </trkpt>
      <trkpt lat="51.628483" lon="4.363855">
        <ele>-1.435901</ele>
        <time>2026-10-07T03:46:08.139Z</time>
      </trkpt>
      <trkpt lat="51.628489" lon="4.363628">
        <ele>-1.434865</ele>
        <time>2026-10-07T03:46:10.226Z</time>
      </trkpt>
      <trkpt lat="51.628482" lon="4.363474">
        <ele>-1.434161</ele>
        <time>2026-10-07T03:46:11.667Z</time>
      </trkpt>
      <trkpt lat="51.628467" lon="4.363277">
        <ele>-1.433257</ele>
        <time>2026-10-07T03:46:14.181Z</time>
      </trkpt>
      <trkpt lat="51.628509" lon="4.363006">
        <ele>-1.431984</ele>
        <time>2026-10-07T03:46:17.700Z</time>
      </trkpt>
      <trkpt lat="51.629181" lon="4.360460">
        <ele>-1.748298</ele>
        <time>2026-10-07T03:46:52.107Z</time>
      </trkpt>
      <trkpt lat="51.629752" lon="4.358281">
        <ele>-2.235015</ele>
        <time>2026-10-07T03:47:18.587Z</time>
      </trkpt>
      <trkpt lat="51.630183" lon="4.356599">
        <ele>-2.534446</ele>
        <time>2026-10-07T03:47:40.846Z</time>
      </trkpt>
      <trkpt lat="51.630874" lon="4.353946">
        <ele>-2.392042</ele>
        <time>2026-10-07T03:48:18.050Z</time>
      </trkpt>
      <trkpt lat="51.630945" lon="4.353667">
        <ele>-2.363269</ele>
        <time>2026-10-07T03:48:21.886Z</time>
      </trkpt>
      <trkpt lat="51.632870" lon="4.346520">
        <ele>-1.506334</ele>
        <time>2026-10-07T03:50:02.486Z</time>
      </trkpt>
      <trkpt lat="51.634115" lon="4.341667">
        <ele>-0.101475</ele>
        <time>2026-10-07T03:51:15.456Z</time>
      </trkpt>
      <trkpt lat="51.634032" lon="4.341612">
        <ele>-0.067975</ele>
        <time>2026-10-07T03:51:17.323Z</time>
      </trkpt>
      <trkpt lat="51.633790" lon="4.341450">
        <ele>0.029842</ele>
        <time>2026-10-07T03:51:22.698Z</time>
      </trkpt>
      <trkpt lat="51.633470" lon="4.341160">
        <ele>0.015539</ele>
        <time>2026-10-07T03:51:30.028Z</time>
      </trkpt>
      <trkpt lat="51.630500" lon="4.339680">
        <ele>-0.492995</ele>
        <time>2026-10-07T03:52:30.347Z</time>
      </trkpt>
      <trkpt lat="51.630290" lon="4.339630">
        <ele>-0.526249</ele>
        <time>2026-10-07T03:52:34.715Z</time>
      </trkpt>
      <trkpt lat="51.630240" lon="4.339300">
        <ele>-0.539454</ele>
        <time>2026-10-07T03:52:39.059Z</time>
      </trkpt>
      <trkpt lat="51.629190" lon="4.336090">
        <ele>-0.619122</ele>
        <time>2026-10-07T03:53:23.823Z</time>
      </trkpt>
      <trkpt lat="51.626260" lon="4.326830">
        <ele>-0.426306</ele>
        <time>2026-10-07T03:55:35.391Z</time>
      </trkpt>
      <trkpt lat="51.625460" lon="4.324340">
        <ele>-0.433041</ele>
        <time>2026-10-07T03:56:10.359Z</time>
      </trkpt>
      <trkpt lat="51.624990" lon="4.322840">
        <ele>-0.483288</ele>
        <time>2026-10-07T03:56:32.246Z</time>
      </trkpt>
      <trkpt lat="51.624890" lon="4.322660">
        <ele>-0.491452</ele>
        <time>2026-10-07T03:56:35.355Z</time>
      </trkpt>
      <trkpt lat="51.624860" lon="4.322620">
        <ele>-0.493572</ele>
        <time>2026-10-07T03:56:36.165Z</time>
      </trkpt>
      <trkpt lat="51.624951" lon="4.322382">
        <ele>-0.503020</ele>
        <time>2026-10-07T03:56:39.711Z</time>
      </trkpt>
      <trkpt lat="51.626702" lon="4.315045">
        <ele>-2.196019</ele>
        <time>2026-10-07T03:58:11.290Z</time>
      </trkpt>
      <trkpt lat="51.627049" lon="4.313563">
        <ele>-2.464516</ele>
        <time>2026-10-07T03:58:30.077Z</time>
      </trkpt>
      <trkpt lat="51.627106" lon="4.313239">
        <ele>-2.407483</ele>
        <time>2026-10-07T03:58:34.352Z</time>
      </trkpt>
      <trkpt lat="51.627160" lon="4.312646">
        <ele>-2.224952</ele>
        <time>2026-10-07T03:58:42.240Z</time>
      </trkpt>
      <trkpt lat="51.627342" lon="4.309698">
        <ele>-1.204329</ele>
        <time>2026-10-07T03:59:24.756Z</time>
      </trkpt>
      <trkpt lat="51.627315" lon="4.309218">
        <ele>-0.994516</ele>
        <time>2026-10-07T03:59:31.648Z</time>
      </trkpt>
      <trkpt lat="51.627122" lon="4.307575">
        <ele>-0.311377</ele>
        <time>2026-10-07T03:59:55.652Z</time>
      </trkpt>
      <trkpt lat="51.626946" lon="4.306120">
        <ele>-0.076202</ele>
        <time>2026-10-07T04:00:15.987Z</time>
      </trkpt>
      <trkpt lat="51.626779" lon="4.304697">
        <ele>0.099483</ele>
        <time>2026-10-07T04:00:34.145Z</time>
      </trkpt>
      <trkpt lat="51.626815" lon="4.304448">
        <ele>0.069180</ele>
        <time>2026-10-07T04:00:37.153Z</time>
      </trkpt>
      <trkpt lat="51.627059" lon="4.304032">
        <ele>0.001347</ele>
        <time>2026-10-07T04:00:43.733Z</time>
      </trkpt>
      <trkpt lat="51.627077" lon="4.303813">
        <ele>-0.024837</ele>
        <time>2026-10-07T04:00:46.318Z</time>
      </trkpt>
      <trkpt lat="51.626979" lon="4.303286">
        <ele>-0.090041</ele>
        <time>2026-10-07T04:00:52.823Z</time>
      </trkpt>
      <trkpt lat="51.626931" lon="4.303166">
        <ele>-0.106961</ele>
        <time>2026-10-07T04:00:54.552Z</time>
      </trkpt>
      <trkpt lat="51.626754" lon="4.302925">
        <ele>-0.151210</ele>
        <time>2026-10-07T04:00:59.082Z</time>
      </trkpt>
      <trkpt lat="51.626714" lon="4.302743">
        <ele>-0.174094</ele>
        <time>2026-10-07T04:01:01.447Z</time>
      </trkpt>
      <trkpt lat="51.627188" lon="4.298314">
        <ele>-0.074692</ele>
        <time>2026-10-07T04:01:59.412Z</time>
      </trkpt>
      <trkpt lat="51.627463" lon="4.295801">
        <ele>-0.243527</ele>
        <time>2026-10-07T04:02:29.948Z</time>
      </trkpt>
      <trkpt lat="51.627510" lon="4.295214">
        <ele>-0.296801</ele>
        <time>2026-10-07T04:02:36.944Z</time>
      </trkpt>
      <trkpt lat="51.628071" lon="4.289961">
        <ele>-0.571623</ele>
        <time>2026-10-07T04:03:43.530Z</time>
      </trkpt>
      <trkpt lat="51.628120" lon="4.288330">
        <ele>-0.714674</ele>
        <time>2026-10-07T04:04:03.329Z</time>
      </trkpt>
      <trkpt lat="51.628360" lon="4.286090">
        <ele>-0.940101</ele>
        <time>2026-10-07T04:04:30.629Z</time>
      </trkpt>
      <trkpt lat="51.628520" lon="4.283590">
        <ele>-0.981330</ele>
        <time>2026-10-07T04:05:01.755Z</time>
      </trkpt>
      <trkpt lat="51.628470" lon="4.283270">
        <ele>-0.971083</ele>
        <time>2026-10-07T04:05:05.971Z</time>
      </trkpt>
      <trkpt lat="51.625808" lon="4.277812">
        <ele>-0.011256</ele>
        <time>2026-10-07T04:06:37.623Z</time>
      </trkpt>
      <trkpt lat="51.625555" lon="4.277187">
        <ele>-0.055560</ele>
        <time>2026-10-07T04:06:47.751Z</time>
      </trkpt>
      <trkpt lat="51.625429" lon="4.276971">
        <ele>-0.073160</ele>
        <time>2026-10-07T04:06:51.735Z</time>
      </trkpt>
      <trkpt lat="51.620044" lon="4.274085">
        <ele>-0.622201</ele>
        <time>2026-10-07T04:08:42.834Z</time>
      </trkpt>
      <trkpt lat="51.620137" lon="4.273786">
        <ele>-0.643297</ele>
        <time>2026-10-07T04:08:46.945Z</time>
      </trkpt>
      <trkpt lat="51.622397" lon="4.268666">
        <ele>-0.677396</ele>
        <time>2026-10-07T04:10:05.683Z</time>
      </trkpt>
      <trkpt lat="51.622609" lon="4.268135">
        <ele>-0.657302</ele>
        <time>2026-10-07T04:10:13.757Z</time>
      </trkpt>
      <trkpt lat="51.622861" lon="4.267323">
        <ele>-0.593850</ele>
        <time>2026-10-07T04:10:25.441Z</time>
      </trkpt>
      <trkpt lat="51.623061" lon="4.266829">
        <ele>-0.552628</ele>
        <time>2026-10-07T04:10:33.076Z</time>
      </trkpt>
      <trkpt lat="51.626658" lon="4.258600">
        <ele>0.375471</ele>
        <time>2026-10-07T04:12:43.738Z</time>
      </trkpt>
      <trkpt lat="51.626723" lon="4.258304">
        <ele>0.335488</ele>
        <time>2026-10-07T04:12:47.472Z</time>
      </trkpt>
      <trkpt lat="51.626709" lon="4.257997">
        <ele>0.296288</ele>
        <time>2026-10-07T04:12:51.087Z</time>
      </trkpt>
      <trkpt lat="51.626550" lon="4.257369">
        <ele>0.209921</ele>
        <time>2026-10-07T04:12:58.970Z</time>
      </trkpt>
      <trkpt lat="51.626484" lon="4.257244">
        <ele>0.189024</ele>
        <time>2026-10-07T04:13:00.909Z</time>
      </trkpt>
      <trkpt lat="51.626472" lon="4.257197">
        <ele>0.182553</ele>
        <time>2026-10-07T04:13:03.111Z</time>
      </trkpt>
      <trkpt lat="51.626442" lon="4.257200">
        <ele>0.176387</ele>
        <time>2026-10-07T04:13:05.215Z</time>
      </trkpt>
      <trkpt lat="51.626279" lon="4.257274">
        <ele>0.141647</ele>
        <time>2026-10-07T04:13:16.979Z</time>
      </trkpt>
      <trkpt lat="51.626148" lon="4.257333">
        <ele>0.113744</ele>
        <time>2026-10-07T04:13:26.401Z</time>
      </trkpt>
      <trkpt lat="51.626019" lon="4.257341">
        <ele>0.087263</ele>
        <time>2026-10-07T04:13:35.381Z</time>
      </trkpt>
      <trkpt lat="51.625927" lon="4.257256">
        <ele>0.065506</ele>
        <time>2026-10-07T04:13:42.800Z</time>
      </trkpt>
      <trkpt lat="51.625893" lon="4.257186">
        <ele>0.054188</ele>
        <time>2026-10-07T04:13:46.615Z</time>
      </trkpt>
      <trkpt lat="51.625888" lon="4.257166">
        <ele>0.051442</ele>
        <time>2026-10-07T04:13:46.862Z</time>
      </trkpt>
      <trkpt lat="51.625649" lon="4.256384">
        <ele>0.130711</ele>
        <time>2026-10-07T04:14:24.457Z</time>
      </trkpt>
      <trkpt lat="51.625625" lon="4.256293">
        <ele>0.143961</ele>
        <time>2026-10-07T04:14:28.731Z</time>
      </trkpt>
      <trkpt lat="51.625640" lon="4.256128">
        <ele>0.166309</ele>
        <time>2026-10-07T04:14:35.916Z</time>
      </trkpt>
      <trkpt lat="51.625737" lon="4.255966">
        <ele>0.196472</ele>
        <time>2026-10-07T04:14:45.673Z</time>
      </trkpt>
      <trkpt lat="51.626010" lon="4.255595">
        <ele>0.273577</ele>
        <time>2026-10-07T04:15:10.485Z</time>
      </trkpt>
      <trkpt lat="51.626013" lon="4.255542">
        <ele>0.280709</ele>
        <time>2026-10-07T04:15:12.812Z</time>
      </trkpt>
      <trkpt lat="51.625939" lon="4.255266">
        <ele>0.320998</ele>
        <time>2026-10-07T04:15:25.784Z</time>
      </trkpt>
      <trkpt lat="51.625892" lon="4.255118">
        <ele>0.343277</ele>
        <time>2026-10-07T04:15:32.950Z</time>
      </trkpt>
      <trkpt lat="51.625876" lon="4.255065">
        <ele>0.351175</ele>
        <time>2026-10-07T04:15:35.482Z</time>
      </trkpt>
      <trkpt lat="51.625784" lon="4.254741">
        <ele>0.398922</ele>
        <time>2026-10-07T04:15:50.872Z</time>
      </trkpt>
      <trkpt lat="51.625760" lon="4.254743">
        <ele>0.404110</ele>
        <time>2026-10-07T04:15:52.557Z</time>
      </trkpt>
      <trkpt lat="51.625693" lon="4.254520">
        <ele>0.399989</ele>
        <time>2026-10-07T04:15:55.714Z</time>
      </trkpt>
      <trkpt lat="51.625712" lon="4.254362">
        <ele>0.370869</ele>
        <time>2026-10-07T04:15:57.759Z</time>
      </trkpt>
      <trkpt lat="51.625654" lon="4.254245">
        <ele>0.343777</ele>
        <time>2026-10-07T04:15:59.675Z</time>
      </trkpt>
      <trkpt lat="51.625629" lon="4.254238">
        <ele>0.336381</ele>
        <time>2026-10-07T04:16:00.031Z</time>
      </trkpt>
      <trkpt lat="51.625556" lon="4.254243">
        <ele>0.315085</ele>
        <time>2026-10-07T04:16:01.121Z</time>
      </trkpt>
      <trkpt lat="51.625483" lon="4.254278">
        <ele>0.292886</ele>
        <time>2026-10-07T04:16:02.213Z</time>
      </trkpt>
      <trkpt lat="51.625146" lon="4.254649">
        <ele>0.173914</ele>
        <time>2026-10-07T04:16:07.951Z</time>
      </trkpt>
      <trkpt lat="51.624905" lon="4.254750">
        <ele>0.101333</ele>
        <time>2026-10-07T04:16:11.195Z</time>
      </trkpt>
      <trkpt lat="51.624795" lon="4.254747">
        <ele>0.069267</ele>
        <time>2026-10-07T04:16:12.599Z</time>
      </trkpt>
      <trkpt lat="51.624732" lon="4.254730">
        <ele>0.050649</ele>
        <time>2026-10-07T04:16:13.397Z</time>
      </trkpt>
      <trkpt lat="51.624681" lon="4.254728">
        <ele>0.035780</ele>
        <time>2026-10-07T04:16:14.051Z</time>
      </trkpt>
      <trkpt lat="51.624363" lon="4.254236">
        <ele>-0.092735</ele>
        <time>2026-10-07T04:16:29.466Z</time>
      </trkpt>
      <trkpt lat="51.624301" lon="4.254179">
        <ele>-0.107675</ele>
        <time>2026-10-07T04:16:31.971Z</time>
      </trkpt>
      <trkpt lat="51.623708" lon="4.253951">
        <ele>-0.188226</ele>
        <time>2026-10-07T04:16:53.916Z</time>
      </trkpt>
      <trkpt lat="51.623529" lon="4.253719">
        <ele>-0.218582</ele>
        <time>2026-10-07T04:17:02.217Z</time>
      </trkpt>
      <trkpt lat="51.622434" lon="4.252065">
        <ele>-0.290870</ele>
        <time>2026-10-07T04:17:58.284Z</time>
      </trkpt>
      <trkpt lat="51.622447" lon="4.251886">
        <ele>-0.281284</ele>
        <time>2026-10-07T04:18:00.601Z</time>
      </trkpt>
      <trkpt lat="51.622609" lon="4.251367">
        <ele>-0.250384</ele>
        <time>2026-10-07T04:18:08.035Z</time>
      </trkpt>
      <trkpt lat="51.623962" lon="4.249017">
        <ele>-0.068843</ele>
        <time>2026-10-07T04:18:49.357Z</time>
      </trkpt>
      <trkpt lat="51.624670" lon="4.247781">
        <ele>-0.068695</ele>
        <time>2026-10-07T04:19:10.437Z</time>
      </trkpt>
      <trkpt lat="51.624952" lon="4.247287">
        <ele>-0.113501</ele>
        <time>2026-10-07T04:19:18.626Z</time>
      </trkpt>
      <trkpt lat="51.625083" lon="4.247002">
        <ele>-0.137178</ele>
        <time>2026-10-07T04:19:22.924Z</time>
      </trkpt>
      <trkpt lat="51.625113" lon="4.246922">
        <ele>-0.143418</ele>
        <time>2026-10-07T04:19:24.067Z</time>
      </trkpt>
      <trkpt lat="51.625588" lon="4.245821">
        <ele>-0.202118</ele>
        <time>2026-10-07T04:19:40.315Z</time>
      </trkpt>
      <trkpt lat="51.627568" lon="4.239977">
        <ele>0.067723</ele>
        <time>2026-10-07T04:21:05.123Z</time>
      </trkpt>
      <trkpt lat="51.628049" lon="4.238559">
        <ele>0.122529</ele>
        <time>2026-10-07T04:21:25.436Z</time>
      </trkpt>
      <trkpt lat="51.628119" lon="4.238192">
        <ele>0.153567</ele>
        <time>2026-10-07T04:21:30.309Z</time>
      </trkpt>
      <trkpt lat="51.628158" lon="4.232838">
        <ele>0.621699</ele>
        <time>2026-10-07T04:22:39.889Z</time>
      </trkpt>
      <trkpt lat="51.628087" lon="4.232442">
        <ele>0.601650</ele>
        <time>2026-10-07T04:22:45.042Z</time>
      </trkpt>
      <trkpt lat="51.626585" lon="4.226731">
        <ele>-0.133471</ele>
        <time>2026-10-07T04:23:59.587Z</time>
      </trkpt>
      <trkpt lat="51.626452" lon="4.226434">
        <ele>-0.148567</ele>
        <time>2026-10-07T04:24:04.086Z</time>
      </trkpt>
      <trkpt lat="51.626105" lon="4.225915">
        <ele>-0.180010</ele>
        <time>2026-10-07T04:24:13.586Z</time>
      </trkpt>
      <trkpt lat="51.625945" lon="4.225760">
        <ele>-0.192408</ele>
        <time>2026-10-07T04:24:17.371Z</time>
      </trkpt>
      <trkpt lat="51.622616" lon="4.224021">
        <ele>0.071952</ele>
        <time>2026-10-07T04:25:30.088Z</time>
      </trkpt>
      <trkpt lat="51.622366" lon="4.223888">
        <ele>0.081937</ele>
        <time>2026-10-07T04:25:35.407Z</time>
      </trkpt>
      <trkpt lat="51.620452" lon="4.222901">
        <ele>-0.293795</ele>
        <time>2026-10-07T04:26:14.259Z</time>
      </trkpt>
      <trkpt lat="51.618290" lon="4.221729">
        <ele>-0.621000</ele>
        <time>2026-10-07T04:26:58.478Z</time>
      </trkpt>
      <trkpt lat="51.615911" lon="4.220507">
        <ele>-0.145022</ele>
        <time>2026-10-07T04:27:51.807Z</time>
      </trkpt>
      <trkpt lat="51.615763" lon="4.220432">
        <ele>-0.108015</ele>
        <time>2026-10-07T04:27:55.093Z</time>
      </trkpt>
      <trkpt lat="51.610575" lon="4.217702">
        <ele>0.435795</ele>
        <time>2026-10-07T04:29:47.028Z</time>
      </trkpt>
      <trkpt lat="51.610346" lon="4.217538">
        <ele>0.461096</ele>
        <time>2026-10-07T04:29:52.334Z</time>
      </trkpt>
      <trkpt lat="51.610189" lon="4.217373">
        <ele>0.480022</ele>
        <time>2026-10-07T04:29:56.307Z</time>
      </trkpt>
      <trkpt lat="51.609524" lon="4.216610">
        <ele>0.497036</ele>
        <time>2026-10-07T04:30:09.031Z</time>
      </trkpt>
      <trkpt lat="51.608951" lon="4.215885">
        <ele>0.507038</ele>
        <time>2026-10-07T04:30:19.749Z</time>
      </trkpt>
      <trkpt lat="51.608807" lon="4.215716">
        <ele>0.509483</ele>
        <time>2026-10-07T04:30:22.278Z</time>
      </trkpt>
      <trkpt lat="51.609097" lon="4.214141">
        <ele>0.389135</ele>
        <time>2026-10-07T04:30:42.036Z</time>
      </trkpt>
      <trkpt lat="51.609442" lon="4.211922">
        <ele>0.441905</ele>
        <time>2026-10-07T04:31:10.364Z</time>
      </trkpt>
      <trkpt lat="51.609742" lon="4.209778">
        <ele>0.953032</ele>
        <time>2026-10-07T04:31:40.578Z</time>
      </trkpt>
      <trkpt lat="51.610150" lon="4.208422">
        <ele>1.541053</ele>
        <time>2026-10-07T04:32:02.303Z</time>
      </trkpt>
      <trkpt lat="51.610181" lon="4.208260">
        <ele>1.607207</ele>
        <time>2026-10-07T04:32:04.726Z</time>
      </trkpt>
      <trkpt lat="51.610388" lon="4.206454">
        <ele>2.178175</ele>
        <time>2026-10-07T04:32:30.200Z</time>
      </trkpt>
      <trkpt lat="51.610946" lon="4.202798">
        <ele>2.704630</ele>
        <time>2026-10-07T04:33:19.662Z</time>
      </trkpt>
      <trkpt lat="51.611353" lon="4.200262">
        <ele>2.846361</ele>
        <time>2026-10-07T04:33:43.631Z</time>
      </trkpt>
      <trkpt lat="51.611632" lon="4.198744">
        <ele>2.902393</ele>
        <time>2026-10-07T04:33:58.599Z</time>
      </trkpt>
      <trkpt lat="51.611912" lon="4.197395">
        <ele>2.858812</ele>
        <time>2026-10-07T04:34:12.281Z</time>
      </trkpt>
      <trkpt lat="51.612462" lon="4.195037">
        <ele>2.528600</ele>
        <time>2026-10-07T04:34:34.492Z</time>
      </trkpt>
      <trkpt lat="51.612809" lon="4.193578">
        <ele>2.102988</ele>
        <time>2026-10-07T04:34:46.626Z</time>
      </trkpt>
      <trkpt lat="51.613136" lon="4.192206">
        <ele>2.233564</ele>
        <time>2026-10-07T04:35:00.214Z</time>
      </trkpt>
      <trkpt lat="51.613322" lon="4.191380">
        <ele>2.388860</ele>
        <time>2026-10-07T04:35:12.847Z</time>
      </trkpt>
      <trkpt lat="51.613688" lon="4.190020">
        <ele>2.379348</ele>
        <time>2026-10-07T04:35:33.814Z</time>
      </trkpt>
      <trkpt lat="51.614502" lon="4.187666">
        <ele>1.694901</ele>
        <time>2026-10-07T04:36:03.631Z</time>
      </trkpt>
      <trkpt lat="51.614941" lon="4.186562">
        <ele>1.290561</ele>
        <time>2026-10-07T04:36:14.164Z</time>
      </trkpt>
      <trkpt lat="51.615189" lon="4.185849">
        <ele>1.038502</ele>
        <time>2026-10-07T04:36:21.206Z</time>
      </trkpt>
      <trkpt lat="51.615237" lon="4.185753">
        <ele>1.000487</ele>
        <time>2026-10-07T04:36:22.281Z</time>
      </trkpt>
      <trkpt lat="51.615342" lon="4.185668">
        <ele>0.942115</ele>
        <time>2026-10-07T04:36:23.940Z</time>
      </trkpt>
      <trkpt lat="51.615512" lon="4.185631">
        <ele>0.917453</ele>
        <time>2026-10-07T04:36:26.372Z</time>
      </trkpt>
      <trkpt lat="51.615899" lon="4.185792">
        <ele>0.866242</ele>
        <time>2026-10-07T04:36:32.048Z</time>
      </trkpt>
      <trkpt lat="51.622439" lon="4.189776">
        <ele>-0.074049</ele>
        <time>2026-10-07T04:38:12.681Z</time>
      </trkpt>
      <trkpt lat="51.624480" lon="4.191010">
        <ele>-0.972042</ele>
        <time>2026-10-07T04:38:42.490Z</time>
      </trkpt>
      <trkpt lat="51.624997" lon="4.191283">
        <ele>-1.342065</ele>
        <time>2026-10-07T04:38:49.088Z</time>
      </trkpt>
      <trkpt lat="51.625976" lon="4.191755">
        <ele>-1.667624</ele>
        <time>2026-10-07T04:39:01.838Z</time>
      </trkpt>
      <trkpt lat="51.627127" lon="4.192191">
        <ele>-1.615744</ele>
        <time>2026-10-07T04:39:20.785Z</time>
      </trkpt>
      <trkpt lat="51.628356" lon="4.192517">
        <ele>-0.736586</ele>
        <time>2026-10-07T04:39:43.931Z</time>
      </trkpt>
      <trkpt lat="51.629068" lon="4.192659">
        <ele>-0.202705</ele>
        <time>2026-10-07T04:39:56.835Z</time>
      </trkpt>
      <trkpt lat="51.633066" lon="4.193328">
        <ele>1.239091</ele>
        <time>2026-10-07T04:41:03.348Z</time>
      </trkpt>
      <trkpt lat="51.634686" lon="4.193700">
        <ele>0.919117</ele>
        <time>2026-10-07T04:41:24.639Z</time>
      </trkpt>
      <trkpt lat="51.636531" lon="4.193990">
        <ele>0.807696</ele>
        <time>2026-10-07T04:41:52.921Z</time>
      </trkpt>
      <trkpt lat="51.637056" lon="4.194048">
        <ele>0.766678</ele>
        <time>2026-10-07T04:42:00.475Z</time>
      </trkpt>
      <trkpt lat="51.637919" lon="4.194059">
        <ele>0.699407</ele>
        <time>2026-10-07T04:42:12.821Z</time>
      </trkpt>
      <trkpt lat="51.638802" lon="4.193972">
        <ele>0.625623</ele>
        <time>2026-10-07T04:42:25.682Z</time>
      </trkpt>
      <trkpt lat="51.639252" lon="4.193881">
        <ele>0.587691</ele>
        <time>2026-10-07T04:42:32.428Z</time>
      </trkpt>
      <trkpt lat="51.640093" lon="4.193631">
        <ele>0.571264</ele>
        <time>2026-10-07T04:42:44.853Z</time>
      </trkpt>
      <trkpt lat="51.640639" lon="4.193418">
        <ele>0.610545</ele>
        <time>2026-10-07T04:42:53.070Z</time>
      </trkpt>
      <trkpt lat="51.641294" lon="4.193112">
        <ele>0.658232</ele>
        <time>2026-10-07T04:43:03.646Z</time>
      </trkpt>
      <trkpt lat="51.642311" lon="4.192495">
        <ele>0.831485</ele>
        <time>2026-10-07T04:43:20.710Z</time>
      </trkpt>
      <trkpt lat="51.643362" lon="4.191671">
        <ele>1.039332</ele>
        <time>2026-10-07T04:43:38.639Z</time>
      </trkpt>
      <trkpt lat="51.644461" lon="4.190552">
        <ele>1.264584</ele>
        <time>2026-10-07T04:43:58.976Z</time>
      </trkpt>
      <trkpt lat="51.645294" lon="4.189506">
        <ele>1.348651</ele>
        <time>2026-10-07T04:44:14.994Z</time>
      </trkpt>
      <trkpt lat="51.645732" lon="4.188889">
        <ele>1.379116</ele>
        <time>2026-10-07T04:44:23.729Z</time>
      </trkpt>
      <trkpt lat="51.646124" lon="4.188262">
        <ele>1.387397</ele>
        <time>2026-10-07T04:44:32.038Z</time>
      </trkpt>
      <trkpt lat="51.646795" lon="4.187084">
        <ele>1.305946</ele>
        <time>2026-10-07T04:44:46.436Z</time>
      </trkpt>
      <trkpt lat="51.647341" lon="4.185914">
        <ele>1.199640</ele>
        <time>2026-10-07T04:44:59.203Z</time>
      </trkpt>
      <trkpt lat="51.647830" lon="4.184693">
        <ele>1.013615</ele>
        <time>2026-10-07T04:45:11.892Z</time>
      </trkpt>
      <trkpt lat="51.648865" lon="4.181657">
        <ele>0.679491</ele>
        <time>2026-10-07T04:45:42.502Z</time>
      </trkpt>
      <trkpt lat="51.649719" lon="4.179036">
        <ele>0.831510</ele>
        <time>2026-10-07T04:46:10.154Z</time>
      </trkpt>
      <trkpt lat="51.650217" lon="4.177907">
        <ele>0.903523</ele>
        <time>2026-10-07T04:46:24.309Z</time>
      </trkpt>
      <trkpt lat="51.650354" lon="4.177512">
        <ele>0.922414</ele>
        <time>2026-10-07T04:46:28.737Z</time>
      </trkpt>
      <trkpt lat="51.650481" lon="4.177114">
        <ele>0.941098</ele>
        <time>2026-10-07T04:46:32.970Z</time>
      </trkpt>
      <trkpt lat="51.650737" lon="4.176197">
        <ele>0.983075</ele>
        <time>2026-10-07T04:46:41.786Z</time>
      </trkpt>
      <trkpt lat="51.651023" lon="4.174775">
        <ele>0.634464</ele>
        <time>2026-10-07T04:46:53.798Z</time>
      </trkpt>
      <trkpt lat="51.651138" lon="4.174352">
        <ele>0.525486</ele>
        <time>2026-10-07T04:46:57.506Z</time>
      </trkpt>
      <trkpt lat="51.652634" lon="4.169511">
        <ele>0.451577</ele>
        <time>2026-10-07T04:47:47.031Z</time>
      </trkpt>
      <trkpt lat="51.653027" lon="4.168404">
        <ele>0.634719</ele>
        <time>2026-10-07T04:48:00.222Z</time>
      </trkpt>
      <trkpt lat="51.653317" lon="4.167747">
        <ele>0.892673</ele>
        <time>2026-10-07T04:48:08.748Z</time>
      </trkpt>
      <trkpt lat="51.653521" lon="4.167311">
        <ele>1.076744</ele>
        <time>2026-10-07T04:48:14.495Z</time>
      </trkpt>
      <trkpt lat="51.653948" lon="4.166540">
        <ele>1.425107</ele>
        <time>2026-10-07T04:48:25.134Z</time>
      </trkpt>
      <trkpt lat="51.654696" lon="4.165394">
        <ele>2.193868</ele>
        <time>2026-10-07T04:48:43.402Z</time>
      </trkpt>
      <trkpt lat="51.655456" lon="4.164446">
        <ele>3.014767</ele>
        <time>2026-10-07T04:49:01.521Z</time>
      </trkpt>
      <trkpt lat="51.655924" lon="4.163971">
        <ele>3.423929</ele>
        <time>2026-10-07T04:49:11.381Z</time>
      </trkpt>
      <trkpt lat="51.656446" lon="4.163515">
        <ele>3.833448</ele>
        <time>2026-10-07T04:49:21.315Z</time>
      </trkpt>
      <trkpt lat="51.656915" lon="4.163168">
        <ele>4.189387</ele>
        <time>2026-10-07T04:49:30.074Z</time>
      </trkpt>
      <trkpt lat="51.657653" lon="4.162743">
        <ele>5.006337</ele>
        <time>2026-10-07T04:49:44.900Z</time>
      </trkpt>
      <trkpt lat="51.658273" lon="4.162486">
        <ele>5.816961</ele>
        <time>2026-10-07T04:49:58.396Z</time>
      </trkpt>
      <trkpt lat="51.658800" lon="4.162328">
        <ele>6.495725</ele>
        <time>2026-10-07T04:50:09.830Z</time>
      </trkpt>
      <trkpt lat="51.659375" lon="4.162219">
        <ele>6.825180</ele>
        <time>2026-10-07T04:50:20.543Z</time>
      </trkpt>
      <trkpt lat="51.659731" lon="4.162195">
        <ele>6.946458</ele>
        <time>2026-10-07T04:50:26.574Z</time>
      </trkpt>
      <trkpt lat="51.659993" lon="4.162165">
        <ele>7.035860</ele>
        <time>2026-10-07T04:50:32.141Z</time>
      </trkpt>
      <trkpt lat="51.661791" lon="4.162025">
        <ele>6.991763</ele>
        <time>2026-10-07T04:51:06.832Z</time>
      </trkpt>
      <trkpt lat="51.662048" lon="4.162005">
        <ele>6.919368</ele>
        <time>2026-10-07T04:51:11.775Z</time>
      </trkpt>
      <trkpt lat="51.663626" lon="4.161882">
        <ele>6.731501</ele>
        <time>2026-10-07T04:51:42.146Z</time>
      </trkpt>
      <trkpt lat="51.665813" lon="4.161711">
        <ele>7.558408</ele>
        <time>2026-10-07T04:52:28.771Z</time>
      </trkpt>
      <trkpt lat="51.666776" lon="4.161729">
        <ele>8.246326</ele>
        <time>2026-10-07T04:52:49.563Z</time>
      </trkpt>
      <trkpt lat="51.667651" lon="4.161651">
        <ele>8.929429</ele>
        <time>2026-10-07T04:53:05.824Z</time>
      </trkpt>
      <trkpt lat="51.668562" lon="4.161408">
        <ele>8.531625</ele>
        <time>2026-10-07T04:53:17.743Z</time>
      </trkpt>
      <trkpt lat="51.669462" lon="4.160991">
        <ele>7.654792</ele>
        <time>2026-10-07T04:53:28.783Z</time>
      </trkpt>
      <trkpt lat="51.670074" lon="4.160606">
        <ele>6.990375</ele>
        <time>2026-10-07T04:53:36.502Z</time>
      </trkpt>
      <trkpt lat="51.670639" lon="4.160169">
        <ele>6.334362</ele>
        <time>2026-10-07T04:53:44.010Z</time>
      </trkpt>
      <trkpt lat="51.671619" lon="4.159220">
        <ele>5.243948</ele>
        <time>2026-10-07T04:53:58.381Z</time>
      </trkpt>
      <trkpt lat="51.673514" lon="4.157306">
        <ele>3.566910</ele>
        <time>2026-10-07T04:54:26.569Z</time>
      </trkpt>
      <trkpt lat="51.676288" lon="4.154507">
        <ele>1.400347</ele>
        <time>2026-10-07T04:55:09.072Z</time>
      </trkpt>
      <trkpt lat="51.677050" lon="4.153744">
        <ele>0.708607</ele>
        <time>2026-10-07T04:55:20.130Z</time>
      </trkpt>
      <trkpt lat="51.678215" lon="4.153119">
        <ele>0.342182</ele>
        <time>2026-10-07T04:55:36.211Z</time>
      </trkpt>
      <trkpt lat="51.678357" lon="4.153061">
        <ele>0.328584</ele>
        <time>2026-10-07T04:55:38.357Z</time>
      </trkpt>
      <trkpt lat="51.678304" lon="4.152860">
        <ele>0.316011</ele>
        <time>2026-10-07T04:55:40.345Z</time>
      </trkpt>
      <trkpt lat="51.678302" lon="4.152625">
        <ele>0.302482</ele>
        <time>2026-10-07T04:55:42.567Z</time>
      </trkpt>
      <trkpt lat="51.678184" lon="4.152405">
        <ele>0.285737</ele>
        <time>2026-10-07T04:55:45.430Z</time>
      </trkpt>
      <trkpt lat="51.678165" lon="4.152350">
        <ele>0.282113</ele>
        <time>2026-10-07T04:55:46.063Z</time>
      </trkpt>
      <trkpt lat="51.678191" lon="4.152318">
        <ele>0.279077</ele>
        <time>2026-10-07T04:55:46.608Z</time>
      </trkpt>
      <trkpt lat="51.678163" lon="4.152257">
        <ele>0.274708</ele>
        <time>2026-10-07T04:55:47.399Z</time>
      </trkpt>
      <trkpt lat="51.678118" lon="4.152103">
        <ele>0.264908</ele>
        <time>2026-10-07T04:55:49.199Z</time>
      </trkpt>
      <trkpt lat="51.678128" lon="4.151901">
        <ele>0.262425</ele>
        <time>2026-10-07T04:55:51.398Z</time>
      </trkpt>
      <trkpt lat="51.678229" lon="4.151750">
        <ele>0.333666</ele>
        <time>2026-10-07T04:55:53.891Z</time>
      </trkpt>
      <trkpt lat="51.678299" lon="4.151728">
        <ele>0.370557</ele>
        <time>2026-10-07T04:55:55.213Z</time>
      </trkpt>
      <trkpt lat="51.678353" lon="4.151696">
        <ele>0.400316</ele>
        <time>2026-10-07T04:55:56.303Z</time>
      </trkpt>
      <trkpt lat="51.678538" lon="4.151728">
        <ele>0.496560</ele>
        <time>2026-10-07T04:55:59.760Z</time>
      </trkpt>
      <trkpt lat="51.679439" lon="4.150864">
        <ele>1.038789</ele>
        <time>2026-10-07T04:56:17.702Z</time>
      </trkpt>
      <trkpt lat="51.679539" lon="4.150679">
        <ele>1.117508</ele>
        <time>2026-10-07T04:56:20.177Z</time>
      </trkpt>
      <trkpt lat="51.679666" lon="4.150030">
        <ele>1.263991</ele>
        <time>2026-10-07T04:56:26.601Z</time>
      </trkpt>
      <trkpt lat="51.679220" lon="4.149858">
        <ele>1.388232</ele>
        <time>2026-10-07T04:56:33.311Z</time>
      </trkpt>
      <trkpt lat="51.679137" lon="4.149772">
        <ele>1.414960</ele>
        <time>2026-10-07T04:56:34.756Z</time>
      </trkpt>
      <trkpt lat="51.679037" lon="4.149607">
        <ele>1.453720</ele>
        <time>2026-10-07T04:56:36.872Z</time>
      </trkpt>
      <trkpt lat="51.678984" lon="4.149498">
        <ele>1.476990</ele>
        <time>2026-10-07T04:56:38.175Z</time>
      </trkpt>
      <trkpt lat="51.678812" lon="4.148945">
        <ele>1.580922</ele>
        <time>2026-10-07T04:56:44.415Z</time>
      </trkpt>
      <trkpt lat="51.678522" lon="4.147846">
        <ele>1.828870</ele>
        <time>2026-10-07T04:56:57.328Z</time>
      </trkpt>
      <trkpt lat="51.678389" lon="4.147260">
        <ele>1.979094</ele>
        <time>2026-10-07T04:57:04.286Z</time>
      </trkpt>
      <trkpt lat="51.678353" lon="4.146926">
        <ele>2.060705</ele>
        <time>2026-10-07T04:57:07.997Z</time>
      </trkpt>
      <trkpt lat="51.678344" lon="4.146480">
        <ele>2.168131</ele>
        <time>2026-10-07T04:57:12.586Z</time>
      </trkpt>
      <trkpt lat="51.678389" lon="4.146010">
        <ele>2.282617</ele>
        <time>2026-10-07T04:57:17.063Z</time>
      </trkpt>
      <trkpt lat="51.678596" lon="4.144885">
        <ele>2.266941</ele>
        <time>2026-10-07T04:57:27.250Z</time>
      </trkpt>
      <trkpt lat="51.678625" lon="4.144472">
        <ele>2.213594</ele>
        <time>2026-10-07T04:57:30.735Z</time>
      </trkpt>
      <trkpt lat="51.678603" lon="4.143940">
        <ele>2.145161</ele>
        <time>2026-10-07T04:57:35.184Z</time>
      </trkpt>
      <trkpt lat="51.678272" lon="4.140659">
        <ele>1.885213</ele>
        <time>2026-10-07T04:58:04.767Z</time>
      </trkpt>
      <trkpt lat="51.677749" lon="4.138793">
        <ele>1.804793</ele>
        <time>2026-10-07T04:58:24.036Z</time>
      </trkpt>
      <trkpt lat="51.677710" lon="4.138579">
        <ele>1.797560</ele>
        <time>2026-10-07T04:58:26.044Z</time>
      </trkpt>
      <trkpt lat="51.677552" lon="4.137005">
        <ele>1.742039</ele>
        <time>2026-10-07T04:58:40.081Z</time>
      </trkpt>
      <trkpt lat="51.676932" lon="4.130884">
        <ele>1.450278</ele>
        <time>2026-10-07T04:59:36.073Z</time>
      </trkpt>
      <trkpt lat="51.676926" lon="4.130622">
        <ele>1.429975</ele>
        <time>2026-10-07T04:59:38.369Z</time>
      </trkpt>
      <trkpt lat="51.676947" lon="4.130353">
        <ele>1.408978</ele>
        <time>2026-10-07T04:59:40.722Z</time>
      </trkpt>
      <trkpt lat="51.677196" lon="4.129044">
        <ele>1.302943</ele>
        <time>2026-10-07T04:59:52.769Z</time>
      </trkpt>
      <trkpt lat="51.677211" lon="4.128776">
        <ele>1.282104</ele>
        <time>2026-10-07T04:59:55.183Z</time>
      </trkpt>
      <trkpt lat="51.677176" lon="4.128160">
        <ele>1.316365</ele>
        <time>2026-10-07T05:00:00.836Z</time>
      </trkpt>
      <trkpt lat="51.677009" lon="4.125763">
        <ele>1.502809</ele>
        <time>2026-10-07T05:00:24.150Z</time>
      </trkpt>
      <trkpt lat="51.676641" lon="4.120484">
        <ele>2.031990</ele>
        <time>2026-10-07T05:01:15.555Z</time>
      </trkpt>
      <trkpt lat="51.676685" lon="4.120276">
        <ele>2.045926</ele>
        <time>2026-10-07T05:01:17.536Z</time>
      </trkpt>
      <trkpt lat="51.676797" lon="4.120077">
        <ele>2.051293</ele>
        <time>2026-10-07T05:01:19.938Z</time>
      </trkpt>
      <trkpt lat="51.676827" lon="4.119870">
        <ele>2.010424</ele>
        <time>2026-10-07T05:01:21.819Z</time>
      </trkpt>
      <trkpt lat="51.676520" lon="4.115476">
        <ele>1.182712</ele>
        <time>2026-10-07T05:01:59.067Z</time>
      </trkpt>
      <trkpt lat="51.676439" lon="4.114400">
        <ele>0.987966</ele>
        <time>2026-10-07T05:02:08.597Z</time>
      </trkpt>
      <trkpt lat="51.676359" lon="4.113671">
        <ele>0.943703</ele>
        <time>2026-10-07T05:02:15.116Z</time>
      </trkpt>
      <trkpt lat="51.676260" lon="4.113035">
        <ele>0.908658</ele>
        <time>2026-10-07T05:02:20.963Z</time>
      </trkpt>
      <trkpt lat="51.676083" lon="4.112170">
        <ele>0.859976</ele>
        <time>2026-10-07T05:02:29.144Z</time>
      </trkpt>
      <trkpt lat="51.675423" lon="4.109534">
        <ele>0.915842</ele>
        <time>2026-10-07T05:02:55.820Z</time>
      </trkpt>
      <trkpt lat="51.675041" lon="4.108126">
        <ele>1.007337</ele>
        <time>2026-10-07T05:03:10.232Z</time>
      </trkpt>
      <trkpt lat="51.674975" lon="4.107903">
        <ele>1.025865</ele>
        <time>2026-10-07T05:03:12.514Z</time>
      </trkpt>
      <trkpt lat="51.674547" lon="4.106784">
        <ele>1.124450</ele>
        <time>2026-10-07T05:03:24.808Z</time>
      </trkpt>
      <trkpt lat="51.673072" lon="4.102121">
        <ele>2.245917</ele>
        <time>2026-10-07T05:04:17.870Z</time>
      </trkpt>
      <trkpt lat="51.672673" lon="4.101827">
        <ele>2.400848</ele>
        <time>2026-10-07T05:04:25.104Z</time>
      </trkpt>
      <trkpt lat="51.672133" lon="4.100681">
        <ele>2.440121</ele>
        <time>2026-10-07T05:04:38.872Z</time>
      </trkpt>
      <trkpt lat="51.671628" lon="4.099688">
        <ele>2.396305</ele>
        <time>2026-10-07T05:04:50.362Z</time>
      </trkpt>
      <trkpt lat="51.671007" lon="4.098580">
        <ele>2.267357</ele>
        <time>2026-10-07T05:05:03.133Z</time>
      </trkpt>
      <trkpt lat="51.670408" lon="4.097635">
        <ele>2.112323</ele>
        <time>2026-10-07T05:05:14.792Z</time>
      </trkpt>
      <trkpt lat="51.667949" lon="4.093970">
        <ele>2.509079</ele>
        <time>2026-10-07T05:06:05.207Z</time>
      </trkpt>
      <trkpt lat="51.667834" lon="4.093930">
        <ele>2.546678</ele>
        <time>2026-10-07T05:06:07.472Z</time>
      </trkpt>
      <trkpt lat="51.667726" lon="4.094069">
        <ele>2.590842</ele>
        <time>2026-10-07T05:06:10.089Z</time>
      </trkpt>
      <trkpt lat="51.667556" lon="4.093843">
        <ele>2.661259</ele>
        <time>2026-10-07T05:06:15.334Z</time>
      </trkpt>
      <trkpt lat="51.667418" lon="4.093650">
        <ele>2.691019</ele>
        <time>2026-10-07T05:06:19.664Z</time>
      </trkpt>
      <trkpt lat="51.667392" lon="4.093616">
        <ele>2.682397</ele>
        <time>2026-10-07T05:06:20.491Z</time>
      </trkpt>
      <trkpt lat="51.667380" lon="4.093638">
        <ele>2.677717</ele>
        <time>2026-10-07T05:06:20.919Z</time>
      </trkpt>
      <trkpt lat="51.667210" lon="4.093401">
        <ele>2.619833</ele>
        <time>2026-10-07T05:06:25.908Z</time>
      </trkpt>
      <trkpt lat="51.666725" lon="4.092674">
        <ele>2.449268</ele>
        <time>2026-10-07T05:06:39.572Z</time>
      </trkpt>
      <trkpt lat="51.666721" lon="4.092524">
        <ele>2.425284</ele>
        <time>2026-10-07T05:06:41.351Z</time>
      </trkpt>
      <trkpt lat="51.666386" lon="4.091970">
        <ele>2.301683</ele>
        <time>2026-10-07T05:06:49.591Z</time>
      </trkpt>
      <trkpt lat="51.666332" lon="4.091880">
        <ele>2.281679</ele>
        <time>2026-10-07T05:06:50.497Z</time>
      </trkpt>
      <trkpt lat="51.666324" lon="4.091748">
        <ele>2.260491</ele>
        <time>2026-10-07T05:06:51.457Z</time>
      </trkpt>
      <trkpt lat="51.667273" lon="4.088743">
        <ele>0.573077</ele>
        <time>2026-10-07T05:07:17.028Z</time>
      </trkpt>
      <trkpt lat="51.667299" lon="4.088457">
        <ele>0.591356</ele>
        <time>2026-10-07T05:07:19.600Z</time>
      </trkpt>
      <trkpt lat="51.667389" lon="4.088101">
        <ele>0.615665</ele>
        <time>2026-10-07T05:07:23.154Z</time>
      </trkpt>
      <trkpt lat="51.667610" lon="4.087457">
        <ele>0.662206</ele>
        <time>2026-10-07T05:07:30.411Z</time>
      </trkpt>
      <trkpt lat="51.667820" lon="4.086724">
        <ele>0.713263</ele>
        <time>2026-10-07T05:07:38.976Z</time>
      </trkpt>
      <trkpt lat="51.668189" lon="4.085603">
        <ele>0.971794</ele>
        <time>2026-10-07T05:07:52.789Z</time>
      </trkpt>
      <trkpt lat="51.668666" lon="4.084229">
        <ele>1.372161</ele>
        <time>2026-10-07T05:08:08.618Z</time>
      </trkpt>
      <trkpt lat="51.669013" lon="4.083240">
        <ele>1.425105</ele>
        <time>2026-10-07T05:08:19.434Z</time>
      </trkpt>
      <trkpt lat="51.669242" lon="4.082592">
        <ele>1.378220</ele>
        <time>2026-10-07T05:08:25.888Z</time>
      </trkpt>
      <trkpt lat="51.669325" lon="4.082376">
        <ele>1.362246</ele>
        <time>2026-10-07T05:08:28.074Z</time>
      </trkpt>
      <trkpt lat="51.669696" lon="4.081318">
        <ele>1.284196</ele>
        <time>2026-10-07T05:08:38.972Z</time>
      </trkpt>
      <trkpt lat="51.670034" lon="4.079810">
        <ele>1.138894</ele>
        <time>2026-10-07T05:08:53.055Z</time>
      </trkpt>
      <trkpt lat="51.670098" lon="4.079540">
        <ele>1.112701</ele>
        <time>2026-10-07T05:08:55.645Z</time>
      </trkpt>
      <trkpt lat="51.670987" lon="4.077284">
        <ele>0.900255</ele>
        <time>2026-10-07T05:09:19.244Z</time>
      </trkpt>
      <trkpt lat="51.671950" lon="4.075034">
        <ele>0.825630</ele>
        <time>2026-10-07T05:09:43.903Z</time>
      </trkpt>
      <trkpt lat="51.672929" lon="4.072511">
        <ele>0.927909</ele>
        <time>2026-10-07T05:10:12.456Z</time>
      </trkpt>
      <trkpt lat="51.674233" lon="4.069599">
        <ele>0.999884</ele>
        <time>2026-10-07T05:10:45.344Z</time>
      </trkpt>
      <trkpt lat="51.674970" lon="4.067878">
        <ele>1.000000</ele>
        <time>2026-10-07T05:11:04.525Z</time>
      </trkpt>
      <trkpt lat="51.676227" lon="4.064941">
        <ele>0.876476</ele>
        <time>2026-10-07T05:11:37.195Z</time>
      </trkpt>
      <trkpt lat="51.676321" lon="4.064723">
        <ele>0.861464</ele>
        <time>2026-10-07T05:11:39.524Z</time>
      </trkpt>
      <trkpt lat="51.676548" lon="4.064201">
        <ele>0.813382</ele>
        <time>2026-10-07T05:11:47.149Z</time>
      </trkpt>
      <trkpt lat="51.677048" lon="4.063060">
        <ele>0.644624</ele>
        <time>2026-10-07T05:12:03.805Z</time>
      </trkpt>
      <trkpt lat="51.678300" lon="4.058930">
        <ele>0.014096</ele>
        <time>2026-10-07T05:12:44.568Z</time>
      </trkpt>
      <trkpt lat="51.678704" lon="4.056711">
        <ele>-0.851143</ele>
        <time>2026-10-07T05:13:02.839Z</time>
      </trkpt>
      <trkpt lat="51.678820" lon="4.056040">
        <ele>-0.913507</ele>
        <time>2026-10-07T05:13:08.365Z</time>
      </trkpt>
      <trkpt lat="51.678820" lon="4.055490">
        <ele>-0.896268</ele>
        <time>2026-10-07T05:13:12.943Z</time>
      </trkpt>
      <trkpt lat="51.678783" lon="4.055376">
        <ele>-0.892235</ele>
        <time>2026-10-07T05:13:14.452Z</time>
      </trkpt>
      <trkpt lat="51.680521" lon="4.053495">
        <ele>-0.488860</ele>
        <time>2026-10-07T05:14:00.491Z</time>
      </trkpt>
      <trkpt lat="51.680680" lon="4.053280">
        <ele>-0.417746</ele>
        <time>2026-10-07T05:14:05.050Z</time>
      </trkpt>
      <trkpt lat="51.680788" lon="4.053077">
        <ele>-0.360902</ele>
        <time>2026-10-07T05:14:08.663Z</time>
      </trkpt>
      <trkpt lat="51.680887" lon="4.052860">
        <ele>-0.303649</ele>
        <time>2026-10-07T05:14:12.260Z</time>
      </trkpt>
      <trkpt lat="51.682263" lon="4.048695">
        <ele>-0.156226</ele>
        <time>2026-10-07T05:15:12.336Z</time>
      </trkpt>
      <trkpt lat="51.682376" lon="4.048324">
        <ele>-0.183813</ele>
        <time>2026-10-07T05:15:17.323Z</time>
      </trkpt>
      <trkpt lat="51.682393" lon="4.048188">
        <ele>-0.193072</ele>
        <time>2026-10-07T05:15:19.001Z</time>
      </trkpt>
      <trkpt lat="51.682350" lon="4.047883">
        <ele>-0.213947</ele>
        <time>2026-10-07T05:15:22.720Z</time>
      </trkpt>
      <trkpt lat="51.681234" lon="4.044675">
        <ele>-0.906307</ele>
        <time>2026-10-07T05:16:05.623Z</time>
      </trkpt>
      <trkpt lat="51.680687" lon="4.043126">
        <ele>-0.923826</ele>
        <time>2026-10-07T05:16:27.552Z</time>
      </trkpt>
      <trkpt lat="51.680281" lon="4.041968">
        <ele>-0.900161</ele>
        <time>2026-10-07T05:16:45.175Z</time>
      </trkpt>
      <trkpt lat="51.679913" lon="4.040811">
        <ele>-0.788929</ele>
        <time>2026-10-07T05:17:02.682Z</time>
      </trkpt>
      <trkpt lat="51.678749" lon="4.036789">
        <ele>-0.824050</ele>
        <time>2026-10-07T05:17:57.329Z</time>
      </trkpt>
      <trkpt lat="51.678530" lon="4.035997">
        <ele>-0.718323</ele>
        <time>2026-10-07T05:18:07.926Z</time>
      </trkpt>
      <trkpt lat="51.678503" lon="4.035546">
        <ele>-0.663081</ele>
        <time>2026-10-07T05:18:13.645Z</time>
      </trkpt>
      <trkpt lat="51.678509" lon="4.035426">
        <ele>-0.648403</ele>
        <time>2026-10-07T05:18:14.782Z</time>
      </trkpt>
      <trkpt lat="51.678618" lon="4.033576">
        <ele>-0.151524</ele>
        <time>2026-10-07T05:18:34.134Z</time>
      </trkpt>
      <trkpt lat="51.678678" lon="4.032609">
        <ele>0.331374</ele>
        <time>2026-10-07T05:18:45.224Z</time>
      </trkpt>
      <trkpt lat="51.678752" lon="4.031410">
        <ele>0.930095</ele>
        <time>2026-10-07T05:18:59.395Z</time>
      </trkpt>
      <trkpt lat="51.678747" lon="4.030984">
        <ele>1.034090</ele>
        <time>2026-10-07T05:19:04.273Z</time>
      </trkpt>
      <trkpt lat="51.678674" lon="4.030596">
        <ele>1.132309</ele>
        <time>2026-10-07T05:19:08.769Z</time>
      </trkpt>
      <trkpt lat="51.678488" lon="4.029932">
        <ele>1.308807</ele>
        <time>2026-10-07T05:19:16.575Z</time>
      </trkpt>
      <trkpt lat="51.677877" lon="4.027879">
        <ele>1.383530</ele>
        <time>2026-10-07T05:19:37.392Z</time>
      </trkpt>
      <trkpt lat="51.677855" lon="4.027800">
        <ele>1.360270</ele>
        <time>2026-10-07T05:19:38.084Z</time>
      </trkpt>
      <trkpt lat="51.677783" lon="4.027765">
        <ele>1.327697</ele>
        <time>2026-10-07T05:19:39.434Z</time>
      </trkpt>
      <trkpt lat="51.677090" lon="4.026244">
        <ele>0.828574</ele>
        <time>2026-10-07T05:20:00.485Z</time>
      </trkpt>
      <trkpt lat="51.675962" lon="4.023088">
        <ele>0.323501</ele>
        <time>2026-10-07T05:20:43.874Z</time>
      </trkpt>
      <trkpt lat="51.675803" lon="4.022622">
        <ele>0.366563</ele>
        <time>2026-10-07T05:20:50.726Z</time>
      </trkpt>
      <trkpt lat="51.675565" lon="4.021656">
        <ele>0.450719</ele>
        <time>2026-10-07T05:21:04.781Z</time>
      </trkpt>
      <trkpt lat="51.675511" lon="4.021333">
        <ele>0.477804</ele>
        <time>2026-10-07T05:21:09.378Z</time>
      </trkpt>
      <trkpt lat="51.675526" lon="4.020974">
        <ele>0.473115</ele>
        <time>2026-10-07T05:21:14.258Z</time>
      </trkpt>
      <trkpt lat="51.675644" lon="4.020230">
        <ele>0.425039</ele>
        <time>2026-10-07T05:21:24.262Z</time>
      </trkpt>
      <trkpt lat="51.675885" lon="4.019971">
        <ele>0.395801</ele>
        <time>2026-10-07T05:21:30.115Z</time>
      </trkpt>
      <trkpt lat="51.676285" lon="4.019611">
        <ele>0.349557</ele>
        <time>2026-10-07T05:21:38.992Z</time>
      </trkpt>
      <trkpt lat="51.676710" lon="4.019095">
        <ele>0.261497</ele>
        <time>2026-10-07T05:21:48.781Z</time>
      </trkpt>
      <trkpt lat="51.677051" lon="4.018493">
        <ele>0.042360</ele>
        <time>2026-10-07T05:21:57.907Z</time>
      </trkpt>
      <trkpt lat="51.677682" lon="4.017207">
        <ele>-0.398378</ele>
        <time>2026-10-07T05:22:16.879Z</time>
      </trkpt>
      <trkpt lat="51.677715" lon="4.017095">
        <ele>-0.431704</ele>
        <time>2026-10-07T05:22:18.369Z</time>
      </trkpt>
      <trkpt lat="51.677705" lon="4.016921">
        <ele>-0.472128</ele>
        <time>2026-10-07T05:22:20.506Z</time>
      </trkpt>
      <trkpt lat="51.677651" lon="4.016789">
        <ele>-0.463015</ele>
        <time>2026-10-07T05:22:22.444Z</time>
      </trkpt>
      <trkpt lat="51.676810" lon="4.015176">
        <ele>-0.341577</ele>
        <time>2026-10-07T05:22:49.438Z</time>
      </trkpt>
      <trkpt lat="51.676488" lon="4.014145">
        <ele>-0.250144</ele>
        <time>2026-10-07T05:23:04.714Z</time>
      </trkpt>
      <trkpt lat="51.676339" lon="4.013562">
        <ele>-0.184683</ele>
        <time>2026-10-07T05:23:12.885Z</time>
      </trkpt>
      <trkpt lat="51.676257" lon="4.013072">
        <ele>-0.131995</ele>
        <time>2026-10-07T05:23:19.459Z</time>
      </trkpt>
      <trkpt lat="51.676141" lon="4.011911">
        <ele>-0.009914</ele>
        <time>2026-10-07T05:23:34.768Z</time>
      </trkpt>
      <trkpt lat="51.675978" lon="4.010377">
        <ele>0.061132</ele>
        <time>2026-10-07T05:23:54.731Z</time>
      </trkpt>
      <trkpt lat="51.675918" lon="4.009431">
        <ele>0.102815</ele>
        <time>2026-10-07T05:24:06.919Z</time>
      </trkpt>
      <trkpt lat="51.675908" lon="4.008515">
        <ele>0.060849</ele>
        <time>2026-10-07T05:24:18.198Z</time>
      </trkpt>
      <trkpt lat="51.675938" lon="4.008065">
        <ele>0.002568</ele>
        <time>2026-10-07T05:24:23.661Z</time>
      </trkpt>
      <trkpt lat="51.676008" lon="4.007612">
        <ele>-0.057549</ele>
        <time>2026-10-07T05:24:29.285Z</time>
      </trkpt>
      <trkpt lat="51.676463" lon="4.005269">
        <ele>-0.443076</ele>
        <time>2026-10-07T05:24:58.386Z</time>
      </trkpt>
      <trkpt lat="51.676558" lon="4.004632">
        <ele>-0.575286</ele>
        <time>2026-10-07T05:25:06.011Z</time>
      </trkpt>
      <trkpt lat="51.676684" lon="4.003387">
        <ele>-0.829847</ele>
        <time>2026-10-07T05:25:20.997Z</time>
      </trkpt>
      <trkpt lat="51.676685" lon="4.003109">
        <ele>-0.863407</ele>
        <time>2026-10-07T05:25:24.321Z</time>
      </trkpt>
      <trkpt lat="51.676638" lon="4.002905">
        <ele>-0.887217</ele>
        <time>2026-10-07T05:25:26.942Z</time>
      </trkpt>
      <trkpt lat="51.676526" lon="4.002726">
        <ele>-0.915038</ele>
        <time>2026-10-07T05:25:30.033Z</time>
      </trkpt>
      <trkpt lat="51.676336" lon="4.002549">
        <ele>-0.953753</ele>
        <time>2026-10-07T05:25:34.359Z</time>
      </trkpt>
      <trkpt lat="51.675946" lon="4.002191">
        <ele>-1.032931</ele>
        <time>2026-10-07T05:25:43.262Z</time>
      </trkpt>
      <trkpt lat="51.675842" lon="4.002006">
        <ele>-1.060252</ele>
        <time>2026-10-07T05:25:46.326Z</time>
      </trkpt>
      <trkpt lat="51.675817" lon="4.001015">
        <ele>-1.159553</ele>
        <time>2026-10-07T05:25:58.207Z</time>
      </trkpt>
      <trkpt lat="51.675713" lon="3.998973">
        <ele>-1.243256</ele>
        <time>2026-10-07T05:26:22.986Z</time>
      </trkpt>
      <trkpt lat="51.675573" lon="3.996940">
        <ele>-1.184173</ele>
        <time>2026-10-07T05:26:49.900Z</time>
      </trkpt>
      <trkpt lat="51.675520" lon="3.996580">
        <ele>-1.159552</ele>
        <time>2026-10-07T05:26:54.805Z</time>
      </trkpt>
      <trkpt lat="51.675440" lon="3.996222">
        <ele>-1.134230</ele>
        <time>2026-10-07T05:26:59.768Z</time>
      </trkpt>
      <trkpt lat="51.674668" lon="3.993757">
        <ele>-1.270328</ele>
        <time>2026-10-07T05:27:33.638Z</time>
      </trkpt>
      <trkpt lat="51.674597" lon="3.993300">
        <ele>-1.316662</ele>
        <time>2026-10-07T05:27:39.241Z</time>
      </trkpt>
      <trkpt lat="51.674507" lon="3.991996">
        <ele>-1.439008</ele>
        <time>2026-10-07T05:27:54.797Z</time>
      </trkpt>
      <trkpt lat="51.674379" lon="3.988829">
        <ele>-1.555461</ele>
        <time>2026-10-07T05:28:33.932Z</time>
      </trkpt>
      <trkpt lat="51.674239" lon="3.987459">
        <ele>-1.465501</ele>
        <time>2026-10-07T05:28:52.319Z</time>
      </trkpt>
      <trkpt lat="51.674229" lon="3.987310">
        <ele>-1.455791</ele>
        <time>2026-10-07T05:28:54.352Z</time>
      </trkpt>
      <trkpt lat="51.674121" lon="3.985383">
        <ele>-1.508163</ele>
        <time>2026-10-07T05:29:19.128Z</time>
      </trkpt>
      <trkpt lat="51.674084" lon="3.984209">
        <ele>-1.557212</ele>
        <time>2026-10-07T05:29:32.969Z</time>
      </trkpt>
      <trkpt lat="51.674112" lon="3.983659">
        <ele>-1.617675</ele>
        <time>2026-10-07T05:29:39.426Z</time>
      </trkpt>
      <trkpt lat="51.674232" lon="3.982625">
        <ele>-1.741036</ele>
        <time>2026-10-07T05:29:51.850Z</time>
      </trkpt>
      <trkpt lat="51.674293" lon="3.978438">
        <ele>-1.775646</ele>
        <time>2026-10-07T05:30:44.316Z</time>
      </trkpt>
      <trkpt lat="51.674265" lon="3.977545">
        <ele>-1.629192</ele>
        <time>2026-10-07T05:30:56.681Z</time>
      </trkpt>
      <trkpt lat="51.674215" lon="3.975954">
        <ele>-1.353228</ele>
        <time>2026-10-07T05:31:18.449Z</time>
      </trkpt>
      <trkpt lat="51.674070" lon="3.973791">
        <ele>-1.394725</ele>
        <time>2026-10-07T05:31:45.236Z</time>
      </trkpt>
      <trkpt lat="51.673981" lon="3.973634">
        <ele>-1.410314</ele>
        <time>2026-10-07T05:31:47.671Z</time>
      </trkpt>
      <trkpt lat="51.673640" lon="3.973410">
        <ele>-1.453826</ele>
        <time>2026-10-07T05:31:54.620Z</time>
      </trkpt>
      <trkpt lat="51.673443" lon="3.973196">
        <ele>-1.481895</ele>
        <time>2026-10-07T05:31:59.240Z</time>
      </trkpt>
      <trkpt lat="51.673270" lon="3.973028">
        <ele>-1.440060</ele>
        <time>2026-10-07T05:32:03.310Z</time>
      </trkpt>
      <trkpt lat="51.673106" lon="3.972815">
        <ele>-1.393421</ele>
        <time>2026-10-07T05:32:07.630Z</time>
      </trkpt>
      <trkpt lat="51.672863" lon="3.972319">
        <ele>-1.306602</ele>
        <time>2026-10-07T05:32:15.881Z</time>
      </trkpt>
      <trkpt lat="51.672735" lon="3.972206">
        <ele>-1.274283</ele>
        <time>2026-10-07T05:32:18.992Z</time>
      </trkpt>
      <trkpt lat="51.672630" lon="3.972214">
        <ele>-1.251002</ele>
        <time>2026-10-07T05:32:21.226Z</time>
      </trkpt>
      <trkpt lat="51.672266" lon="3.972451">
        <ele>-1.164060</ele>
        <time>2026-10-07T05:32:29.805Z</time>
      </trkpt>
      <trkpt lat="51.670982" lon="3.973461">
        <ele>-0.781626</ele>
        <time>2026-10-07T05:33:00.973Z</time>
      </trkpt>
      <trkpt lat="51.669982" lon="3.974089">
        <ele>-0.559559</ele>
        <time>2026-10-07T05:33:23.382Z</time>
      </trkpt>
      <trkpt lat="51.668653" lon="3.974613">
        <ele>-0.497542</ele>
        <time>2026-10-07T05:33:51.334Z</time>
      </trkpt>
      <trkpt lat="51.668497" lon="3.974641">
        <ele>-0.509654</ele>
        <time>2026-10-07T05:33:54.368Z</time>
      </trkpt>
      <trkpt lat="51.668375" lon="3.974619">
        <ele>-0.537517</ele>
        <time>2026-10-07T05:33:56.721Z</time>
      </trkpt>
      <trkpt lat="51.668264" lon="3.974549">
        <ele>-0.564570</ele>
        <time>2026-10-07T05:33:58.965Z</time>
      </trkpt>
      <trkpt lat="51.668096" lon="3.974283">
        <ele>-0.618013</ele>
        <time>2026-10-07T05:34:03.402Z</time>
      </trkpt>
      <trkpt lat="51.667529" lon="3.973160">
        <ele>-0.821863</ele>
        <time>2026-10-07T05:34:20.442Z</time>
      </trkpt>
      <trkpt lat="51.667257" lon="3.972049">
        <ele>-0.778129</ele>
        <time>2026-10-07T05:34:35.192Z</time>
      </trkpt>
      <trkpt lat="51.667167" lon="3.971803">
        <ele>-0.721677</ele>
        <time>2026-10-07T05:34:38.984Z</time>
      </trkpt>
      <trkpt lat="51.666753" lon="3.971016">
        <ele>-0.517704</ele>
        <time>2026-10-07T05:34:53.352Z</time>
      </trkpt>
      <trkpt lat="51.666386" lon="3.970243">
        <ele>-0.327702</ele>
        <time>2026-10-07T05:35:06.826Z</time>
      </trkpt>
      <trkpt lat="51.666241" lon="3.969674">
        <ele>-0.292812</ele>
        <time>2026-10-07T05:35:15.121Z</time>
      </trkpt>
      <trkpt lat="51.666193" lon="3.968668">
        <ele>-0.235585</ele>
        <time>2026-10-07T05:35:28.291Z</time>
      </trkpt>
      <trkpt lat="51.666152" lon="3.968487">
        <ele>-0.224655</ele>
        <time>2026-10-07T05:35:30.708Z</time>
      </trkpt>
      <trkpt lat="51.666009" lon="3.968267">
        <ele>-0.206580</ele>
        <time>2026-10-07T05:35:34.624Z</time>
      </trkpt>
      <trkpt lat="51.665629" lon="3.968010">
        <ele>-0.168898</ele>
        <time>2026-10-07T05:35:42.528Z</time>
      </trkpt>
      <trkpt lat="51.665479" lon="3.967950">
        <ele>-0.192701</ele>
        <time>2026-10-07T05:35:45.461Z</time>
      </trkpt>
      <trkpt lat="51.665353" lon="3.967783">
        <ele>-0.237781</ele>
        <time>2026-10-07T05:35:48.558Z</time>
      </trkpt>
      <trkpt lat="51.665241" lon="3.967297">
        <ele>-0.326658</ele>
        <time>2026-10-07T05:35:54.738Z</time>
      </trkpt>
      <trkpt lat="51.665111" lon="3.966950">
        <ele>-0.396151</ele>
        <time>2026-10-07T05:35:59.566Z</time>
      </trkpt>
      <trkpt lat="51.665066" lon="3.966706">
        <ele>-0.439789</ele>
        <time>2026-10-07T05:36:02.580Z</time>
      </trkpt>
      <trkpt lat="51.664912" lon="3.966266">
        <ele>-0.526396</ele>
        <time>2026-10-07T05:36:08.565Z</time>
      </trkpt>
      <trkpt lat="51.664943" lon="3.965887">
        <ele>-0.591929</ele>
        <time>2026-10-07T05:36:13.112Z</time>
      </trkpt>
      <trkpt lat="51.665549" lon="3.962971">
        <ele>-0.988056</ele>
        <time>2026-10-07T05:36:50.382Z</time>
      </trkpt>
      <trkpt lat="51.665647" lon="3.962511">
        <ele>-1.045986</ele>
        <time>2026-10-07T05:36:56.217Z</time>
      </trkpt>
      <trkpt lat="51.665666" lon="3.962182">
        <ele>-1.084385</ele>
        <time>2026-10-07T05:37:00.242Z</time>
      </trkpt>
      <trkpt lat="51.665652" lon="3.961039">
        <ele>-1.217242</ele>
        <time>2026-10-07T05:37:14.443Z</time>
      </trkpt>
      <trkpt lat="51.665533" lon="3.959734">
        <ele>-1.339635</ele>
        <time>2026-10-07T05:37:29.956Z</time>
      </trkpt>
      <trkpt lat="51.665556" lon="3.959436">
        <ele>-1.312673</ele>
        <time>2026-10-07T05:37:33.436Z</time>
      </trkpt>
      <trkpt lat="51.665854" lon="3.957905">
        <ele>-1.168602</ele>
        <time>2026-10-07T05:37:53.343Z</time>
      </trkpt>
      <trkpt lat="51.666297" lon="3.955671">
        <ele>-0.509014</ele>
        <time>2026-10-07T05:38:27.580Z</time>
      </trkpt>
      <trkpt lat="51.666476" lon="3.953234">
        <ele>0.085676</ele>
        <time>2026-10-07T05:39:00.960Z</time>
      </trkpt>
      <trkpt lat="51.666473" lon="3.952986">
        <ele>0.097491</ele>
        <time>2026-10-07T05:39:04.076Z</time>
      </trkpt>
      <trkpt lat="51.666434" lon="3.952786">
        <ele>0.107478</ele>
        <time>2026-10-07T05:39:06.686Z</time>
      </trkpt>
      <trkpt lat="51.665721" lon="3.950885">
        <ele>0.016172</ele>
        <time>2026-10-07T05:39:33.712Z</time>
      </trkpt>
      <trkpt lat="51.665693" lon="3.950717">
        <ele>-0.016666</ele>
        <time>2026-10-07T05:39:35.775Z</time>
      </trkpt>
      <trkpt lat="51.665454" lon="3.949881">
        <ele>-0.190434</ele>
        <time>2026-10-07T05:39:46.636Z</time>
      </trkpt>
      <trkpt lat="51.667320" lon="3.947340">
        <ele>-1.075759</ele>
        <time>2026-10-07T05:40:32.417Z</time>
      </trkpt>
      <trkpt lat="51.667473" lon="3.947179">
        <ele>-1.053374</ele>
        <time>2026-10-07T05:40:36.028Z</time>
      </trkpt>
      <trkpt lat="51.667812" lon="3.947085">
        <ele>-1.011229</ele>
        <time>2026-10-07T05:40:42.961Z</time>
      </trkpt>
      <trkpt lat="51.670346" lon="3.947286">
        <ele>-0.607879</ele>
        <time>2026-10-07T05:41:37.138Z</time>
      </trkpt>
      <trkpt lat="51.670600" lon="3.947270">
        <ele>-0.558736</ele>
        <time>2026-10-07T05:41:42.329Z</time>
      </trkpt>
      <trkpt lat="51.670840" lon="3.947140">
        <ele>-0.512493</ele>
        <time>2026-10-07T05:41:47.443Z</time>
      </trkpt>
      <trkpt lat="51.672840" lon="3.945770">
        <ele>-0.424217</ele>
        <time>2026-10-07T05:42:31.458Z</time>
      </trkpt>
      <trkpt lat="51.672900" lon="3.945728">
        <ele>-0.413675</ele>
        <time>2026-10-07T05:42:32.825Z</time>
      </trkpt>
      <trkpt lat="51.672722" lon="3.945111">
        <ele>-0.345654</ele>
        <time>2026-10-07T05:42:41.783Z</time>
      </trkpt>
      <trkpt lat="51.671840" lon="3.941736">
        <ele>0.050726</ele>
        <time>2026-10-07T05:43:29.556Z</time>
      </trkpt>
      <trkpt lat="51.672418" lon="3.941052">
        <ele>0.117070</ele>
        <time>2026-10-07T05:43:40.386Z</time>
      </trkpt>
      <trkpt lat="51.675523" lon="3.935366">
        <ele>-0.180006</ele>
        <time>2026-10-07T05:44:48.751Z</time>
      </trkpt>
      <trkpt lat="51.676046" lon="3.934436">
        <ele>-0.248131</ele>
        <time>2026-10-07T05:45:00.102Z</time>
      </trkpt>
      <trkpt lat="51.676437" lon="3.933830">
        <ele>-0.306927</ele>
        <time>2026-10-07T05:45:07.991Z</time>
      </trkpt>
      <trkpt lat="51.677238" lon="3.932676">
        <ele>-0.439281</ele>
        <time>2026-10-07T05:45:23.321Z</time>
      </trkpt>
      <trkpt lat="51.678807" lon="3.930307">
        <ele>-0.821601</ele>
        <time>2026-10-07T05:45:53.500Z</time>
      </trkpt>
      <trkpt lat="51.678986" lon="3.929981">
        <ele>-0.847441</ele>
        <time>2026-10-07T05:45:58.812Z</time>
      </trkpt>
      <trkpt lat="51.679088" lon="3.929727">
        <ele>-0.865398</ele>
        <time>2026-10-07T05:46:02.533Z</time>
      </trkpt>
      <trkpt lat="51.679379" lon="3.928784">
        <ele>-0.927904</ele>
        <time>2026-10-07T05:46:15.709Z</time>
      </trkpt>
      <trkpt lat="51.679441" lon="3.928527">
        <ele>-0.944208</ele>
        <time>2026-10-07T05:46:19.213Z</time>
      </trkpt>
      <trkpt lat="51.679502" lon="3.927783">
        <ele>-0.901251</ele>
        <time>2026-10-07T05:46:28.805Z</time>
      </trkpt>
      <trkpt lat="51.679616" lon="3.927343">
        <ele>-0.873956</ele>
        <time>2026-10-07T05:46:34.875Z</time>
      </trkpt>
      <trkpt lat="51.679699" lon="3.927265">
        <ele>-0.865088</ele>
        <time>2026-10-07T05:46:36.841Z</time>
      </trkpt>
      <trkpt lat="51.679929" lon="3.927040">
        <ele>-0.840255</ele>
        <time>2026-10-07T05:46:40.926Z</time>
      </trkpt>
      <trkpt lat="51.680561" lon="3.926614">
        <ele>-0.777064</ele>
        <time>2026-10-07T05:46:51.322Z</time>
      </trkpt>
      <trkpt lat="51.682099" lon="3.925842">
        <ele>-0.633690</ele>
        <time>2026-10-07T05:47:15.874Z</time>
      </trkpt>
      <trkpt lat="51.682499" lon="3.925722">
        <ele>-0.615770</ele>
        <time>2026-10-07T05:47:22.047Z</time>
      </trkpt>
      <trkpt lat="51.684976" lon="3.925297">
        <ele>-0.726479</ele>
        <time>2026-10-07T05:47:58.736Z</time>
      </trkpt>
      <trkpt lat="51.685319" lon="3.925174">
        <ele>-0.774572</ele>
        <time>2026-10-07T05:48:03.729Z</time>
      </trkpt>
      <trkpt lat="51.688001" lon="3.923570">
        <ele>-1.442022</ele>
        <time>2026-10-07T05:48:43.455Z</time>
      </trkpt>
      <trkpt lat="51.688198" lon="3.923475">
        <ele>-1.480837</ele>
        <time>2026-10-07T05:48:46.361Z</time>
      </trkpt>
      <trkpt lat="51.689397" lon="3.923155">
        <ele>-1.680089</ele>
        <time>2026-10-07T05:49:03.552Z</time>
      </trkpt>
      <trkpt lat="51.689697" lon="3.922963">
        <ele>-1.680492</ele>
        <time>2026-10-07T05:49:08.217Z</time>
      </trkpt>
      <trkpt lat="51.689926" lon="3.922772">
        <ele>-1.680814</ele>
        <time>2026-10-07T05:49:11.987Z</time>
      </trkpt>
      <trkpt lat="51.691600" lon="3.921800">
        <ele>-1.632562</ele>
        <time>2026-10-07T05:49:39.094Z</time>
      </trkpt>
      <trkpt lat="51.692000" lon="3.921600">
        <ele>-1.603805</ele>
        <time>2026-10-07T05:49:45.498Z</time>
      </trkpt>
      <trkpt lat="51.692495" lon="3.921455">
        <ele>-1.569257</ele>
        <time>2026-10-07T05:49:53.082Z</time>
      </trkpt>
      <trkpt lat="51.692870" lon="3.921427">
        <ele>-1.608069</ele>
        <time>2026-10-07T05:49:58.566Z</time>
      </trkpt>
      <trkpt lat="51.693381" lon="3.921547">
        <ele>-1.723861</ele>
        <time>2026-10-07T05:50:05.852Z</time>
      </trkpt>
      <trkpt lat="51.693424" lon="3.921551">
        <ele>-1.733519</ele>
        <time>2026-10-07T05:50:06.446Z</time>
      </trkpt>
      <trkpt lat="51.693356" lon="3.921174">
        <ele>-1.788094</ele>
        <time>2026-10-07T05:50:09.790Z</time>
      </trkpt>
      <trkpt lat="51.692726" lon="3.917470">
        <ele>-2.314760</ele>
        <time>2026-10-07T05:50:42.421Z</time>
      </trkpt>
      <trkpt lat="51.692676" lon="3.916990">
        <ele>-2.346456</ele>
        <time>2026-10-07T05:50:47.194Z</time>
      </trkpt>
      <trkpt lat="51.692540" lon="3.916304">
        <ele>-2.302385</ele>
        <time>2026-10-07T05:50:54.432Z</time>
      </trkpt>
      <trkpt lat="51.692434" lon="3.915937">
        <ele>-2.277609</ele>
        <time>2026-10-07T05:50:58.609Z</time>
      </trkpt>
      <trkpt lat="51.690928" lon="3.909559">
        <ele>-1.970357</ele>
        <time>2026-10-07T05:52:02.506Z</time>
      </trkpt>
      <trkpt lat="51.690637" lon="3.908406">
        <ele>-2.010582</ele>
        <time>2026-10-07T05:52:13.400Z</time>
      </trkpt>
      <trkpt lat="51.689564" lon="3.904918">
        <ele>-2.258414</ele>
        <time>2026-10-07T05:52:48.341Z</time>
      </trkpt>
      <trkpt lat="51.689551" lon="3.904731">
        <ele>-2.268192</ele>
        <time>2026-10-07T05:52:50.042Z</time>
      </trkpt>
      <trkpt lat="51.689439" lon="3.904123">
        <ele>-2.301152</ele>
        <time>2026-10-07T05:52:55.679Z</time>
      </trkpt>
      <trkpt lat="51.689434" lon="3.903975">
        <ele>-2.308855</ele>
        <time>2026-10-07T05:52:57.020Z</time>
      </trkpt>
      <trkpt lat="51.689480" lon="3.903821">
        <ele>-2.317738</ele>
        <time>2026-10-07T05:52:58.579Z</time>
      </trkpt>
      <trkpt lat="51.689442" lon="3.903723">
        <ele>-2.321466</ele>
        <time>2026-10-07T05:52:59.593Z</time>
      </trkpt>
      <trkpt lat="51.689402" lon="3.903620">
        <ele>-2.307860</ele>
        <time>2026-10-07T05:53:00.729Z</time>
      </trkpt>
      <trkpt lat="51.689376" lon="3.903557">
        <ele>-2.299388</ele>
        <time>2026-10-07T05:53:01.394Z</time>
      </trkpt>
      <trkpt lat="51.689252" lon="3.903505">
        <ele>-2.276252</ele>
        <time>2026-10-07T05:53:03.294Z</time>
      </trkpt>
      <trkpt lat="51.689146" lon="3.903369">
        <ele>-2.251794</ele>
        <time>2026-10-07T05:53:05.294Z</time>
      </trkpt>
      <trkpt lat="51.689052" lon="3.903300">
        <ele>-2.233145</ele>
        <time>2026-10-07T05:53:06.758Z</time>
      </trkpt>
      <trkpt lat="51.688930" lon="3.902917">
        <ele>-2.184941</ele>
        <time>2026-10-07T05:53:10.511Z</time>
      </trkpt>
      <trkpt lat="51.688359" lon="3.901113">
        <ele>-1.843307</ele>
        <time>2026-10-07T05:53:30.903Z</time>
      </trkpt>
      <trkpt lat="51.688210" lon="3.900792">
        <ele>-1.669603</ele>
        <time>2026-10-07T05:53:35.389Z</time>
      </trkpt>
      <trkpt lat="51.688164" lon="3.900708">
        <ele>-1.621054</ele>
        <time>2026-10-07T05:53:36.611Z</time>
      </trkpt>
      <trkpt lat="51.688054" lon="3.900552">
        <ele>-1.518712</ele>
        <time>2026-10-07T05:53:39.294Z</time>
      </trkpt>
      <trkpt lat="51.687897" lon="3.900398">
        <ele>-1.390321</ele>
        <time>2026-10-07T05:53:42.730Z</time>
      </trkpt>
      <trkpt lat="51.687487" lon="3.900201">
        <ele>-1.091403</ele>
        <time>2026-10-07T05:53:50.835Z</time>
      </trkpt>
      <trkpt lat="51.687114" lon="3.900047">
        <ele>-0.822375</ele>
        <time>2026-10-07T05:53:57.677Z</time>
      </trkpt>
      <trkpt lat="51.686802" lon="3.899962">
        <ele>-0.738939</ele>
        <time>2026-10-07T05:54:02.847Z</time>
      </trkpt>
      <trkpt lat="51.686688" lon="3.899777">
        <ele>-0.736905</ele>
        <time>2026-10-07T05:54:05.529Z</time>
      </trkpt>
      <trkpt lat="51.686613" lon="3.899871">
        <ele>-0.735710</ele>
        <time>2026-10-07T05:54:07.061Z</time>
      </trkpt>
      <trkpt lat="51.686550" lon="3.899887">
        <ele>-0.734908</ele>
        <time>2026-10-07T05:54:08.085Z</time>
      </trkpt>
      <trkpt lat="51.686406" lon="3.899860">
        <ele>-0.733084</ele>
        <time>2026-10-07T05:54:10.322Z</time>
      </trkpt>
      <trkpt lat="51.686330" lon="3.899804">
        <ele>-0.732033</ele>
        <time>2026-10-07T05:54:11.579Z</time>
      </trkpt>
      <trkpt lat="51.686258" lon="3.899679">
        <ele>-0.730702</ele>
        <time>2026-10-07T05:54:13.116Z</time>
      </trkpt>
      <trkpt lat="51.686173" lon="3.899721">
        <ele>-0.729584</ele>
        <time>2026-10-07T05:54:14.395Z</time>
      </trkpt>
      <trkpt lat="51.685910" lon="3.899644">
        <ele>-0.726221</ele>
        <time>2026-10-07T05:54:18.197Z</time>
      </trkpt>
      <trkpt lat="51.685642" lon="3.899552">
        <ele>-0.722774</ele>
        <time>2026-10-07T05:54:22.033Z</time>
      </trkpt>
      <trkpt lat="51.685165" lon="3.899390">
        <ele>-0.791511</ele>
        <time>2026-10-07T05:54:28.666Z</time>
      </trkpt>
      <trkpt lat="51.684939" lon="3.899255">
        <ele>-0.891937</ele>
        <time>2026-10-07T05:54:31.869Z</time>
      </trkpt>
      <trkpt lat="51.684917" lon="3.899240">
        <ele>-0.901890</ele>
        <time>2026-10-07T05:54:32.202Z</time>
      </trkpt>
      <trkpt lat="51.684689" lon="3.899099">
        <ele>-1.003643</ele>
        <time>2026-10-07T05:54:35.414Z</time>
      </trkpt>
      <trkpt lat="51.684447" lon="3.898866">
        <ele>-1.121086</ele>
        <time>2026-10-07T05:54:39.152Z</time>
      </trkpt>
      <trkpt lat="51.684246" lon="3.898582">
        <ele>-1.232436</ele>
        <time>2026-10-07T05:54:42.803Z</time>
      </trkpt>
      <trkpt lat="51.683989" lon="3.898049">
        <ele>-1.406882</ele>
        <time>2026-10-07T05:54:48.508Z</time>
      </trkpt>
      <trkpt lat="51.683875" lon="3.897367">
        <ele>-1.534296</ele>
        <time>2026-10-07T05:54:54.209Z</time>
      </trkpt>
      <trkpt lat="51.683846" lon="3.897196">
        <ele>-1.559256</ele>
        <time>2026-10-07T05:54:55.625Z</time>
      </trkpt>
      <trkpt lat="51.683541" lon="3.895329">
        <ele>-1.831085</ele>
        <time>2026-10-07T05:55:12.239Z</time>
      </trkpt>
      <trkpt lat="51.683342" lon="3.894122">
        <ele>-1.750920</ele>
        <time>2026-10-07T05:55:24.486Z</time>
      </trkpt>
      <trkpt lat="51.683020" lon="3.892275">
        <ele>-1.489691</ele>
        <time>2026-10-07T05:55:44.082Z</time>
      </trkpt>
      <trkpt lat="51.682779" lon="3.891399">
        <ele>-1.570433</ele>
        <time>2026-10-07T05:55:52.623Z</time>
      </trkpt>
      <trkpt lat="51.682438" lon="3.890231">
        <ele>-1.697521</ele>
        <time>2026-10-07T05:56:03.668Z</time>
      </trkpt>
      <trkpt lat="51.681060" lon="3.885310">
        <ele>-2.222452</ele>
        <time>2026-10-07T05:56:50.961Z</time>
      </trkpt>
      <trkpt lat="51.680330" lon="3.882310">
        <ele>-2.267044</ele>
        <time>2026-10-07T05:57:20.761Z</time>
      </trkpt>
      <trkpt lat="51.679833" lon="3.880492">
        <ele>-2.138627</ele>
        <time>2026-10-07T05:57:39.418Z</time>
      </trkpt>
      <trkpt lat="51.679134" lon="3.877730">
        <ele>-1.964748</ele>
        <time>2026-10-07T05:58:08.155Z</time>
      </trkpt>
      <trkpt lat="51.679008" lon="3.877334">
        <ele>-1.962144</ele>
        <time>2026-10-07T05:58:12.234Z</time>
      </trkpt>
      <trkpt lat="51.678769" lon="3.876717">
        <ele>-1.957889</ele>
        <time>2026-10-07T05:58:18.754Z</time>
      </trkpt>
      <trkpt lat="51.677586" lon="3.874125">
        <ele>-2.249152</ele>
        <time>2026-10-07T05:58:46.995Z</time>
      </trkpt>
      <trkpt lat="51.677563" lon="3.874078">
        <ele>-2.255505</ele>
        <time>2026-10-07T05:58:47.528Z</time>
      </trkpt>
      <trkpt lat="51.677002" lon="3.873016">
        <ele>-2.368405</ele>
        <time>2026-10-07T05:59:00.225Z</time>
      </trkpt>
      <trkpt lat="51.674709" lon="3.868688">
        <ele>-2.606816</ele>
        <time>2026-10-07T05:59:50.157Z</time>
      </trkpt>
      <trkpt lat="51.674548" lon="3.868386">
        <ele>-2.528126</ele>
        <time>2026-10-07T05:59:54.228Z</time>
      </trkpt>
      <trkpt lat="51.674466" lon="3.868117">
        <ele>-2.468901</ele>
        <time>2026-10-07T05:59:57.445Z</time>
      </trkpt>
      <trkpt lat="51.674863" lon="3.867552">
        <ele>-2.300191</ele>
        <time>2026-10-07T06:00:06.971Z</time>
      </trkpt>
      <trkpt lat="51.675426" lon="3.866724">
        <ele>-2.106739</ele>
        <time>2026-10-07T06:00:20.417Z</time>
      </trkpt>
      <trkpt lat="51.675919" lon="3.866220">
        <ele>-1.963133</ele>
        <time>2026-10-07T06:00:29.605Z</time>
      </trkpt>
      <trkpt lat="51.676447" lon="3.865802">
        <ele>-1.844219</ele>
        <time>2026-10-07T06:00:37.771Z</time>
      </trkpt>
      <trkpt lat="51.676721" lon="3.865592">
        <ele>-1.918050</ele>
        <time>2026-10-07T06:00:43.418Z</time>
      </trkpt>
      <trkpt lat="51.676875" lon="3.865458">
        <ele>-1.960636</ele>
        <time>2026-10-07T06:00:45.751Z</time>
      </trkpt>
      <trkpt lat="51.677563" lon="3.864897">
        <ele>-2.148260</ele>
        <time>2026-10-07T06:00:56.324Z</time>
      </trkpt>
      <trkpt lat="51.678117" lon="3.864320">
        <ele>-2.267235</ele>
        <time>2026-10-07T06:01:05.968Z</time>
      </trkpt>
      <trkpt lat="51.679009" lon="3.863199">
        <ele>-2.254105</ele>
        <time>2026-10-07T06:01:23.226Z</time>
      </trkpt>
      <trkpt lat="51.679921" lon="3.861915">
        <ele>-2.168423</ele>
        <time>2026-10-07T06:01:40.942Z</time>
      </trkpt>
      <trkpt lat="51.680205" lon="3.861571">
        <ele>-2.128249</ele>
        <time>2026-10-07T06:01:46.082Z</time>
      </trkpt>
      <trkpt lat="51.680150" lon="3.861467">
        <ele>-2.118663</ele>
        <time>2026-10-07T06:01:47.344Z</time>
      </trkpt>
      <trkpt lat="51.680106" lon="3.861389">
        <ele>-2.111267</ele>
        <time>2026-10-07T06:01:48.320Z</time>
      </trkpt>
      <trkpt lat="51.680073" lon="3.861314">
        <ele>-2.104817</ele>
        <time>2026-10-07T06:01:49.189Z</time>
      </trkpt>
      <trkpt lat="51.680118" lon="3.861107">
        <ele>-2.089433</ele>
        <time>2026-10-07T06:01:51.276Z</time>
      </trkpt>
      <trkpt lat="51.680072" lon="3.860910">
        <ele>-2.074670</ele>
        <time>2026-10-07T06:01:53.310Z</time>
      </trkpt>
      <trkpt lat="51.680113" lon="3.860816">
        <ele>-2.066609</ele>
        <time>2026-10-07T06:01:54.429Z</time>
      </trkpt>
      <trkpt lat="51.680158" lon="3.860751">
        <ele>-2.059776</ele>
        <time>2026-10-07T06:01:55.381Z</time>
      </trkpt>
      <trkpt lat="51.680071" lon="3.860687">
        <ele>-2.048961</ele>
        <time>2026-10-07T06:01:56.923Z</time>
      </trkpt>
      <trkpt lat="51.679941" lon="3.860499">
        <ele>-1.922921</ele>
        <time>2026-10-07T06:01:59.771Z</time>
      </trkpt>
      <trkpt lat="51.679829" lon="3.860319">
        <ele>-1.783098</ele>
        <time>2026-10-07T06:02:02.469Z</time>
      </trkpt>
      <trkpt lat="51.679184" lon="3.859318">
        <ele>-0.991525</ele>
        <time>2026-10-07T06:02:19.527Z</time>
      </trkpt>
      <trkpt lat="51.679065" lon="3.859042">
        <ele>-0.807196</ele>
        <time>2026-10-07T06:02:23.696Z</time>
      </trkpt>
      <trkpt lat="51.678714" lon="3.857876">
        <ele>-0.302747</ele>
        <time>2026-10-07T06:02:38.817Z</time>
      </trkpt>
      <trkpt lat="51.678627" lon="3.857673">
        <ele>-0.245447</ele>
        <time>2026-10-07T06:02:41.513Z</time>
      </trkpt>
      <trkpt lat="51.678624" lon="3.857242">
        <ele>-0.145362</ele>
        <time>2026-10-07T06:02:46.013Z</time>
      </trkpt>
      <trkpt lat="51.678605" lon="3.857120">
        <ele>-0.116154</ele>
        <time>2026-10-07T06:02:47.704Z</time>
      </trkpt>
      <trkpt lat="51.678483" lon="3.856759">
        <ele>-0.020687</ele>
        <time>2026-10-07T06:02:53.063Z</time>
      </trkpt>
      <trkpt lat="51.678266" lon="3.856235">
        <ele>0.125627</ele>
        <time>2026-10-07T06:03:00.860Z</time>
      </trkpt>
      <trkpt lat="51.677942" lon="3.854947">
        <ele>0.055780</ele>
        <time>2026-10-07T06:03:17.592Z</time>
      </trkpt>
      <trkpt lat="51.677871" lon="3.854656">
        <ele>0.003949</ele>
        <time>2026-10-07T06:03:21.370Z</time>
      </trkpt>
      <trkpt lat="51.677647" lon="3.853746">
        <ele>-0.158330</ele>
        <time>2026-10-07T06:03:33.102Z</time>
      </trkpt>
      <trkpt lat="51.677632" lon="3.853591">
        <ele>-0.184331</ele>
        <time>2026-10-07T06:03:34.963Z</time>
      </trkpt>
      <trkpt lat="51.678119" lon="3.852438">
        <ele>-0.559125</ele>
        <time>2026-10-07T06:03:46.508Z</time>
      </trkpt>
      <trkpt lat="51.678923" lon="3.850759">
        <ele>-1.191280</ele>
        <time>2026-10-07T06:04:03.554Z</time>
      </trkpt>
      <trkpt lat="51.679225" lon="3.849989">
        <ele>-1.197857</ele>
        <time>2026-10-07T06:04:11.277Z</time>
      </trkpt>
      <trkpt lat="51.681739" lon="3.844189">
        <ele>-1.119214</ele>
        <time>2026-10-07T06:05:17.891Z</time>
      </trkpt>
      <trkpt lat="51.681873" lon="3.843801">
        <ele>-1.097762</ele>
        <time>2026-10-07T06:05:22.080Z</time>
      </trkpt>
      <trkpt lat="51.683295" lon="3.838891">
        <ele>-1.036738</ele>
        <time>2026-10-07T06:06:12.627Z</time>
      </trkpt>
      <trkpt lat="51.683388" lon="3.838630">
        <ele>-1.042793</ele>
        <time>2026-10-07T06:06:15.206Z</time>
      </trkpt>
      <trkpt lat="51.683590" lon="3.838075">
        <ele>-1.089484</ele>
        <time>2026-10-07T06:06:20.695Z</time>
      </trkpt>
      <trkpt lat="51.683891" lon="3.837134">
        <ele>-1.191675</ele>
        <time>2026-10-07T06:06:29.694Z</time>
      </trkpt>
      <trkpt lat="51.685266" lon="3.832425">
        <ele>-1.375274</ele>
        <time>2026-10-07T06:07:17.252Z</time>
      </trkpt>
      <trkpt lat="51.685578" lon="3.831249">
        <ele>-1.366247</ele>
        <time>2026-10-07T06:07:29.078Z</time>
      </trkpt>
      <trkpt lat="51.686140" lon="3.829360">
        <ele>-1.151625</ele>
        <time>2026-10-07T06:07:48.700Z</time>
      </trkpt>
      <trkpt lat="51.686414" lon="3.828346">
        <ele>-0.983275</ele>
        <time>2026-10-07T06:07:59.747Z</time>
      </trkpt>
      <trkpt lat="51.686776" lon="3.826753">
        <ele>-0.539733</ele>
        <time>2026-10-07T06:08:17.735Z</time>
      </trkpt>
      <trkpt lat="51.686870" lon="3.826380">
        <ele>-0.420087</ele>
        <time>2026-10-07T06:08:22.001Z</time>
      </trkpt>
      <trkpt lat="51.686909" lon="3.826221">
        <ele>-0.369276</ele>
        <time>2026-10-07T06:08:24.375Z</time>
      </trkpt>
      <trkpt lat="51.687004" lon="3.826103">
        <ele>-0.311805</ele>
        <time>2026-10-07T06:08:27.057Z</time>
      </trkpt>
      <trkpt lat="51.687255" lon="3.826166">
        <ele>-0.190050</ele>
        <time>2026-10-07T06:08:32.664Z</time>
      </trkpt>
      <trkpt lat="51.687433" lon="3.826070">
        <ele>-0.100090</ele>
        <time>2026-10-07T06:08:36.718Z</time>
      </trkpt>
      <trkpt lat="51.687364" lon="3.825947">
        <ele>-0.056449</ele>
        <time>2026-10-07T06:08:38.378Z</time>
      </trkpt>
      <trkpt lat="51.687265" lon="3.825858">
        <ele>-0.047856</ele>
        <time>2026-10-07T06:08:40.175Z</time>
      </trkpt>
      <trkpt lat="51.686886" lon="3.825620">
        <ele>-0.017021</ele>
        <time>2026-10-07T06:08:46.455Z</time>
      </trkpt>
      <trkpt lat="51.686814" lon="3.825555">
        <ele>-0.010765</ele>
        <time>2026-10-07T06:08:47.710Z</time>
      </trkpt>
      <trkpt lat="51.686865" lon="3.825454">
        <ele>-0.004642</ele>
        <time>2026-10-07T06:08:48.908Z</time>
      </trkpt>
      <trkpt lat="51.687110" lon="3.825507">
        <ele>0.014099</ele>
        <time>2026-10-07T06:08:52.622Z</time>
      </trkpt>
      <trkpt lat="51.687601" lon="3.825726">
        <ele>0.052722</ele>
        <time>2026-10-07T06:09:00.137Z</time>
      </trkpt>
      <trkpt lat="51.687922" lon="3.825714">
        <ele>0.077066</ele>
        <time>2026-10-07T06:09:04.819Z</time>
      </trkpt>
      <trkpt lat="51.689025" lon="3.825401">
        <ele>0.052460</ele>
        <time>2026-10-07T06:09:21.194Z</time>
      </trkpt>
      <trkpt lat="51.691037" lon="3.824674">
        <ele>0.082107</ele>
        <time>2026-10-07T06:09:52.058Z</time>
      </trkpt>
      <trkpt lat="51.691875" lon="3.823792">
        <ele>0.094657</ele>
        <time>2026-10-07T06:10:06.981Z</time>
      </trkpt>
      <trkpt lat="51.692275" lon="3.823319">
        <ele>0.092460</ele>
        <time>2026-10-07T06:10:14.325Z</time>
      </trkpt>
      <trkpt lat="51.692562" lon="3.822912">
        <ele>0.090767</ele>
        <time>2026-10-07T06:10:19.914Z</time>
      </trkpt>
      <trkpt lat="51.692977" lon="3.822595">
        <ele>0.085859</ele>
        <time>2026-10-07T06:10:26.568Z</time>
      </trkpt>
      <trkpt lat="51.694327" lon="3.821091">
        <ele>0.031472</ele>
        <time>2026-10-07T06:10:50.751Z</time>
      </trkpt>
      <trkpt lat="51.695358" lon="3.819444">
        <ele>0.106799</ele>
        <time>2026-10-07T06:11:12.487Z</time>
      </trkpt>
      <trkpt lat="51.695441" lon="3.819211">
        <ele>0.116036</ele>
        <time>2026-10-07T06:11:15.010Z</time>
      </trkpt>
      <trkpt lat="51.695781" lon="3.818607">
        <ele>0.159373</ele>
        <time>2026-10-07T06:11:22.690Z</time>
      </trkpt>
      <trkpt lat="51.695950" lon="3.818443">
        <ele>0.181619</ele>
        <time>2026-10-07T06:11:25.686Z</time>
      </trkpt>
      <trkpt lat="51.696731" lon="3.816901">
        <ele>0.320851</ele>
        <time>2026-10-07T06:11:44.622Z</time>
      </trkpt>
      <trkpt lat="51.697066" lon="3.816057">
        <ele>0.417128</ele>
        <time>2026-10-07T06:11:54.269Z</time>
      </trkpt>
      <trkpt lat="51.697404" lon="3.815499">
        <ele>0.496015</ele>
        <time>2026-10-07T06:12:01.566Z</time>
      </trkpt>
      <trkpt lat="51.697810" lon="3.814332">
        <ele>0.640210</ele>
        <time>2026-10-07T06:12:14.390Z</time>
      </trkpt>
      <trkpt lat="51.697932" lon="3.813837">
        <ele>0.777561</ele>
        <time>2026-10-07T06:12:19.574Z</time>
      </trkpt>
      <trkpt lat="51.698077" lon="3.813093">
        <ele>0.978653</ele>
        <time>2026-10-07T06:12:27.326Z</time>
      </trkpt>
      <trkpt lat="51.698118" lon="3.813053">
        <ele>0.998585</ele>
        <time>2026-10-07T06:12:28.128Z</time>
      </trkpt>
      <trkpt lat="51.698142" lon="3.812593">
        <ele>1.117610</ele>
        <time>2026-10-07T06:12:32.916Z</time>
      </trkpt>
      <trkpt lat="51.698250" lon="3.812400">
        <ele>1.184654</ele>
        <time>2026-10-07T06:12:35.709Z</time>
      </trkpt>
      <trkpt lat="51.698398" lon="3.811397">
        <ele>1.442400</ele>
        <time>2026-10-07T06:12:46.880Z</time>
      </trkpt>
      <trkpt lat="51.698560" lon="3.810590">
        <ele>1.638026</ele>
        <time>2026-10-07T06:12:55.871Z</time>
      </trkpt>
      <trkpt lat="51.698625" lon="3.810523">
        <ele>1.666726</ele>
        <time>2026-10-07T06:12:57.177Z</time>
      </trkpt>
      <trkpt lat="51.698671" lon="3.810430">
        <ele>1.694166</ele>
        <time>2026-10-07T06:12:58.787Z</time>
      </trkpt>
      <trkpt lat="51.698714" lon="3.810192">
        <ele>1.751337</ele>
        <time>2026-10-07T06:13:02.164Z</time>
      </trkpt>
      <trkpt lat="51.698702" lon="3.809985">
        <ele>1.799283</ele>
        <time>2026-10-07T06:13:04.967Z</time>
      </trkpt>
      <trkpt lat="51.698531" lon="3.809055">
        <ele>2.022995</ele>
        <time>2026-10-07T06:13:22.244Z</time>
      </trkpt>
      <trkpt lat="51.698387" lon="3.806618">
        <ele>1.856580</ele>
        <time>2026-10-07T06:14:03.770Z</time>
      </trkpt>
      <trkpt lat="51.698304" lon="3.806130">
        <ele>1.816607</ele>
        <time>2026-10-07T06:14:12.083Z</time>
      </trkpt>
      <trkpt lat="51.698344" lon="3.805710">
        <ele>1.712781</ele>
        <time>2026-10-07T06:14:19.044Z</time>
      </trkpt>
      <trkpt lat="51.698296" lon="3.805344">
        <ele>1.615829</ele>
        <time>2026-10-07T06:14:25.153Z</time>
      </trkpt>
      <trkpt lat="51.698313" lon="3.805040">
        <ele>1.536726</ele>
        <time>2026-10-07T06:14:30.133Z</time>
      </trkpt>
      <trkpt lat="51.698270" lon="3.804814">
        <ele>1.475459</ele>
        <time>2026-10-07T06:14:33.999Z</time>
      </trkpt>
      <trkpt lat="51.698245" lon="3.804339">
        <ele>1.351916</ele>
        <time>2026-10-07T06:14:41.703Z</time>
      </trkpt>
      <trkpt lat="51.697846" lon="3.803068">
        <ele>1.027579</ele>
        <time>2026-10-07T06:15:04.759Z</time>
      </trkpt>
      <trkpt lat="51.697612" lon="3.801050">
        <ele>0.797491</ele>
        <time>2026-10-07T06:15:39.200Z</time>
      </trkpt>
      <trkpt lat="51.697529" lon="3.800322">
        <ele>0.743330</ele>
        <time>2026-10-07T06:15:51.993Z</time>
      </trkpt>
      <trkpt lat="51.697394" lon="3.799152">
        <ele>0.784357</ele>
        <time>2026-10-07T06:16:12.745Z</time>
      </trkpt>
      <trkpt lat="51.696868" lon="3.795099">
        <ele>0.888768</ele>
        <time>2026-10-07T06:17:24.475Z</time>
      </trkpt>
      <trkpt lat="51.696812" lon="3.794717">
        <ele>0.894248</ele>
        <time>2026-10-07T06:17:31.333Z</time>
      </trkpt>
      <trkpt lat="51.696769" lon="3.794431">
        <ele>0.894221</ele>
        <time>2026-10-07T06:17:36.482Z</time>
      </trkpt>
      <trkpt lat="51.696696" lon="3.794222">
        <ele>0.894199</ele>
        <time>2026-10-07T06:17:40.678Z</time>
      </trkpt>
      <trkpt lat="51.695350" lon="3.791711">
        <ele>0.735417</ele>
        <time>2026-10-07T06:18:37.825Z</time>
      </trkpt>
      <trkpt lat="51.693913" lon="3.789281">
        <ele>0.225667</ele>
        <time>2026-10-07T06:19:32.897Z</time>
      </trkpt>
      <trkpt lat="51.693914" lon="3.789079">
        <ele>0.194193</ele>
        <time>2026-10-07T06:19:36.304Z</time>
      </trkpt>
      <trkpt lat="51.693364" lon="3.788482">
        <ele>0.027567</ele>
        <time>2026-10-07T06:19:49.326Z</time>
      </trkpt>
      <trkpt lat="51.692979" lon="3.788123">
        <ele>-0.047508</ele>
        <time>2026-10-07T06:19:58.141Z</time>
      </trkpt>
      <trkpt lat="51.692566" lon="3.787880">
        <ele>-0.115493</ele>
        <time>2026-10-07T06:20:06.745Z</time>
      </trkpt>
      <trkpt lat="51.690924" lon="3.787056">
        <ele>-0.171247</ele>
        <time>2026-10-07T06:20:40.405Z</time>
      </trkpt>
      <trkpt lat="51.690188" lon="3.786597">
        <ele>-0.069177</ele>
        <time>2026-10-07T06:20:57.569Z</time>
      </trkpt>
      <trkpt lat="51.689200" lon="3.785984">
        <ele>0.105939</ele>
        <time>2026-10-07T06:21:20.332Z</time>
      </trkpt>
      <trkpt lat="51.688849" lon="3.785860">
        <ele>0.169808</ele>
        <time>2026-10-07T06:21:27.785Z</time>
      </trkpt>
      <trkpt lat="51.688323" lon="3.785748">
        <ele>0.264116</ele>
        <time>2026-10-07T06:21:35.851Z</time>
      </trkpt>
      <trkpt lat="51.687993" lon="3.785635">
        <ele>0.266975</ele>
        <time>2026-10-07T06:21:40.739Z</time>
      </trkpt>
      <trkpt lat="51.687689" lon="3.785461">
        <ele>0.239690</ele>
        <time>2026-10-07T06:21:45.396Z</time>
      </trkpt>
      <trkpt lat="51.687378" lon="3.785152">
        <ele>0.208793</ele>
        <time>2026-10-07T06:21:50.676Z</time>
      </trkpt>
      <trkpt lat="51.687140" lon="3.784799">
        <ele>0.181445</ele>
        <time>2026-10-07T06:21:55.366Z</time>
      </trkpt>
      <trkpt lat="51.686950" lon="3.784400">
        <ele>0.155062</ele>
        <time>2026-10-07T06:21:59.830Z</time>
      </trkpt>
      <trkpt lat="51.686732" lon="3.783798">
        <ele>0.120553</ele>
        <time>2026-10-07T06:22:05.913Z</time>
      </trkpt>
      <trkpt lat="51.686286" lon="3.782332">
        <ele>0.046829</ele>
        <time>2026-10-07T06:22:20.610Z</time>
      </trkpt>
      <trkpt lat="51.685227" lon="3.779630">
        <ele>0.036113</ele>
        <time>2026-10-07T06:22:50.173Z</time>
      </trkpt>
      <trkpt lat="51.684758" lon="3.778494">
        <ele>0.042024</ele>
        <time>2026-10-07T06:23:02.783Z</time>
      </trkpt>
      <trkpt lat="51.683676" lon="3.776197">
        <ele>0.020527</ele>
        <time>2026-10-07T06:23:29.156Z</time>
      </trkpt>
      <trkpt lat="51.683221" lon="3.775252">
        <ele>0.009582</ele>
        <time>2026-10-07T06:23:44.093Z</time>
      </trkpt>
      <trkpt lat="51.681854" lon="3.772191">
        <ele>-0.000000</ele>
        <time>2026-10-07T06:24:31.453Z</time>
      </trkpt>
      <trkpt lat="51.681228" lon="3.770790">
        <ele>-0.000000</ele>
        <time>2026-10-07T06:24:52.989Z</time>
      </trkpt>
      <trkpt lat="51.681141" lon="3.770742">
        <ele>-0.000000</ele>
        <time>2026-10-07T06:24:54.850Z</time>
      </trkpt>
      <trkpt lat="51.681107" lon="3.770686">
        <ele>-0.000000</ele>
        <time>2026-10-07T06:24:55.831Z</time>
      </trkpt>
      <trkpt lat="51.680834" lon="3.770073">
        <ele>-0.000000</ele>
        <time>2026-10-07T06:25:05.254Z</time>
      </trkpt>
      <trkpt lat="51.680338" lon="3.768784">
        <ele>-0.000000</ele>
        <time>2026-10-07T06:25:24.251Z</time>
      </trkpt>
      <trkpt lat="51.677860" lon="3.761151">
        <ele>-0.011758</ele>
        <time>2026-10-07T06:27:12.144Z</time>
      </trkpt>
      <trkpt lat="51.677602" lon="3.760363">
        <ele>-0.019176</ele>
        <time>2026-10-07T06:27:23.294Z</time>
      </trkpt>
      <trkpt lat="51.677308" lon="3.759560">
        <ele>-0.026939</ele>
        <time>2026-10-07T06:27:35.025Z</time>
      </trkpt>
      <trkpt lat="51.677267" lon="3.759348">
        <ele>-0.012446</ele>
        <time>2026-10-07T06:27:37.820Z</time>
      </trkpt>
      <trkpt lat="51.676946" lon="3.758652">
        <ele>0.048786</ele>
        <time>2026-10-07T06:27:48.742Z</time>
      </trkpt>
      <trkpt lat="51.676437" lon="3.757193">
        <ele>0.166963</ele>
        <time>2026-10-07T06:28:10.313Z</time>
      </trkpt>
      <trkpt lat="51.676329" lon="3.756651">
        <ele>0.303836</ele>
        <time>2026-10-07T06:28:17.868Z</time>
      </trkpt>
      <trkpt lat="51.676229" lon="3.756326">
        <ele>0.413521</ele>
        <time>2026-10-07T06:28:22.718Z</time>
      </trkpt>
      <trkpt lat="51.676190" lon="3.756212">
        <ele>0.452883</ele>
        <time>2026-10-07T06:28:24.495Z</time>
      </trkpt>
      <trkpt lat="51.675443" lon="3.754043">
        <ele>1.005378</ele>
        <time>2026-10-07T06:28:59.548Z</time>
      </trkpt>
      <trkpt lat="51.675373" lon="3.753837">
        <ele>0.981820</ele>
        <time>2026-10-07T06:29:02.700Z</time>
      </trkpt>
      <trkpt lat="51.674999" lon="3.752541">
        <ele>0.838460</ele>
        <time>2026-10-07T06:29:19.880Z</time>
      </trkpt>
      <trkpt lat="51.674929" lon="3.752396">
        <ele>0.820031</ele>
        <time>2026-10-07T06:29:21.973Z</time>
      </trkpt>
      <trkpt lat="51.674792" lon="3.751974">
        <ele>0.772260</ele>
        <time>2026-10-07T06:29:27.147Z</time>
      </trkpt>
      <trkpt lat="51.674638" lon="3.751250">
        <ele>0.559882</ele>
        <time>2026-10-07T06:29:35.389Z</time>
      </trkpt>
      <trkpt lat="51.674240" lon="3.749200">
        <ele>-0.083872</ele>
        <time>2026-10-07T06:30:00.185Z</time>
      </trkpt>
      <trkpt lat="51.674180" lon="3.748740">
        <ele>-0.044483</ele>
        <time>2026-10-07T06:30:06.283Z</time>
      </trkpt>
      <trkpt lat="51.673940" lon="3.745688">
        <ele>0.369819</ele>
        <time>2026-10-07T06:30:47.747Z</time>
      </trkpt>
      <trkpt lat="51.673425" lon="3.742922">
        <ele>0.473406</ele>
        <time>2026-10-07T06:31:23.840Z</time>
      </trkpt>
      <trkpt lat="51.672670" lon="3.738870">
        <ele>0.309553</ele>
        <time>2026-10-07T06:32:16.111Z</time>
      </trkpt>
      <trkpt lat="51.672540" lon="3.738080">
        <ele>0.275043</ele>
        <time>2026-10-07T06:32:26.392Z</time>
      </trkpt>
      <trkpt lat="51.672247" lon="3.735439">
        <ele>-0.037489</ele>
        <time>2026-10-07T06:32:59.262Z</time>
      </trkpt>
      <trkpt lat="51.672279" lon="3.734874">
        <ele>-0.132888</ele>
        <time>2026-10-07T06:33:05.835Z</time>
      </trkpt>
      <trkpt lat="51.672317" lon="3.734706">
        <ele>-0.184054</ele>
        <time>2026-10-07T06:33:07.890Z</time>
      </trkpt>
      <trkpt lat="51.672576" lon="3.734196">
        <ele>-0.372660</ele>
        <time>2026-10-07T06:33:15.382Z</time>
      </trkpt>
      <trkpt lat="51.673270" lon="3.733193">
        <ele>-0.802635</ele>
        <time>2026-10-07T06:33:32.511Z</time>
      </trkpt>
      <trkpt lat="51.672104" lon="3.730040">
        <ele>-1.229760</ele>
        <time>2026-10-07T06:34:04.409Z</time>
      </trkpt>
      <trkpt lat="51.671951" lon="3.729447">
        <ele>-1.091157</ele>
        <time>2026-10-07T06:34:10.463Z</time>
      </trkpt>
      <trkpt lat="51.671530" lon="3.725820">
        <ele>0.205608</ele>
        <time>2026-10-07T06:34:49.779Z</time>
      </trkpt>
      <trkpt lat="51.671627" lon="3.724912">
        <ele>0.660298</ele>
        <time>2026-10-07T06:35:00.217Z</time>
      </trkpt>
      <trkpt lat="51.671615" lon="3.724615">
        <ele>0.855783</ele>
        <time>2026-10-07T06:35:03.843Z</time>
      </trkpt>
      <trkpt lat="51.671538" lon="3.723687">
        <ele>1.693955</ele>
        <time>2026-10-07T06:35:16.032Z</time>
      </trkpt>
      <trkpt lat="51.671290" lon="3.723700">
        <ele>2.052138</ele>
        <time>2026-10-07T06:35:21.363Z</time>
      </trkpt>
      <trkpt lat="51.671160" lon="3.723667">
        <ele>2.242106</ele>
        <time>2026-10-07T06:35:24.189Z</time>
      </trkpt>
      <trkpt lat="51.670656" lon="3.723468">
        <ele>2.991136</ele>
        <time>2026-10-07T06:35:35.398Z</time>
      </trkpt>
      <trkpt lat="51.668788" lon="3.722618">
        <ele>5.299800</ele>
        <time>2026-10-07T06:36:14.024Z</time>
      </trkpt>
      <trkpt lat="51.668281" lon="3.722454">
        <ele>5.327810</ele>
        <time>2026-10-07T06:36:22.850Z</time>
      </trkpt>
      <trkpt lat="51.667745" lon="3.722326">
        <ele>5.210837</ele>
        <time>2026-10-07T06:36:31.285Z</time>
      </trkpt>
      <trkpt lat="51.667025" lon="3.722244">
        <ele>5.055016</ele>
        <time>2026-10-07T06:36:40.306Z</time>
      </trkpt>
      <trkpt lat="51.666442" lon="3.722230">
        <ele>4.383663</ele>
        <time>2026-10-07T06:36:47.024Z</time>
      </trkpt>
      <trkpt lat="51.666271" lon="3.722237">
        <ele>4.145270</ele>
        <time>2026-10-07T06:36:49.768Z</time>
      </trkpt>
      <trkpt lat="51.663638" lon="3.722490">
        <ele>0.958358</ele>
        <time>2026-10-07T06:37:20.451Z</time>
      </trkpt>
      <trkpt lat="51.663575" lon="3.722450">
        <ele>0.886473</ele>
        <time>2026-10-07T06:37:21.356Z</time>
      </trkpt>
      <trkpt lat="51.663422" lon="3.722459">
        <ele>0.723931</ele>
        <time>2026-10-07T06:37:23.441Z</time>
      </trkpt>
      <trkpt lat="51.663345" lon="3.722514">
        <ele>0.634519</ele>
        <time>2026-10-07T06:37:24.615Z</time>
      </trkpt>
      <trkpt lat="51.663286" lon="3.722519">
        <ele>0.635716</ele>
        <time>2026-10-07T06:37:25.758Z</time>
      </trkpt>
      <trkpt lat="51.655787" lon="3.722975">
        <ele>5.532928</ele>
        <time>2026-10-07T06:39:36.667Z</time>
      </trkpt>
      <trkpt lat="51.655062" lon="3.722907">
        <ele>6.476863</ele>
        <time>2026-10-07T06:39:52.924Z</time>
      </trkpt>
      <trkpt lat="51.654341" lon="3.722838">
        <ele>7.415654</ele>
        <time>2026-10-07T06:40:08.002Z</time>
      </trkpt>
      <trkpt lat="51.653776" lon="3.722672">
        <ele>7.471720</ele>
        <time>2026-10-07T06:40:17.129Z</time>
      </trkpt>
      <trkpt lat="51.653278" lon="3.722496">
        <ele>7.519680</ele>
        <time>2026-10-07T06:40:24.444Z</time>
      </trkpt>
      <trkpt lat="51.652501" lon="3.722127">
        <ele>7.453718</ele>
        <time>2026-10-07T06:40:35.885Z</time>
      </trkpt>
      <trkpt lat="51.652039" lon="3.721834">
        <ele>6.748214</ele>
        <time>2026-10-07T06:40:42.708Z</time>
      </trkpt>
      <trkpt lat="51.650875" lon="3.720919">
        <ele>4.834901</ele>
        <time>2026-10-07T06:40:57.159Z</time>
      </trkpt>
      <trkpt lat="51.649914" lon="3.720186">
        <ele>2.429116</ele>
        <time>2026-10-07T06:41:07.951Z</time>
      </trkpt>
      <trkpt lat="51.649384" lon="3.719838">
        <ele>1.134118</ele>
        <time>2026-10-07T06:41:14.067Z</time>
      </trkpt>
      <trkpt lat="51.642204" lon="3.714110">
        <ele>4.158995</ele>
        <time>2026-10-07T06:43:23.646Z</time>
      </trkpt>
      <trkpt lat="51.641740" lon="3.713706">
        <ele>5.076486</ele>
        <time>2026-10-07T06:43:38.288Z</time>
      </trkpt>
      <trkpt lat="51.641576" lon="3.713431">
        <ele>5.488236</ele>
        <time>2026-10-07T06:43:44.670Z</time>
      </trkpt>
      <trkpt lat="51.641514" lon="3.713140">
        <ele>5.820395</ele>
        <time>2026-10-07T06:43:49.912Z</time>
      </trkpt>
      <trkpt lat="51.641511" lon="3.712855">
        <ele>6.021564</ele>
        <time>2026-10-07T06:43:54.611Z</time>
      </trkpt>
      <trkpt lat="51.641654" lon="3.711345">
        <ele>6.303126</ele>
        <time>2026-10-07T06:44:11.538Z</time>
      </trkpt>
      <trkpt lat="51.641652" lon="3.711025">
        <ele>6.362115</ele>
        <time>2026-10-07T06:44:13.965Z</time>
      </trkpt>
      <trkpt lat="51.641616" lon="3.710787">
        <ele>6.407270</ele>
        <time>2026-10-07T06:44:15.788Z</time>
      </trkpt>
      <trkpt lat="51.641541" lon="3.710541">
        <ele>6.457792</ele>
        <time>2026-10-07T06:44:17.803Z</time>
      </trkpt>
      <trkpt lat="51.641453" lon="3.710365">
        <ele>6.499455</ele>
        <time>2026-10-07T06:44:19.464Z</time>
      </trkpt>
      <trkpt lat="51.639955" lon="3.708000">
        <ele>4.896463</ele>
        <time>2026-10-07T06:44:45.193Z</time>
      </trkpt>
      <trkpt lat="51.639166" lon="3.706767">
        <ele>4.812914</ele>
        <time>2026-10-07T06:45:01.433Z</time>
      </trkpt>
      <trkpt lat="51.638509" lon="3.705746">
        <ele>4.866127</ele>
        <time>2026-10-07T06:45:16.155Z</time>
      </trkpt>
      <trkpt lat="51.638374" lon="3.705534">
        <ele>4.910174</ele>
        <time>2026-10-07T06:45:19.194Z</time>
      </trkpt>
      <trkpt lat="51.638247" lon="3.705333">
        <ele>4.951768</ele>
        <time>2026-10-07T06:45:22.062Z</time>
      </trkpt>
      <trkpt lat="51.636719" lon="3.702924">
        <ele>5.294331</ele>
        <time>2026-10-07T06:45:55.344Z</time>
      </trkpt>
      <trkpt lat="51.636623" lon="3.702773">
        <ele>5.306564</ele>
        <time>2026-10-07T06:45:57.317Z</time>
      </trkpt>
      <trkpt lat="51.636555" lon="3.702665">
        <ele>5.315271</ele>
        <time>2026-10-07T06:45:58.715Z</time>
      </trkpt>
      <trkpt lat="51.634673" lon="3.699780">
        <ele>5.221972</ele>
        <time>2026-10-07T06:46:36.432Z</time>
      </trkpt>
      <trkpt lat="51.630888" lon="3.694226">
        <ele>5.210322</ele>
        <time>2026-10-07T06:47:52.263Z</time>
      </trkpt>
      <trkpt lat="51.628144" lon="3.690172">
        <ele>6.630185</ele>
        <time>2026-10-07T06:48:53.716Z</time>
      </trkpt>
      <trkpt lat="51.627202" lon="3.688904">
        <ele>6.864841</ele>
        <time>2026-10-07T06:49:12.936Z</time>
      </trkpt>
      <trkpt lat="51.626293" lon="3.687840">
        <ele>6.775310</ele>
        <time>2026-10-07T06:49:29.373Z</time>
      </trkpt>
      <trkpt lat="51.625302" lon="3.686800">
        <ele>6.501243</ele>
        <time>2026-10-07T06:49:45.547Z</time>
      </trkpt>
      <trkpt lat="51.624313" lon="3.685915">
        <ele>6.155560</ele>
        <time>2026-10-07T06:50:00.889Z</time>
      </trkpt>
      <trkpt lat="51.623041" lon="3.684946">
        <ele>5.785735</ele>
        <time>2026-10-07T06:50:20.967Z</time>
      </trkpt>
      <trkpt lat="51.622074" lon="3.684322">
        <ele>5.469478</ele>
        <time>2026-10-07T06:50:35.705Z</time>
      </trkpt>
      <trkpt lat="51.621955" lon="3.684257">
        <ele>5.351456</ele>
        <time>2026-10-07T06:50:37.374Z</time>
      </trkpt>
      <trkpt lat="51.621172" lon="3.683824">
        <ele>4.573885</ele>
        <time>2026-10-07T06:50:47.626Z</time>
      </trkpt>
      <trkpt lat="51.621071" lon="3.683774">
        <ele>4.474641</ele>
        <time>2026-10-07T06:50:48.859Z</time>
      </trkpt>
      <trkpt lat="51.619627" lon="3.683243">
        <ele>3.764491</ele>
        <time>2026-10-07T06:51:06.320Z</time>
      </trkpt>
      <trkpt lat="51.619527" lon="3.683241">
        <ele>3.751397</ele>
        <time>2026-10-07T06:51:07.645Z</time>
      </trkpt>
      <trkpt lat="51.619416" lon="3.683298">
        <ele>3.736142</ele>
        <time>2026-10-07T06:51:09.170Z</time>
      </trkpt>
      <trkpt lat="51.619309" lon="3.683462">
        <ele>3.716803</ele>
        <time>2026-10-07T06:51:11.297Z</time>
      </trkpt>
      <trkpt lat="51.619142" lon="3.684089">
        <ele>3.661339</ele>
        <time>2026-10-07T06:51:19.478Z</time>
      </trkpt>
      <trkpt lat="51.619060" lon="3.684249">
        <ele>3.644473</ele>
        <time>2026-10-07T06:51:22.967Z</time>
      </trkpt>
      <trkpt lat="51.618986" lon="3.684305">
        <ele>3.693930</ele>
        <time>2026-10-07T06:51:25.234Z</time>
      </trkpt>
      <trkpt lat="51.618798" lon="3.683987">
        <ele>4.046197</ele>
        <time>2026-10-07T06:51:32.965Z</time>
      </trkpt>
      <trkpt lat="51.618700" lon="3.683924">
        <ele>4.182537</ele>
        <time>2026-10-07T06:51:36.124Z</time>
      </trkpt>
      <trkpt lat="51.618522" lon="3.683902">
        <ele>4.413208</ele>
        <time>2026-10-07T06:51:41.458Z</time>
      </trkpt>
      <trkpt lat="51.618403" lon="3.683876">
        <ele>4.568376</ele>
        <time>2026-10-07T06:51:44.984Z</time>
      </trkpt>
      <trkpt lat="51.618193" lon="3.683782">
        <ele>4.850002</ele>
        <time>2026-10-07T06:51:51.060Z</time>
      </trkpt>
      <trkpt lat="51.617887" lon="3.683587">
        <ele>5.275210</ele>
        <time>2026-10-07T06:51:59.545Z</time>
      </trkpt>
      <trkpt lat="51.617773" lon="3.683537">
        <ele>5.427874</ele>
        <time>2026-10-07T06:52:02.613Z</time>
      </trkpt>
      <trkpt lat="51.617394" lon="3.683448">
        <ele>5.922759</ele>
        <time>2026-10-07T06:52:09.983Z</time>
      </trkpt>
      <trkpt lat="51.617108" lon="3.683467">
        <ele>5.451153</ele>
        <time>2026-10-07T06:52:13.804Z</time>
      </trkpt>
      <trkpt lat="51.616787" lon="3.683584">
        <ele>4.789693</ele>
        <time>2026-10-07T06:52:17.507Z</time>
      </trkpt>
      <trkpt lat="51.616153" lon="3.683947">
        <ele>3.437353</ele>
        <time>2026-10-07T06:52:24.464Z</time>
      </trkpt>
      <trkpt lat="51.615665" lon="3.684089">
        <ele>2.440692</ele>
        <time>2026-10-07T06:52:29.503Z</time>
      </trkpt>
      <trkpt lat="51.615023" lon="3.684106">
        <ele>2.253538</ele>
        <time>2026-10-07T06:52:36.222Z</time>
      </trkpt>
      <trkpt lat="51.600987" lon="3.682193">
        <ele>0.986560</ele>
        <time>2026-10-07T06:56:03.851Z</time>
      </trkpt>
      <trkpt lat="51.600927" lon="3.682185">
        <ele>1.096641</ele>
        <time>2026-10-07T06:56:05.308Z</time>
      </trkpt>
      <trkpt lat="51.600834" lon="3.682111">
        <ele>1.286320</ele>
        <time>2026-10-07T06:56:07.360Z</time>
      </trkpt>
      <trkpt lat="51.600691" lon="3.682093">
        <ele>1.548584</ele>
        <time>2026-10-07T06:56:10.280Z</time>
      </trkpt>
      <trkpt lat="51.600620" lon="3.682122">
        <ele>1.682515</ele>
        <time>2026-10-07T06:56:11.826Z</time>
      </trkpt>
      <trkpt lat="51.600456" lon="3.682099">
        <ele>1.983514</ele>
        <time>2026-10-07T06:56:15.444Z</time>
      </trkpt>
      <trkpt lat="51.599244" lon="3.681897">
        <ele>4.019893</ele>
        <time>2026-10-07T06:56:47.360Z</time>
      </trkpt>
      <trkpt lat="51.598962" lon="3.681771">
        <ele>4.338006</ele>
        <time>2026-10-07T06:56:54.662Z</time>
      </trkpt>
      <trkpt lat="51.598757" lon="3.681654">
        <ele>4.574424</ele>
        <time>2026-10-07T06:56:59.572Z</time>
      </trkpt>
      <trkpt lat="51.598596" lon="3.681527">
        <ele>4.769306</ele>
        <time>2026-10-07T06:57:03.138Z</time>
      </trkpt>
      <trkpt lat="51.598757" lon="3.681654">
        <ele>4.964188</ele>
        <time>2026-10-07T06:57:06.340Z</time>
      </trkpt>
      <trkpt lat="51.598843" lon="3.681180">
        <ele>5.297601</ele>
        <time>2026-10-07T06:57:11.204Z</time>
      </trkpt>
      <trkpt lat="51.598783" lon="3.681064">
        <ele>5.399521</ele>
        <time>2026-10-07T06:57:12.545Z</time>
      </trkpt>
      <trkpt lat="51.598601" lon="3.680600">
        <ele>5.636496</ele>
        <time>2026-10-07T06:57:16.781Z</time>
      </trkpt>
      <trkpt lat="51.598524" lon="3.680283">
        <ele>5.461653</ele>
        <time>2026-10-07T06:57:19.226Z</time>
      </trkpt>
      <trkpt lat="51.598121" lon="3.678273">
        <ele>4.376701</ele>
        <time>2026-10-07T06:57:35.089Z</time>
      </trkpt>
      <trkpt lat="51.597774" lon="3.676912">
        <ele>4.087029</ele>
        <time>2026-10-07T06:57:48.077Z</time>
      </trkpt>
      <trkpt lat="51.597366" lon="3.675624">
        <ele>3.935188</ele>
        <time>2026-10-07T06:58:01.445Z</time>
      </trkpt>
      <trkpt lat="51.596834" lon="3.674217">
        <ele>3.808279</ele>
        <time>2026-10-07T06:58:15.660Z</time>
      </trkpt>
      <trkpt lat="51.596719" lon="3.673908">
        <ele>3.782854</ele>
        <time>2026-10-07T06:58:18.800Z</time>
      </trkpt>
      <trkpt lat="51.596283" lon="3.672802">
        <ele>3.703255</ele>
        <time>2026-10-07T06:58:31.143Z</time>
      </trkpt>
      <trkpt lat="51.595948" lon="3.671809">
        <ele>3.752619</ele>
        <time>2026-10-07T06:58:41.869Z</time>
      </trkpt>
      <trkpt lat="51.595898" lon="3.671652">
        <ele>3.760327</ele>
        <time>2026-10-07T06:58:43.525Z</time>
      </trkpt>
      <trkpt lat="51.595720" lon="3.671122">
        <ele>3.786648</ele>
        <time>2026-10-07T06:58:49.158Z</time>
      </trkpt>
      <trkpt lat="51.595353" lon="3.670048">
        <ele>3.854551</ele>
        <time>2026-10-07T06:59:00.455Z</time>
      </trkpt>
      <trkpt lat="51.595076" lon="3.669440">
        <ele>3.918255</ele>
        <time>2026-10-07T06:59:07.556Z</time>
      </trkpt>
      <trkpt lat="51.594938" lon="3.669200">
        <ele>3.945885</ele>
        <time>2026-10-07T06:59:10.697Z</time>
      </trkpt>
      <trkpt lat="51.594812" lon="3.668979">
        <ele>3.971230</ele>
        <time>2026-10-07T06:59:13.620Z</time>
      </trkpt>
      <trkpt lat="51.594418" lon="3.668310">
        <ele>4.049118</ele>
        <time>2026-10-07T06:59:22.579Z</time>
      </trkpt>
      <trkpt lat="51.594350" lon="3.667738">
        <ele>4.121270</ele>
        <time>2026-10-07T06:59:28.289Z</time>
      </trkpt>
      <trkpt lat="51.593991" lon="3.666926">
        <ele>4.272421</ele>
        <time>2026-10-07T06:59:37.766Z</time>
      </trkpt>
      <trkpt lat="51.593929" lon="3.666813">
        <ele>4.295286</ele>
        <time>2026-10-07T06:59:39.192Z</time>
      </trkpt>
      <trkpt lat="51.593284" lon="3.666078">
        <ele>4.488212</ele>
        <time>2026-10-07T06:59:51.777Z</time>
      </trkpt>
      <trkpt lat="51.592685" lon="3.665090">
        <ele>4.658406</ele>
        <time>2026-10-07T07:00:06.214Z</time>
      </trkpt>
      <trkpt lat="51.592462" lon="3.664738">
        <ele>4.718851</ele>
        <time>2026-10-07T07:00:11.269Z</time>
      </trkpt>
      <trkpt lat="51.592003" lon="3.664309">
        <ele>4.821569</ele>
        <time>2026-10-07T07:00:19.314Z</time>
      </trkpt>
      <trkpt lat="51.591788" lon="3.664032">
        <ele>4.803196</ele>
        <time>2026-10-07T07:00:23.121Z</time>
      </trkpt>
      <trkpt lat="51.591370" lon="3.663258">
        <ele>4.441383</ele>
        <time>2026-10-07T07:00:31.397Z</time>
      </trkpt>
      <trkpt lat="51.591076" lon="3.662662">
        <ele>4.172894</ele>
        <time>2026-10-07T07:00:37.496Z</time>
      </trkpt>
      <trkpt lat="51.590777" lon="3.661844">
        <ele>3.838058</ele>
        <time>2026-10-07T07:00:45.017Z</time>
      </trkpt>
      <trkpt lat="51.590542" lon="3.661005">
        <ele>3.561341</ele>
        <time>2026-10-07T07:00:52.475Z</time>
      </trkpt>
      <trkpt lat="51.590426" lon="3.660446">
        <ele>3.384404</ele>
        <time>2026-10-07T07:00:57.378Z</time>
      </trkpt>
      <trkpt lat="51.590291" lon="3.659285">
        <ele>3.029795</ele>
        <time>2026-10-07T07:01:07.183Z</time>
      </trkpt>
      <trkpt lat="51.590261" lon="3.657919">
        <ele>2.949262</ele>
        <time>2026-10-07T07:01:18.832Z</time>
      </trkpt>
      <trkpt lat="51.590177" lon="3.647123">
        <ele>2.972643</ele>
        <time>2026-10-07T07:02:59.187Z</time>
      </trkpt>
      <trkpt lat="51.590137" lon="3.646053">
        <ele>3.159039</ele>
        <time>2026-10-07T07:03:09.153Z</time>
      </trkpt>
      <trkpt lat="51.590061" lon="3.644953">
        <ele>3.351495</ele>
        <time>2026-10-07T07:03:20.308Z</time>
      </trkpt>
      <trkpt lat="51.590034" lon="3.644654">
        <ele>3.404034</ele>
        <time>2026-10-07T07:03:23.530Z</time>
      </trkpt>
      <trkpt lat="51.589851" lon="3.643089">
        <ele>3.988375</ele>
        <time>2026-10-07T07:03:41.180Z</time>
      </trkpt>
      <trkpt lat="51.589600" lon="3.641552">
        <ele>4.526213</ele>
        <time>2026-10-07T07:03:58.174Z</time>
      </trkpt>
      <trkpt lat="51.589271" lon="3.639971">
        <ele>4.778973</ele>
        <time>2026-10-07T07:04:14.435Z</time>
      </trkpt>
      <trkpt lat="51.589048" lon="3.639015">
        <ele>4.921379</ele>
        <time>2026-10-07T07:04:24.188Z</time>
      </trkpt>
      <trkpt lat="51.588817" lon="3.638025">
        <ele>4.729797</ele>
        <time>2026-10-07T07:04:33.785Z</time>
      </trkpt>
      <trkpt lat="51.588769" lon="3.637829">
        <ele>4.691630</ele>
        <time>2026-10-07T07:04:35.618Z</time>
      </trkpt>
      <trkpt lat="51.588051" lon="3.635205">
        <ele>4.374900</ele>
        <time>2026-10-07T07:04:59.313Z</time>
      </trkpt>
      <trkpt lat="51.586942" lon="3.631293">
        <ele>4.829663</ele>
        <time>2026-10-07T07:05:42.226Z</time>
      </trkpt>
      <trkpt lat="51.586923" lon="3.631223">
        <ele>4.843649</ele>
        <time>2026-10-07T07:05:42.982Z</time>
      </trkpt>
      <trkpt lat="51.586004" lon="3.627877">
        <ele>5.131184</ele>
        <time>2026-10-07T07:06:17.549Z</time>
      </trkpt>
      <trkpt lat="51.585871" lon="3.627057">
        <ele>5.191211</ele>
        <time>2026-10-07T07:06:26.024Z</time>
      </trkpt>
      <trkpt lat="51.585802" lon="3.625995">
        <ele>5.266843</ele>
        <time>2026-10-07T07:06:36.637Z</time>
      </trkpt>
      <trkpt lat="51.585836" lon="3.625084">
        <ele>5.073325</ele>
        <time>2026-10-07T07:06:44.558Z</time>
      </trkpt>
      <trkpt lat="51.585896" lon="3.624377">
        <ele>4.795445</ele>
        <time>2026-10-07T07:06:50.049Z</time>
      </trkpt>
      <trkpt lat="51.585806" lon="3.624415">
        <ele>4.737128</ele>
        <time>2026-10-07T07:06:51.211Z</time>
      </trkpt>
      <trkpt lat="51.585361" lon="3.624808">
        <ele>4.418993</ele>
        <time>2026-10-07T07:06:57.628Z</time>
      </trkpt>
      <trkpt lat="51.585128" lon="3.624969">
        <ele>4.260070</ele>
        <time>2026-10-07T07:07:00.792Z</time>
      </trkpt>
      <trkpt lat="51.584718" lon="3.625252">
        <ele>4.004811</ele>
        <time>2026-10-07T07:07:06.535Z</time>
      </trkpt>
      <trkpt lat="51.584492" lon="3.625288">
        <ele>3.881306</ele>
        <time>2026-10-07T07:07:09.683Z</time>
      </trkpt>
      <trkpt lat="51.584351" lon="3.625246">
        <ele>3.803325</ele>
        <time>2026-10-07T07:07:11.686Z</time>
      </trkpt>
      <trkpt lat="51.583733" lon="3.625096">
        <ele>3.463441</ele>
        <time>2026-10-07T07:07:20.549Z</time>
      </trkpt>
      <trkpt lat="51.583554" lon="3.625183">
        <ele>3.361755</ele>
        <time>2026-10-07T07:07:22.994Z</time>
      </trkpt>
      <trkpt lat="51.582891" lon="3.624514">
        <ele>2.621133</ele>
        <time>2026-10-07T07:07:32.462Z</time>
      </trkpt>
      <trkpt lat="51.582644" lon="3.624310">
        <ele>2.279978</ele>
        <time>2026-10-07T07:07:35.676Z</time>
      </trkpt>
      <trkpt lat="51.581680" lon="3.623611">
        <ele>0.980707</ele>
        <time>2026-10-07T07:07:47.821Z</time>
      </trkpt>
      <trkpt lat="51.581209" lon="3.623330">
        <ele>0.823681</ele>
        <time>2026-10-07T07:07:54.198Z</time>
      </trkpt>
      <trkpt lat="51.581089" lon="3.623260">
        <ele>0.784658</ele>
        <time>2026-10-07T07:07:55.922Z</time>
      </trkpt>
      <trkpt lat="51.579479" lon="3.622318">
        <ele>0.383664</ele>
        <time>2026-10-07T07:08:22.019Z</time>
      </trkpt>
      <trkpt lat="51.577924" lon="3.621408">
        <ele>0.290115</ele>
        <time>2026-10-07T07:08:45.577Z</time>
      </trkpt>
      <trkpt lat="51.576840" lon="3.620770">
        <ele>0.305995</ele>
        <time>2026-10-07T07:09:02.666Z</time>
      </trkpt>
      <trkpt lat="51.575947" lon="3.620041">
        <ele>0.356718</ele>
        <time>2026-10-07T07:09:18.630Z</time>
      </trkpt>
      <trkpt lat="51.575605" lon="3.619815">
        <ele>0.379930</ele>
        <time>2026-10-07T07:09:24.322Z</time>
      </trkpt>
      <trkpt lat="51.575420" lon="3.619714">
        <ele>0.392195</ele>
        <time>2026-10-07T07:09:27.209Z</time>
      </trkpt>
      <trkpt lat="51.575199" lon="3.619609">
        <ele>0.406661</ele>
        <time>2026-10-07T07:09:30.486Z</time>
      </trkpt>
      <trkpt lat="51.575051" lon="3.619503">
        <ele>0.416832</ele>
        <time>2026-10-07T07:09:32.750Z</time>
      </trkpt>
      <trkpt lat="51.574886" lon="3.619182">
        <ele>0.391979</ele>
        <time>2026-10-07T07:09:36.280Z</time>
      </trkpt>
      <trkpt lat="51.574745" lon="3.619074">
        <ele>0.364331</ele>
        <time>2026-10-07T07:09:38.403Z</time>
      </trkpt>
      <trkpt lat="51.574284" lon="3.618966">
        <ele>0.281849</ele>
        <time>2026-10-07T07:09:44.726Z</time>
      </trkpt>
      <trkpt lat="51.573980" lon="3.618830">
        <ele>0.225983</ele>
        <time>2026-10-07T07:09:49.195Z</time>
      </trkpt>
      <trkpt lat="51.573936" lon="3.618898">
        <ele>0.215182</ele>
        <time>2026-10-07T07:09:50.073Z</time>
      </trkpt>
      <trkpt lat="51.573914" lon="3.618985">
        <ele>0.204846</ele>
        <time>2026-10-07T07:09:50.918Z</time>
      </trkpt>
      <trkpt lat="51.573893" lon="3.619039">
        <ele>0.197837</ele>
        <time>2026-10-07T07:09:51.494Z</time>
      </trkpt>
      <trkpt lat="51.573859" lon="3.619036">
        <ele>0.191808</ele>
        <time>2026-10-07T07:09:51.987Z</time>
      </trkpt>
      <trkpt lat="51.573722" lon="3.618860">
        <ele>0.160769</ele>
        <time>2026-10-07T07:09:54.556Z</time>
      </trkpt>
      <trkpt lat="51.572821" lon="3.617540">
        <ele>0.101940</ele>
        <time>2026-10-07T07:10:12.842Z</time>
      </trkpt>
      <trkpt lat="51.570167" lon="3.613640">
        <ele>0.054897</ele>
        <time>2026-10-07T07:11:05.858Z</time>
      </trkpt>
      <trkpt lat="51.570085" lon="3.613516">
        <ele>0.049221</ele>
        <time>2026-10-07T07:11:07.501Z</time>
      </trkpt>
      <trkpt lat="51.570033" lon="3.613382">
        <ele>0.044269</ele>
        <time>2026-10-07T07:11:08.946Z</time>
      </trkpt>
      <trkpt lat="51.569934" lon="3.613212">
        <ele>0.036966</ele>
        <time>2026-10-07T07:11:11.056Z</time>
      </trkpt>
      <trkpt lat="51.569694" lon="3.612935">
        <ele>0.022068</ele>
        <time>2026-10-07T07:11:15.360Z</time>
      </trkpt>
      <trkpt lat="51.569375" lon="3.612626">
        <ele>-0.002682</ele>
        <time>2026-10-07T07:11:20.782Z</time>
      </trkpt>
      <trkpt lat="51.568987" lon="3.612321">
        <ele>-0.046150</ele>
        <time>2026-10-07T07:11:27.076Z</time>
      </trkpt>
      <trkpt lat="51.567957" lon="3.611728">
        <ele>-0.156268</ele>
        <time>2026-10-07T07:11:42.801Z</time>
      </trkpt>
      <trkpt lat="51.566859" lon="3.611041">
        <ele>-0.148846</ele>
        <time>2026-10-07T07:12:00.003Z</time>
      </trkpt>
      <trkpt lat="51.566583" lon="3.610904">
        <ele>-0.142382</ele>
        <time>2026-10-07T07:12:04.395Z</time>
      </trkpt>
      <trkpt lat="51.566280" lon="3.610594">
        <ele>-0.134346</ele>
        <time>2026-10-07T07:12:09.899Z</time>
      </trkpt>
      <trkpt lat="51.566150" lon="3.610419">
        <ele>-0.129735</ele>
        <time>2026-10-07T07:12:12.516Z</time>
      </trkpt>
      <trkpt lat="51.565998" lon="3.610126">
        <ele>-0.119913</ele>
        <time>2026-10-07T07:12:16.196Z</time>
      </trkpt>
      <trkpt lat="51.565525" lon="3.609387">
        <ele>-0.092614</ele>
        <time>2026-10-07T07:12:26.415Z</time>
      </trkpt>
      <trkpt lat="51.564582" lon="3.607577">
        <ele>-0.089639</ele>
        <time>2026-10-07T07:12:47.847Z</time>
      </trkpt>
      <trkpt lat="51.564619" lon="3.607517">
        <ele>-0.092451</ele>
        <time>2026-10-07T07:12:49.800Z</time>
      </trkpt>
      <trkpt lat="51.564753" lon="3.607274">
        <ele>-0.103260</ele>
        <time>2026-10-07T07:12:53.781Z</time>
      </trkpt>
      <trkpt lat="51.565600" lon="3.604810">
        <ele>-0.174473</ele>
        <time>2026-10-07T07:13:28.793Z</time>
      </trkpt>
      <trkpt lat="51.566650" lon="3.602310">
        <ele>-0.171362</ele>
        <time>2026-10-07T07:14:06.513Z</time>
      </trkpt>
      <trkpt lat="51.566720" lon="3.602090">
        <ele>-0.166430</ele>
        <time>2026-10-07T07:14:09.651Z</time>
      </trkpt>
      <trkpt lat="51.566730" lon="3.601940">
        <ele>-0.163419</ele>
        <time>2026-10-07T07:14:11.573Z</time>
      </trkpt>
      <trkpt lat="51.566710" lon="3.601750">
        <ele>-0.159572</ele>
        <time>2026-10-07T07:14:14.028Z</time>
      </trkpt>
      <trkpt lat="51.566375" lon="3.600248">
        <ele>-0.116643</ele>
        <time>2026-10-07T07:14:34.432Z</time>
      </trkpt>
      <trkpt lat="51.565990" lon="3.598690">
        <ele>-0.057655</ele>
        <time>2026-10-07T07:14:55.857Z</time>
      </trkpt>
      <trkpt lat="51.565980" lon="3.598340">
        <ele>-0.045328</ele>
        <time>2026-10-07T07:15:00.286Z</time>
      </trkpt>
      <trkpt lat="51.566090" lon="3.596960">
        <ele>-0.091715</ele>
        <time>2026-10-07T07:15:17.688Z</time>
      </trkpt>
      <trkpt lat="51.566109" lon="3.594208">
        <ele>-0.128355</ele>
        <time>2026-10-07T07:15:51.607Z</time>
      </trkpt>
      <trkpt lat="51.566098" lon="3.593920">
        <ele>-0.120425</ele>
        <time>2026-10-07T07:15:55.196Z</time>
      </trkpt>
      <trkpt lat="51.565886" lon="3.592589">
        <ele>-0.082663</ele>
        <time>2026-10-07T07:16:12.880Z</time>
      </trkpt>
      <trkpt lat="51.565823" lon="3.591939">
        <ele>-0.061875</ele>
        <time>2026-10-07T07:16:21.495Z</time>
      </trkpt>
      <trkpt lat="51.565740" lon="3.591262">
        <ele>-0.039436</ele>
        <time>2026-10-07T07:16:30.392Z</time>
      </trkpt>
      <trkpt lat="51.565658" lon="3.590594">
        <ele>-0.017295</ele>
        <time>2026-10-07T07:16:39.086Z</time>
      </trkpt>
      <trkpt lat="51.565596" lon="3.590096">
        <ele>-0.000779</ele>
        <time>2026-10-07T07:16:45.595Z</time>
      </trkpt>
      <trkpt lat="51.565502" lon="3.589469">
        <ele>0.004627</ele>
        <time>2026-10-07T07:16:53.619Z</time>
      </trkpt>
      <trkpt lat="51.565412" lon="3.589155">
        <ele>-0.016107</ele>
        <time>2026-10-07T07:16:57.797Z</time>
      </trkpt>
      <trkpt lat="51.565215" lon="3.588677">
        <ele>-0.050497</ele>
        <time>2026-10-07T07:17:04.755Z</time>
      </trkpt>
      <trkpt lat="51.565548" lon="3.588371">
        <ele>-0.087490</ele>
        <time>2026-10-07T07:17:12.308Z</time>
      </trkpt>
      <trkpt lat="51.565770" lon="3.588300">
        <ele>-0.109323</ele>
        <time>2026-10-07T07:17:16.756Z</time>
      </trkpt>
      <trkpt lat="51.569500" lon="3.587400">
        <ele>-0.379533</ele>
        <time>2026-10-07T07:18:31.759Z</time>
      </trkpt>
      <trkpt lat="51.569610" lon="3.587300">
        <ele>-0.382510</ele>
        <time>2026-10-07T07:18:34.347Z</time>
      </trkpt>
      <trkpt lat="51.569650" lon="3.587130">
        <ele>-0.385172</ele>
        <time>2026-10-07T07:18:36.669Z</time>
      </trkpt>
      <trkpt lat="51.569732" lon="3.584975">
        <ele>-0.077446</ele>
        <time>2026-10-07T07:19:05.506Z</time>
      </trkpt>
      <trkpt lat="51.569665" lon="3.584554">
        <ele>-0.010068</ele>
        <time>2026-10-07T07:19:11.325Z</time>
      </trkpt>
      <trkpt lat="51.569495" lon="3.584205">
        <ele>0.058678</ele>
        <time>2026-10-07T07:19:17.178Z</time>
      </trkpt>
      <trkpt lat="51.568446" lon="3.581747">
        <ele>0.110696</ele>
        <time>2026-10-07T07:19:54.680Z</time>
      </trkpt>
      <trkpt lat="51.568213" lon="3.581301">
        <ele>0.138329</ele>
        <time>2026-10-07T07:20:01.961Z</time>
      </trkpt>
      <trkpt lat="51.566809" lon="3.579359">
        <ele>0.258713</ele>
        <time>2026-10-07T07:20:39.867Z</time>
      </trkpt>
      <trkpt lat="51.565390" lon="3.577403">
        <ele>0.249680</ele>
        <time>2026-10-07T07:21:18.012Z</time>
      </trkpt>
      <trkpt lat="51.565030" lon="3.577100">
        <ele>0.211094</ele>
        <time>2026-10-07T07:21:26.054Z</time>
      </trkpt>
      <trkpt lat="51.564700" lon="3.576900">
        <ele>0.177603</ele>
        <time>2026-10-07T07:21:32.943Z</time>
      </trkpt>
      <trkpt lat="51.563997" lon="3.576188">
        <ele>0.086874</ele>
        <time>2026-10-07T07:21:49.098Z</time>
      </trkpt>
      <trkpt lat="51.563837" lon="3.575954">
        <ele>0.058362</ele>
        <time>2026-10-07T07:21:53.313Z</time>
      </trkpt>
      <trkpt lat="51.563785" lon="3.575839">
        <ele>0.046706</ele>
        <time>2026-10-07T07:21:54.570Z</time>
      </trkpt>
      <trkpt lat="51.563747" lon="3.575761">
        <ele>0.038584</ele>
        <time>2026-10-07T07:21:55.442Z</time>
      </trkpt>
      <trkpt lat="51.562990" lon="3.576785">
        <ele>-0.091829</ele>
        <time>2026-10-07T07:22:09.737Z</time>
      </trkpt>
      <trkpt lat="51.560307" lon="3.580379">
        <ele>-0.379321</ele>
        <time>2026-10-07T07:23:00.462Z</time>
      </trkpt>
      <trkpt lat="51.560041" lon="3.580738">
        <ele>-0.407100</ele>
        <time>2026-10-07T07:23:05.533Z</time>
      </trkpt>
      <trkpt lat="51.559896" lon="3.580925">
        <ele>-0.424553</ele>
        <time>2026-10-07T07:23:08.250Z</time>
      </trkpt>
      <trkpt lat="51.559802" lon="3.581048">
        <ele>-0.435932</ele>
        <time>2026-10-07T07:23:10.018Z</time>
      </trkpt>
      <trkpt lat="51.559684" lon="3.581198">
        <ele>-0.450056</ele>
        <time>2026-10-07T07:23:12.208Z</time>
      </trkpt>
      <trkpt lat="51.559434" lon="3.580628">
        <ele>-0.490781</ele>
        <time>2026-10-07T07:23:18.520Z</time>
      </trkpt>
      <trkpt lat="51.558414" lon="3.577109">
        <ele>-0.660129</ele>
        <time>2026-10-07T07:23:53.464Z</time>
      </trkpt>
      <trkpt lat="51.557600" lon="3.574490">
        <ele>-0.712752</ele>
        <time>2026-10-07T07:24:20.562Z</time>
      </trkpt>
      <trkpt lat="51.556520" lon="3.571276">
        <ele>-1.152658</ele>
        <time>2026-10-07T07:24:51.802Z</time>
      </trkpt>
      <trkpt lat="51.556270" lon="3.570737">
        <ele>-1.050197</ele>
        <time>2026-10-07T07:24:58.179Z</time>
      </trkpt>
      <trkpt lat="51.556035" lon="3.570391">
        <ele>-0.972120</ele>
        <time>2026-10-07T07:25:03.387Z</time>
      </trkpt>
      <trkpt lat="51.555911" lon="3.570155">
        <ele>-0.925040</ele>
        <time>2026-10-07T07:25:06.611Z</time>
      </trkpt>
      <trkpt lat="51.555498" lon="3.569018">
        <ele>-0.724783</ele>
        <time>2026-10-07T07:25:20.639Z</time>
      </trkpt>
      <trkpt lat="51.554969" lon="3.567865">
        <ele>-0.507719</ele>
        <time>2026-10-07T07:25:35.196Z</time>
      </trkpt>
      <trkpt lat="51.554113" lon="3.566013">
        <ele>-0.427830</ele>
        <time>2026-10-07T07:26:03.727Z</time>
      </trkpt>
      <trkpt lat="51.553684" lon="3.565126">
        <ele>-0.493947</ele>
        <time>2026-10-07T07:26:17.592Z</time>
      </trkpt>
      <trkpt lat="51.553517" lon="3.564830">
        <ele>-0.517463</ele>
        <time>2026-10-07T07:26:22.551Z</time>
      </trkpt>
      <trkpt lat="51.551748" lon="3.563123">
        <ele>-0.855940</ele>
        <time>2026-10-07T07:27:02.963Z</time>
      </trkpt>
      <trkpt lat="51.551691" lon="3.563030">
        <ele>-0.866792</ele>
        <time>2026-10-07T07:27:04.491Z</time>
      </trkpt>
      <trkpt lat="51.551611" lon="3.562749">
        <ele>-0.892474</ele>
        <time>2026-10-07T07:27:08.089Z</time>
      </trkpt>
      <trkpt lat="51.551448" lon="3.561599">
        <ele>-0.990490</ele>
        <time>2026-10-07T07:27:22.136Z</time>
      </trkpt>
      <trkpt lat="51.551429" lon="3.561464">
        <ele>-1.001993</ele>
        <time>2026-10-07T07:27:23.773Z</time>
      </trkpt>
      <trkpt lat="51.550755" lon="3.556680">
        <ele>-0.719479</ele>
        <time>2026-10-07T07:28:28.467Z</time>
      </trkpt>
      <trkpt lat="51.550671" lon="3.552475">
        <ele>-1.156268</ele>
        <time>2026-10-07T07:29:18.763Z</time>
      </trkpt>
      <trkpt lat="51.550533" lon="3.548633">
        <ele>-1.526786</ele>
        <time>2026-10-07T07:30:05.837Z</time>
      </trkpt>
      <trkpt lat="51.550503" lon="3.548214">
        <ele>-1.581731</ele>
        <time>2026-10-07T07:30:11.031Z</time>
      </trkpt>
      <trkpt lat="51.550390" lon="3.547662">
        <ele>-1.657438</ele>
        <time>2026-10-07T07:30:18.099Z</time>
      </trkpt>
      <trkpt lat="51.549727" lon="3.545004">
        <ele>-1.878941</ele>
        <time>2026-10-07T07:30:52.377Z</time>
      </trkpt>
      <trkpt lat="51.549226" lon="3.542846">
        <ele>-1.745598</ele>
        <time>2026-10-07T07:31:22.606Z</time>
      </trkpt>
      <trkpt lat="51.548418" lon="3.540406">
        <ele>-1.364731</ele>
        <time>2026-10-07T07:31:59.487Z</time>
      </trkpt>
      <trkpt lat="51.548080" lon="3.539266">
        <ele>-1.315371</ele>
        <time>2026-10-07T07:32:15.371Z</time>
      </trkpt>
      <trkpt lat="51.546983" lon="3.535644">
        <ele>-1.521865</ele>
        <time>2026-10-07T07:33:04.562Z</time>
      </trkpt>
      <trkpt lat="51.546000" lon="3.532650">
        <ele>-1.378092</ele>
        <time>2026-10-07T07:33:48.010Z</time>
      </trkpt>
      <trkpt lat="51.545948" lon="3.532417">
        <ele>-1.357241</ele>
        <time>2026-10-07T07:33:51.223Z</time>
      </trkpt>
      <trkpt lat="51.545889" lon="3.531918">
        <ele>-1.314457</ele>
        <time>2026-10-07T07:33:57.799Z</time>
      </trkpt>
      <trkpt lat="51.545957" lon="3.529196">
        <ele>-1.316191</ele>
        <time>2026-10-07T07:34:32.885Z</time>
      </trkpt>
      <trkpt lat="51.545975" lon="3.528440">
        <ele>-1.374039</ele>
        <time>2026-10-07T07:34:41.847Z</time>
      </trkpt>
      <trkpt lat="51.545962" lon="3.528262">
        <ele>-1.387744</ele>
        <time>2026-10-07T07:34:43.940Z</time>
      </trkpt>
      <trkpt lat="51.545818" lon="3.527812">
        <ele>-1.426440</ele>
        <time>2026-10-07T07:34:49.875Z</time>
      </trkpt>
      <trkpt lat="51.545791" lon="3.527740">
        <ele>-1.436074</ele>
        <time>2026-10-07T07:34:50.875Z</time>
      </trkpt>
      <trkpt lat="51.545449" lon="3.528012">
        <ele>-1.510138</ele>
        <time>2026-10-07T07:34:56.002Z</time>
      </trkpt>
      <trkpt lat="51.543234" lon="3.529187">
        <ele>-1.823527</ele>
        <time>2026-10-07T07:35:29.495Z</time>
      </trkpt>
      <trkpt lat="51.543051" lon="3.529294">
        <ele>-1.833067</ele>
        <time>2026-10-07T07:35:32.453Z</time>
      </trkpt>
      <trkpt lat="51.542780" lon="3.529513">
        <ele>-1.847927</ele>
        <time>2026-10-07T07:35:37.079Z</time>
      </trkpt>
      <trkpt lat="51.538748" lon="3.533830">
        <ele>-1.614967</ele>
        <time>2026-10-07T07:36:50.235Z</time>
      </trkpt>
      <trkpt lat="51.538696" lon="3.533670">
        <ele>-1.619934</ele>
        <time>2026-10-07T07:36:51.899Z</time>
      </trkpt>
      <trkpt lat="51.538255" lon="3.531313">
        <ele>-1.794841</ele>
        <time>2026-10-07T07:37:13.522Z</time>
      </trkpt>
      <trkpt lat="51.538060" lon="3.530950">
        <ele>-1.850606</ele>
        <time>2026-10-07T07:37:17.730Z</time>
      </trkpt>
      <trkpt lat="51.537657" lon="3.530242">
        <ele>-1.962188</ele>
        <time>2026-10-07T07:37:26.085Z</time>
      </trkpt>
      <trkpt lat="51.537475" lon="3.529753">
        <ele>-1.951741</ele>
        <time>2026-10-07T07:37:31.160Z</time>
      </trkpt>
      <trkpt lat="51.537375" lon="3.529330">
        <ele>-1.897638</ele>
        <time>2026-10-07T07:37:35.467Z</time>
      </trkpt>
      <trkpt lat="51.537252" lon="3.528654">
        <ele>-1.813428</ele>
        <time>2026-10-07T07:37:42.252Z</time>
      </trkpt>
      <trkpt lat="51.537232" lon="3.528330">
        <ele>-1.774500</ele>
        <time>2026-10-07T07:37:45.365Z</time>
      </trkpt>
      <trkpt lat="51.537250" lon="3.526675">
        <ele>-1.559652</ele>
        <time>2026-10-07T07:38:02.310Z</time>
      </trkpt>
      <trkpt lat="51.537167" lon="3.525185">
        <ele>-1.336418</ele>
        <time>2026-10-07T07:38:17.221Z</time>
      </trkpt>
      <trkpt lat="51.537209" lon="3.525059">
        <ele>-1.315086</ele>
        <time>2026-10-07T07:38:18.593Z</time>
      </trkpt>
      <trkpt lat="51.537301" lon="3.524941">
        <ele>-1.286851</ele>
        <time>2026-10-07T07:38:20.404Z</time>
      </trkpt>
      <trkpt lat="51.537028" lon="3.524953">
        <ele>-1.221332</ele>
        <time>2026-10-07T07:38:26.005Z</time>
      </trkpt>
      <trkpt lat="51.535018" lon="3.524762">
        <ele>-1.194463</ele>
        <time>2026-10-07T07:39:06.804Z</time>
      </trkpt>
      <trkpt lat="51.534809" lon="3.524734">
        <ele>-1.188232</ele>
        <time>2026-10-07T07:39:11.011Z</time>
      </trkpt>
      <trkpt lat="51.534402" lon="3.524839">
        <ele>-1.175986</ele>
        <time>2026-10-07T07:39:19.255Z</time>
      </trkpt>
      <trkpt lat="51.532681" lon="3.525958">
        <ele>-1.102906</ele>
        <time>2026-10-07T07:39:57.230Z</time>
      </trkpt>
      <trkpt lat="51.532546" lon="3.526052">
        <ele>-1.095474</ele>
        <time>2026-10-07T07:40:00.267Z</time>
      </trkpt>
      <trkpt lat="51.532404" lon="3.526153">
        <ele>-1.087630</ele>
        <time>2026-10-07T07:40:03.470Z</time>
      </trkpt>
      <trkpt lat="51.529698" lon="3.528019">
        <ele>-0.822691</ele>
        <time>2026-10-07T07:41:03.605Z</time>
      </trkpt>
      <trkpt lat="51.528980" lon="3.528266">
        <ele>-0.674056</ele>
        <time>2026-10-07T07:41:19.461Z</time>
      </trkpt>
      <trkpt lat="51.528299" lon="3.528486">
        <ele>-0.558187</ele>
        <time>2026-10-07T07:41:34.067Z</time>
      </trkpt>
      <trkpt lat="51.528085" lon="3.528715">
        <ele>-0.551159</ele>
        <time>2026-10-07T07:41:38.095Z</time>
      </trkpt>
      <trkpt lat="51.527984" lon="3.528858">
        <ele>-0.547479</ele>
        <time>2026-10-07T07:41:40.189Z</time>
      </trkpt>
      <trkpt lat="51.527773" lon="3.528874">
        <ele>-0.541704</ele>
        <time>2026-10-07T07:41:43.474Z</time>
      </trkpt>
      <trkpt lat="51.527205" lon="3.528517">
        <ele>-0.525031</ele>
        <time>2026-10-07T07:41:52.593Z</time>
      </trkpt>
      <trkpt lat="51.526783" lon="3.528135">
        <ele>-0.518587</ele>
        <time>2026-10-07T07:41:59.428Z</time>
      </trkpt>
      <trkpt lat="51.526364" lon="3.527761">
        <ele>-0.587375</ele>
        <time>2026-10-07T07:42:06.019Z</time>
      </trkpt>
      <trkpt lat="51.526158" lon="3.527637">
        <ele>-0.618947</ele>
        <time>2026-10-07T07:42:09.048Z</time>
      </trkpt>
      <trkpt lat="51.525824" lon="3.527602">
        <ele>-0.666986</ele>
        <time>2026-10-07T07:42:13.702Z</time>
      </trkpt>
      <trkpt lat="51.525542" lon="3.527642">
        <ele>-0.707618</ele>
        <time>2026-10-07T07:42:17.656Z</time>
      </trkpt>
      <trkpt lat="51.524168" lon="3.527804">
        <ele>-0.551103</ele>
        <time>2026-10-07T07:42:39.270Z</time>
      </trkpt>
      <trkpt lat="51.523586" lon="3.527907">
        <ele>-0.413509</ele>
        <time>2026-10-07T07:42:49.065Z</time>
      </trkpt>
      <trkpt lat="51.523207" lon="3.528115">
        <ele>-0.379057</ele>
        <time>2026-10-07T07:42:55.253Z</time>
      </trkpt>
      <trkpt lat="51.522951" lon="3.528285">
        <ele>-0.448056</ele>
        <time>2026-10-07T07:42:59.177Z</time>
      </trkpt>
      <trkpt lat="51.522876" lon="3.528299">
        <ele>-0.466864</ele>
        <time>2026-10-07T07:43:00.230Z</time>
      </trkpt>
      <trkpt lat="51.522770" lon="3.528264">
        <ele>-0.493820</ele>
        <time>2026-10-07T07:43:01.736Z</time>
      </trkpt>
      <trkpt lat="51.522634" lon="3.528045">
        <ele>-0.541777</ele>
        <time>2026-10-07T07:43:04.328Z</time>
      </trkpt>
      <trkpt lat="51.522514" lon="3.527975">
        <ele>-0.573577</ele>
        <time>2026-10-07T07:43:06.046Z</time>
      </trkpt>
      <trkpt lat="51.522390" lon="3.527995">
        <ele>-0.604621</ele>
        <time>2026-10-07T07:43:07.713Z</time>
      </trkpt>
      <trkpt lat="51.521987" lon="3.528168">
        <ele>-0.708528</ele>
        <time>2026-10-07T07:43:13.343Z</time>
      </trkpt>
      <trkpt lat="51.521783" lon="3.528305">
        <ele>-0.763603</ele>
        <time>2026-10-07T07:43:16.326Z</time>
      </trkpt>
      <trkpt lat="51.521654" lon="3.528412">
        <ele>-0.796631</ele>
        <time>2026-10-07T07:43:18.286Z</time>
      </trkpt>
      <trkpt lat="51.521265" lon="3.528729">
        <ele>-0.804011</ele>
        <time>2026-10-07T07:43:24.234Z</time>
      </trkpt>
      <trkpt lat="51.520783" lon="3.529129">
        <ele>-0.813191</ele>
        <time>2026-10-07T07:43:32.233Z</time>
      </trkpt>
      <trkpt lat="51.520651" lon="3.529280">
        <ele>-0.815932</ele>
        <time>2026-10-07T07:43:34.726Z</time>
      </trkpt>
      <trkpt lat="51.520535" lon="3.529508">
        <ele>-0.819033</ele>
        <time>2026-10-07T07:43:37.592Z</time>
      </trkpt>
      <trkpt lat="51.518727" lon="3.527418">
        <ele>-0.496401</ele>
        <time>2026-10-07T07:44:24.154Z</time>
      </trkpt>
      <trkpt lat="51.516256" lon="3.524494">
        <ele>-0.059666</ele>
        <time>2026-10-07T07:45:28.688Z</time>
      </trkpt>
      <trkpt lat="51.516008" lon="3.524065">
        <ele>-0.035444</ele>
        <time>2026-10-07T07:45:35.909Z</time>
      </trkpt>
      <trkpt lat="51.515863" lon="3.523736">
        <ele>-0.032326</ele>
        <time>2026-10-07T07:45:40.837Z</time>
      </trkpt>
      <trkpt lat="51.515661" lon="3.523080">
        <ele>-0.116716</ele>
        <time>2026-10-07T07:45:49.643Z</time>
      </trkpt>
      <trkpt lat="51.515198" lon="3.521329">
        <ele>-0.336075</ele>
        <time>2026-10-07T07:46:12.525Z</time>
      </trkpt>
      <trkpt lat="51.515037" lon="3.520815">
        <ele>-0.344801</ele>
        <time>2026-10-07T07:46:19.614Z</time>
      </trkpt>
      <trkpt lat="51.514949" lon="3.520431">
        <ele>-0.333921</ele>
        <time>2026-10-07T07:46:24.705Z</time>
      </trkpt>
      <trkpt lat="51.514732" lon="3.518854">
        <ele>-0.290983</ele>
        <time>2026-10-07T07:46:45.232Z</time>
      </trkpt>
      <trkpt lat="51.514660" lon="3.518181">
        <ele>-0.232449</ele>
        <time>2026-10-07T07:46:54.235Z</time>
      </trkpt>
      <trkpt lat="51.514513" lon="3.517052">
        <ele>0.007046</ele>
        <time>2026-10-07T07:47:09.839Z</time>
      </trkpt>
      <trkpt lat="51.514476" lon="3.516540">
        <ele>0.114070</ele>
        <time>2026-10-07T07:47:16.879Z</time>
      </trkpt>
      <trkpt lat="51.514481" lon="3.516277">
        <ele>0.168703</ele>
        <time>2026-10-07T07:47:20.471Z</time>
      </trkpt>
      <trkpt lat="51.514477" lon="3.515748">
        <ele>0.278550</ele>
        <time>2026-10-07T07:47:27.654Z</time>
      </trkpt>
      <trkpt lat="51.514480" lon="3.515652">
        <ele>0.298508</ele>
        <time>2026-10-07T07:47:28.940Z</time>
      </trkpt>
      <trkpt lat="51.514500" lon="3.515248">
        <ele>0.320572</ele>
        <time>2026-10-07T07:47:34.359Z</time>
      </trkpt>
      <trkpt lat="51.514527" lon="3.514974">
        <ele>0.319835</ele>
        <time>2026-10-07T07:47:37.998Z</time>
      </trkpt>
      <trkpt lat="51.514551" lon="3.514699">
        <ele>0.319098</ele>
        <time>2026-10-07T07:47:41.581Z</time>
      </trkpt>
      <trkpt lat="51.514540" lon="3.514322">
        <ele>0.318095</ele>
        <time>2026-10-07T07:47:46.363Z</time>
      </trkpt>
      <trkpt lat="51.514528" lon="3.514257">
        <ele>0.317915</ele>
        <time>2026-10-07T07:47:47.222Z</time>
      </trkpt>
      <trkpt lat="51.514475" lon="3.514014">
        <ele>0.317231</ele>
        <time>2026-10-07T07:47:50.377Z</time>
      </trkpt>
      <trkpt lat="51.514314" lon="3.513644">
        <ele>0.316032</ele>
        <time>2026-10-07T07:47:55.871Z</time>
      </trkpt>
      <trkpt lat="51.513968" lon="3.513123">
        <ele>0.314008</ele>
        <time>2026-10-07T07:48:05.185Z</time>
      </trkpt>
      <trkpt lat="51.513677" lon="3.512694">
        <ele>0.275853</ele>
        <time>2026-10-07T07:48:12.874Z</time>
      </trkpt>
      <trkpt lat="51.513224" lon="3.512018">
        <ele>0.202293</ele>
        <time>2026-10-07T07:48:24.815Z</time>
      </trkpt>
      <trkpt lat="51.512883" lon="3.511335">
        <ele>0.137453</ele>
        <time>2026-10-07T07:48:35.897Z</time>
      </trkpt>
      <trkpt lat="51.512862" lon="3.511322">
        <ele>0.134775</ele>
        <time>2026-10-07T07:48:36.353Z</time>
      </trkpt>
      <trkpt lat="51.512868" lon="3.511163">
        <ele>0.122979</ele>
        <time>2026-10-07T07:48:38.404Z</time>
      </trkpt>
      <trkpt lat="51.512858" lon="3.511118">
        <ele>0.119441</ele>
        <time>2026-10-07T07:48:39.025Z</time>
      </trkpt>
      <trkpt lat="51.512830" lon="3.511027">
        <ele>0.111924</ele>
        <time>2026-10-07T07:48:40.294Z</time>
      </trkpt>
      <trkpt lat="51.512812" lon="3.510996">
        <ele>0.108784</ele>
        <time>2026-10-07T07:48:40.816Z</time>
      </trkpt>
      <trkpt lat="51.512695" lon="3.510888">
        <ele>0.095420</ele>
        <time>2026-10-07T07:48:43.548Z</time>
      </trkpt>
      <trkpt lat="51.512424" lon="3.510198">
        <ele>0.058453</ele>
        <time>2026-10-07T07:48:53.574Z</time>
      </trkpt>
      <trkpt lat="51.512295" lon="3.509878">
        <ele>0.041178</ele>
        <time>2026-10-07T07:48:58.260Z</time>
      </trkpt>
      <trkpt lat="51.511989" lon="3.509128">
        <ele>0.000545</ele>
        <time>2026-10-07T07:49:09.497Z</time>
      </trkpt>
      <trkpt lat="51.511710" lon="3.508441">
        <ele>-0.040436</ele>
        <time>2026-10-07T07:49:19.568Z</time>
      </trkpt>
      <trkpt lat="51.511655" lon="3.508211">
        <ele>-0.059570</ele>
        <time>2026-10-07T07:49:22.538Z</time>
      </trkpt>
      <trkpt lat="51.511514" lon="3.507871">
        <ele>-0.091299</ele>
        <time>2026-10-07T07:49:27.520Z</time>
      </trkpt>
      <trkpt lat="51.511334" lon="3.507429">
        <ele>-0.132320</ele>
        <time>2026-10-07T07:49:34.071Z</time>
      </trkpt>
      <trkpt lat="51.510861" lon="3.506288">
        <ele>-0.238786</ele>
        <time>2026-10-07T07:49:50.986Z</time>
      </trkpt>
      <trkpt lat="51.508065" lon="3.500862">
        <ele>-1.138285</ele>
        <time>2026-10-07T07:50:52.236Z</time>
      </trkpt>
      <trkpt lat="51.507703" lon="3.500319">
        <ele>-1.142837</ele>
        <time>2026-10-07T07:50:59.549Z</time>
      </trkpt>
      <trkpt lat="51.507368" lon="3.499993">
        <ele>-1.146436</ele>
        <time>2026-10-07T07:51:05.559Z</time>
      </trkpt>
      <trkpt lat="51.507050" lon="3.499738">
        <ele>-1.147717</ele>
        <time>2026-10-07T07:51:11.168Z</time>
      </trkpt>
      <trkpt lat="51.506271" lon="3.499199">
        <ele>-1.137781</ele>
        <time>2026-10-07T07:51:24.369Z</time>
      </trkpt>
      <trkpt lat="51.506136" lon="3.499189">
        <ele>-1.136198</ele>
        <time>2026-10-07T07:51:26.425Z</time>
      </trkpt>
      <trkpt lat="51.505692" lon="3.498906">
        <ele>-1.130602</ele>
        <time>2026-10-07T07:51:33.653Z</time>
      </trkpt>
      <trkpt lat="51.505512" lon="3.498781">
        <ele>-1.128305</ele>
        <time>2026-10-07T07:51:36.485Z</time>
      </trkpt>
      <trkpt lat="51.505360" lon="3.498775">
        <ele>-1.193779</ele>
        <time>2026-10-07T07:51:38.620Z</time>
      </trkpt>
      <trkpt lat="51.505305" lon="3.498774">
        <ele>-1.228213</ele>
        <time>2026-10-07T07:51:39.378Z</time>
      </trkpt>
      <trkpt lat="51.505195" lon="3.498776">
        <ele>-1.297082</ele>
        <time>2026-10-07T07:51:40.876Z</time>
      </trkpt>
      <trkpt lat="51.505089" lon="3.499252">
        <ele>-1.494081</ele>
        <time>2026-10-07T07:51:44.730Z</time>
      </trkpt>
      <trkpt lat="51.504962" lon="3.499644">
        <ele>-1.666286</ele>
        <time>2026-10-07T07:51:48.022Z</time>
      </trkpt>
      <trkpt lat="51.504775" lon="3.499993">
        <ele>-1.845731</ele>
        <time>2026-10-07T07:51:51.571Z</time>
      </trkpt>
      <trkpt lat="51.504744" lon="3.499952">
        <ele>-1.870869</ele>
        <time>2026-10-07T07:51:52.080Z</time>
      </trkpt>
      <trkpt lat="51.504620" lon="3.499797">
        <ele>-1.969227</ele>
        <time>2026-10-07T07:51:54.088Z</time>
      </trkpt>
      <trkpt lat="51.504499" lon="3.499672">
        <ele>-2.059288</ele>
        <time>2026-10-07T07:51:55.941Z</time>
      </trkpt>
      <trkpt lat="51.504365" lon="3.499598">
        <ele>-2.147995</ele>
        <time>2026-10-07T07:51:57.785Z</time>
      </trkpt>
      <trkpt lat="51.503423" lon="3.499497">
        <ele>-2.118024</ele>
        <time>2026-10-07T07:52:10.931Z</time>
      </trkpt>
      <trkpt lat="51.503310" lon="3.499423">
        <ele>-2.096651</ele>
        <time>2026-10-07T07:52:12.954Z</time>
      </trkpt>
      <trkpt lat="51.502539" lon="3.498131">
        <ele>-1.892033</ele>
        <time>2026-10-07T07:52:32.396Z</time>
      </trkpt>
      <trkpt lat="51.502169" lon="3.497576">
        <ele>-1.780777</ele>
        <time>2026-10-07T07:52:40.212Z</time>
      </trkpt>
      <trkpt lat="51.502103" lon="3.497533">
        <ele>-1.765124</ele>
        <time>2026-10-07T07:52:41.300Z</time>
      </trkpt>
      <trkpt lat="51.502026" lon="3.497601">
        <ele>-1.745813</ele>
        <time>2026-10-07T07:52:42.600Z</time>
      </trkpt>
      <trkpt lat="51.501475" lon="3.498529">
        <ele>-1.570360</ele>
        <time>2026-10-07T07:52:54.315Z</time>
      </trkpt>
      <trkpt lat="51.500973" lon="3.499308">
        <ele>-1.017359</ele>
        <time>2026-10-07T07:53:05.589Z</time>
      </trkpt>
      <trkpt lat="51.500636" lon="3.499572">
        <ele>-0.674642</ele>
        <time>2026-10-07T07:53:12.457Z</time>
      </trkpt>
      <trkpt lat="51.500496" lon="3.499286">
        <ele>-0.467616</ele>
        <time>2026-10-07T07:53:16.954Z</time>
      </trkpt>
      <trkpt lat="51.499970" lon="3.498510">
        <ele>0.300616</ele>
        <time>2026-10-07T07:53:35.389Z</time>
      </trkpt>
      <trkpt lat="51.499859" lon="3.498301">
        <ele>0.670366</ele>
        <time>2026-10-07T07:53:39.820Z</time>
      </trkpt>
      <trkpt lat="51.499813" lon="3.498152">
        <ele>0.894209</ele>
        <time>2026-10-07T07:53:42.571Z</time>
      </trkpt>
      <trkpt lat="51.499717" lon="3.498074">
        <ele>1.126799</ele>
        <time>2026-10-07T07:53:44.906Z</time>
      </trkpt>
      <trkpt lat="51.499637" lon="3.497911">
        <ele>1.406160</ele>
        <time>2026-10-07T07:53:47.735Z</time>
      </trkpt>
      <trkpt lat="51.499500" lon="3.497318">
        <ele>2.257462</ele>
        <time>2026-10-07T07:53:56.533Z</time>
      </trkpt>
      <trkpt lat="51.499294" lon="3.497311">
        <ele>2.702933</ele>
        <time>2026-10-07T07:54:02.514Z</time>
      </trkpt>
      <trkpt lat="51.499202" lon="3.497269">
        <ele>2.909714</ele>
        <time>2026-10-07T07:54:05.425Z</time>
      </trkpt>
      <trkpt lat="51.498578" lon="3.496304">
        <ele>4.982839</ele>
        <time>2026-10-07T07:54:33.401Z</time>
      </trkpt>
      <trkpt lat="51.498351" lon="3.495977">
        <ele>5.808659</ele>
        <time>2026-10-07T07:54:44.246Z</time>
      </trkpt>
      <trkpt lat="51.498590" lon="3.494161">
        <ele>8.850431</ele>
        <time>2026-10-07T07:55:20.573Z</time>
      </trkpt>
      <trkpt lat="51.498604" lon="3.493870">
        <ele>8.784766</ele>
        <time>2026-10-07T07:55:24.962Z</time>
      </trkpt>
      <trkpt lat="51.498623" lon="3.493037">
        <ele>8.597230</ele>
        <time>2026-10-07T07:55:36.071Z</time>
      </trkpt>
      <trkpt lat="51.498681" lon="3.492207">
        <ele>8.409323</ele>
        <time>2026-10-07T07:55:44.819Z</time>
      </trkpt>
      <trkpt lat="51.498722" lon="3.491483">
        <ele>8.245763</ele>
        <time>2026-10-07T07:55:52.166Z</time>
      </trkpt>
      <trkpt lat="51.498815" lon="3.490453">
        <ele>7.492251</ele>
        <time>2026-10-07T07:56:02.751Z</time>
      </trkpt>
      <trkpt lat="51.498831" lon="3.490006">
        <ele>7.128806</ele>
        <time>2026-10-07T07:56:07.316Z</time>
      </trkpt>
      <trkpt lat="51.498830" lon="3.489878">
        <ele>7.024895</ele>
        <time>2026-10-07T07:56:08.604Z</time>
      </trkpt>
      <trkpt lat="51.498798" lon="3.489696">
        <ele>6.871380</ele>
        <time>2026-10-07T07:56:10.526Z</time>
      </trkpt>
      <trkpt lat="51.498851" lon="3.489138">
        <ele>6.413190</ele>
        <time>2026-10-07T07:56:16.400Z</time>
      </trkpt>
      <trkpt lat="51.498921" lon="3.488689">
        <ele>6.037466</ele>
        <time>2026-10-07T07:56:21.514Z</time>
      </trkpt>
      <trkpt lat="51.499010" lon="3.488412">
        <ele>5.825342</ele>
        <time>2026-10-07T07:56:25.095Z</time>
      </trkpt>
      <trkpt lat="51.499251" lon="3.487784">
        <ele>5.528892</ele>
        <time>2026-10-07T07:56:33.331Z</time>
      </trkpt>
      <trkpt lat="51.499267" lon="3.487742">
        <ele>5.509106</ele>
        <time>2026-10-07T07:56:33.878Z</time>
      </trkpt>
      <trkpt lat="51.499562" lon="3.486911">
        <ele>5.124704</ele>
        <time>2026-10-07T07:56:44.675Z</time>
      </trkpt>
      <trkpt lat="51.499787" lon="3.486242">
        <ele>4.819155</ele>
        <time>2026-10-07T07:56:53.472Z</time>
      </trkpt>
      <trkpt lat="51.499949" lon="3.485671">
        <ele>4.704434</ele>
        <time>2026-10-07T07:57:00.729Z</time>
      </trkpt>
      <trkpt lat="51.499987" lon="3.485606">
        <ele>4.704434</ele>
        <time>2026-10-07T07:57:01.753Z</time>
      </trkpt>
      <trkpt lat="51.499970" lon="3.485284">
        <ele>4.704434</ele>
        <time>2026-10-07T07:57:05.440Z</time>
      </trkpt>
      <trkpt lat="51.499966" lon="3.485209">
        <ele>4.704434</ele>
        <time>2026-10-07T07:57:06.291Z</time>
      </trkpt>
      <trkpt lat="51.499966" lon="3.484005">
        <ele>4.704434</ele>
        <time>2026-10-07T07:57:20.592Z</time>
      </trkpt>
      <trkpt lat="51.500004" lon="3.483341">
        <ele>4.704434</ele>
        <time>2026-10-07T07:57:28.609Z</time>
      </trkpt>
      <trkpt lat="51.500094" lon="3.482993">
        <ele>4.704434</ele>
        <time>2026-10-07T07:57:33.160Z</time>
      </trkpt>
      <trkpt lat="51.500121" lon="3.482898">
        <ele>4.704434</ele>
        <time>2026-10-07T07:57:34.414Z</time>
      </trkpt>
      <trkpt lat="51.500332" lon="3.482205">
        <ele>4.704434</ele>
        <time>2026-10-07T07:57:43.827Z</time>
      </trkpt>
    </trkseg>
  </trk>
</gpx>